model,arm,signal,map,fit,scheme,bin,n,weight,conf_lo,conf_hi,mean_conf,empirical_rate,gap
Gemma-4-31B-it,h7_twin_redacted,A_cosine_to_real,isotonic,held_out_crossfit,equal_width,0,2,0.018691588785046728,0.0,0.0,0.0,0.5,0.5
Gemma-4-31B-it,h7_twin_redacted,A_cosine_to_real,isotonic,held_out_crossfit,equal_width,2,5,0.04672897196261682,0.25,0.25,0.25,0.6,0.35
Gemma-4-31B-it,h7_twin_redacted,A_cosine_to_real,isotonic,held_out_crossfit,equal_width,4,3,0.028037383177570093,0.42857142857142855,0.42857142857142855,0.42857142857142855,0.3333333333333333,-0.09523809523809523
Gemma-4-31B-it,h7_twin_redacted,A_cosine_to_real,isotonic,held_out_crossfit,equal_width,5,18,0.16822429906542055,0.5333333333333333,0.6,0.5407407407407407,0.7222222222222222,0.18148148148148147
Gemma-4-31B-it,h7_twin_redacted,A_cosine_to_real,isotonic,held_out_crossfit,equal_width,7,70,0.6542056074766355,0.7272727272727273,0.7777777777777778,0.7561327561327562,0.7142857142857143,-0.04184704184704191
Gemma-4-31B-it,h7_twin_redacted,A_cosine_to_real,isotonic,held_out_crossfit,equal_width,8,7,0.06542056074766354,0.8181818181818182,0.8571428571428571,0.8404452690166976,0.8571428571428571,0.016697588126159513
Gemma-4-31B-it,h7_twin_redacted,A_cosine_to_real,isotonic,held_out_crossfit,equal_width,9,2,0.018691588785046728,1.0,1.0,1.0,0.0,-1.0
Gemma-4-31B-it,h7_twin_redacted,A_cosine_to_real,isotonic,held_out_crossfit,equal_mass,0,11,0.102803738317757,0.0,0.5333333333333333,0.279004329004329,0.5454545454545454,0.26645021645021644
Gemma-4-31B-it,h7_twin_redacted,A_cosine_to_real,isotonic,held_out_crossfit,equal_mass,1,11,0.102803738317757,0.5333333333333333,0.5333333333333333,0.5333333333333333,0.7272727272727273,0.19393939393939397
Gemma-4-31B-it,h7_twin_redacted,A_cosine_to_real,isotonic,held_out_crossfit,equal_mass,2,11,0.102803738317757,0.5333333333333333,0.7272727272727273,0.6336088154269972,0.6363636363636364,0.0027548209366391463
Gemma-4-31B-it,h7_twin_redacted,A_cosine_to_real,isotonic,held_out_crossfit,equal_mass,3,11,0.102803738317757,0.7272727272727273,0.7272727272727273,0.7272727272727273,0.7272727272727273,0.0
Gemma-4-31B-it,h7_twin_redacted,A_cosine_to_real,isotonic,held_out_crossfit,equal_mass,4,11,0.102803738317757,0.7272727272727273,0.7272727272727273,0.7272727272727273,0.5454545454545454,-0.18181818181818188
Gemma-4-31B-it,h7_twin_redacted,A_cosine_to_real,isotonic,held_out_crossfit,equal_mass,5,11,0.102803738317757,0.7272727272727273,0.7777777777777778,0.7640036730945823,0.8181818181818182,0.05417814508723595
Gemma-4-31B-it,h7_twin_redacted,A_cosine_to_real,isotonic,held_out_crossfit,equal_mass,6,11,0.102803738317757,0.7777777777777778,0.7777777777777778,0.7777777777777778,0.7272727272727273,-0.0505050505050505
Gemma-4-31B-it,h7_twin_redacted,A_cosine_to_real,isotonic,held_out_crossfit,equal_mass,7,10,0.09345794392523364,0.7777777777777778,0.7777777777777778,0.7777777777777778,0.9,0.12222222222222223
Gemma-4-31B-it,h7_twin_redacted,A_cosine_to_real,isotonic,held_out_crossfit,equal_mass,8,10,0.09345794392523364,0.7777777777777778,0.7777777777777778,0.7777777777777778,0.7,-0.07777777777777783
Gemma-4-31B-it,h7_twin_redacted,A_cosine_to_real,isotonic,held_out_crossfit,equal_mass,9,10,0.09345794392523364,0.7777777777777778,1.0,0.866089466089466,0.6,-0.26608946608946604
Gemma-4-31B-it,h7_twin_redacted,A_cosine_to_real,isotonic,naive_full_sample,equal_width,0,1,0.009345794392523364,0.0,0.0,0.0,0.0,0.0
Gemma-4-31B-it,h7_twin_redacted,A_cosine_to_real,isotonic,naive_full_sample,equal_width,4,12,0.11214953271028037,0.4,0.42857142857142855,0.4166666666666667,0.4166666666666667,0.0
Gemma-4-31B-it,h7_twin_redacted,A_cosine_to_real,isotonic,naive_full_sample,equal_width,6,42,0.3925233644859813,0.6363636363636364,0.6774193548387096,0.6666666666666666,0.6666666666666666,0.0
Gemma-4-31B-it,h7_twin_redacted,A_cosine_to_real,isotonic,naive_full_sample,equal_width,7,49,0.45794392523364486,0.75,0.7878787878787878,0.7755102040816326,0.7755102040816326,0.0
Gemma-4-31B-it,h7_twin_redacted,A_cosine_to_real,isotonic,naive_full_sample,equal_width,9,3,0.028037383177570093,1.0,1.0,1.0,1.0,0.0
Gemma-4-31B-it,h7_twin_redacted,A_cosine_to_real,isotonic,naive_full_sample,equal_mass,0,11,0.102803738317757,0.0,0.42857142857142855,0.3766233766233766,0.36363636363636365,-0.012987012987012936
Gemma-4-31B-it,h7_twin_redacted,A_cosine_to_real,isotonic,naive_full_sample,equal_mass,1,11,0.102803738317757,0.42857142857142855,0.6363636363636364,0.5985832349468714,0.6363636363636364,0.037780401416764975
Gemma-4-31B-it,h7_twin_redacted,A_cosine_to_real,isotonic,naive_full_sample,equal_mass,2,11,0.102803738317757,0.6363636363636364,0.6774193548387096,0.6699546787523327,0.6363636363636364,-0.03359104238869637
Gemma-4-31B-it,h7_twin_redacted,A_cosine_to_real,isotonic,naive_full_sample,equal_mass,3,11,0.102803738317757,0.6774193548387096,0.6774193548387096,0.6774193548387097,0.8181818181818182,0.1407624633431085
Gemma-4-31B-it,h7_twin_redacted,A_cosine_to_real,isotonic,naive_full_sample,equal_mass,4,11,0.102803738317757,0.6774193548387096,0.6774193548387096,0.6774193548387097,0.5454545454545454,-0.13196480938416433
Gemma-4-31B-it,h7_twin_redacted,A_cosine_to_real,isotonic,naive_full_sample,equal_mass,5,11,0.102803738317757,0.75,0.75,0.75,0.8181818181818182,0.06818181818181823
Gemma-4-31B-it,h7_twin_redacted,A_cosine_to_real,isotonic,naive_full_sample,equal_mass,6,11,0.102803738317757,0.75,0.7878787878787878,0.7706611570247933,0.8181818181818182,0.04752066115702491
Gemma-4-31B-it,h7_twin_redacted,A_cosine_to_real,isotonic,naive_full_sample,equal_mass,7,10,0.09345794392523364,0.7878787878787878,0.7878787878787878,0.7878787878787878,0.6,-0.18787878787878787
Gemma-4-31B-it,h7_twin_redacted,A_cosine_to_real,isotonic,naive_full_sample,equal_mass,8,10,0.09345794392523364,0.7878787878787878,0.7878787878787878,0.7878787878787878,0.9,0.11212121212121218
Gemma-4-31B-it,h7_twin_redacted,A_cosine_to_real,isotonic,naive_full_sample,equal_mass,9,10,0.09345794392523364,0.7878787878787878,1.0,0.8515151515151516,0.8,-0.051515151515151514
Gemma-4-31B-it,h7_twin_redacted,A_cosine_to_real,platt,held_out_crossfit,equal_width,4,2,0.018691588785046728,0.46367038404707517,0.49616125489429097,0.47991581947068307,0.5,0.02008418052931693
Gemma-4-31B-it,h7_twin_redacted,A_cosine_to_real,platt,held_out_crossfit,equal_width,5,13,0.12149532710280374,0.5241178722891874,0.5981842444307582,0.5718022644733203,0.46153846153846156,-0.11026380293485871
Gemma-4-31B-it,h7_twin_redacted,A_cosine_to_real,platt,held_out_crossfit,equal_width,6,49,0.45794392523364486,0.6040534743123898,0.6982166012186362,0.6586254936433068,0.673469387755102,0.014843894111795208
Gemma-4-31B-it,h7_twin_redacted,A_cosine_to_real,platt,held_out_crossfit,equal_width,7,37,0.34579439252336447,0.7015559771731813,0.7972340251925298,0.7297355291258547,0.8378378378378378,0.10810230871198312
Gemma-4-31B-it,h7_twin_redacted,A_cosine_to_real,platt,held_out_crossfit,equal_width,8,6,0.056074766355140186,0.8233901616576709,0.8501727118135932,0.8351435382891405,0.5,-0.33514353828914045
Gemma-4-31B-it,h7_twin_redacted,A_cosine_to_real,platt,held_out_crossfit,equal_mass,0,11,0.102803738317757,0.46367038404707517,0.5895109807990387,0.5467179310650084,0.45454545454545453,-0.0921724765195539
Gemma-4-31B-it,h7_twin_redacted,A_cosine_to_real,platt,held_out_crossfit,equal_mass,1,11,0.102803738317757,0.5921472749819296,0.6192036504700411,0.6055657843096024,0.6363636363636364,0.03079785205403396
Gemma-4-31B-it,h7_twin_redacted,A_cosine_to_real,platt,held_out_crossfit,equal_mass,2,11,0.102803738317757,0.6221161373664013,0.6507696031560016,0.6342907084065454,0.7272727272727273,0.09298201886618185
Gemma-4-31B-it,h7_twin_redacted,A_cosine_to_real,platt,held_out_crossfit,equal_mass,3,11,0.102803738317757,0.6535632105441992,0.6697669362713113,0.6620277339875064,0.6363636363636364,-0.025664097623870008
Gemma-4-31B-it,h7_twin_redacted,A_cosine_to_real,platt,held_out_crossfit,equal_mass,4,11,0.102803738317757,0.6709832828406644,0.6892374803446681,0.6800780786833388,0.5454545454545454,-0.1346235332287934
Gemma-4-31B-it,h7_twin_redacted,A_cosine_to_real,platt,held_out_crossfit,equal_mass,5,11,0.102803738317757,0.6897652355715108,0.7025457686758234,0.6958663100448679,0.8181818181818182,0.12231550813695036
Gemma-4-31B-it,h7_twin_redacted,A_cosine_to_real,platt,held_out_crossfit,equal_mass,6,11,0.102803738317757,0.7028675943138897,0.7158334518350747,0.7094747187956459,0.8181818181818182,0.10870709938617229
Gemma-4-31B-it,h7_twin_redacted,A_cosine_to_real,platt,held_out_crossfit,equal_mass,7,10,0.09345794392523364,0.7165619991242415,0.7321886464785354,0.7240787231076656,0.7,-0.024078723107665678
Gemma-4-31B-it,h7_twin_redacted,A_cosine_to_real,platt,held_out_crossfit,equal_mass,8,10,0.09345794392523364,0.736024744121183,0.7568048678876513,0.7425017255813724,0.9,0.15749827441862763
Gemma-4-31B-it,h7_twin_redacted,A_cosine_to_real,platt,held_out_crossfit,equal_mass,9,10,0.09345794392523364,0.7672262307327816,0.8501727118135932,0.8136947667899973,0.7,-0.11369476678999735
Gemma-4-31B-it,h7_twin_redacted,A_cosine_to_real,platt,naive_full_sample,equal_width,4,2,0.018691588785046728,0.4596495916810222,0.47695108595958297,0.4683003388203026,0.5,0.031699661179697414
Gemma-4-31B-it,h7_twin_redacted,A_cosine_to_real,platt,naive_full_sample,equal_width,5,14,0.1308411214953271,0.5043586963565412,0.5956752221593815,0.5607468337822324,0.5,-0.060746833782232446
Gemma-4-31B-it,h7_twin_redacted,A_cosine_to_real,platt,naive_full_sample,equal_width,6,36,0.3364485981308411,0.6031134183705108,0.6985085356188516,0.6573866470718746,0.6666666666666666,0.009280019594792077
Gemma-4-31B-it,h7_twin_redacted,A_cosine_to_real,platt,naive_full_sample,equal_width,7,47,0.4392523364485981,0.7024380288570866,0.799169670280064,0.7442110903044706,0.7872340425531915,0.04302295224872088
Gemma-4-31B-it,h7_twin_redacted,A_cosine_to_real,platt,naive_full_sample,equal_width,8,8,0.07476635514018691,0.800897693622911,0.8569468255254717,0.8172845053551717,0.625,-0.19228450535517172
Gemma-4-31B-it,h7_twin_redacted,A_cosine_to_real,platt,naive_full_sample,equal_mass,0,11,0.102803738317757,0.4596495916810222,0.5770883698904009,0.5313446754966115,0.45454545454545453,-0.07679922095115693
Gemma-4-31B-it,h7_twin_redacted,A_cosine_to_real,platt,naive_full_sample,equal_mass,1,11,0.102803738317757,0.5818203220827516,0.6193547820371077,0.6031614428545614,0.6363636363636364,0.03320219350907494
Gemma-4-31B-it,h7_twin_redacted,A_cosine_to_real,platt,naive_full_sample,equal_mass,2,11,0.102803738317757,0.6197656849138251,0.651830271581071,0.6364880245410768,0.7272727272727273,0.09078470273165051
Gemma-4-31B-it,h7_twin_redacted,A_cosine_to_real,platt,naive_full_sample,equal_mass,3,11,0.102803738317757,0.6554879593111057,0.6892444157953809,0.6748616401755089,0.5454545454545454,-0.12940709472096346
Gemma-4-31B-it,h7_twin_redacted,A_cosine_to_real,platt,naive_full_sample,equal_mass,4,11,0.102803738317757,0.6903153684263186,0.7028808111884055,0.6960585888725119,0.6363636363636364,-0.059694952508875576
Gemma-4-31B-it,h7_twin_redacted,A_cosine_to_real,platt,naive_full_sample,equal_mass,5,11,0.102803738317757,0.706327203041785,0.7164928540892647,0.7127452964473875,0.8181818181818182,0.10543652173443074
Gemma-4-31B-it,h7_twin_redacted,A_cosine_to_real,platt,naive_full_sample,equal_mass,6,11,0.102803738317757,0.718148823612402,0.7482165567878039,0.73227269827284,0.7272727272727273,-0.004999971000112735
Gemma-4-31B-it,h7_twin_redacted,A_cosine_to_real,platt,naive_full_sample,equal_mass,7,10,0.09345794392523364,0.7501504342499796,0.7664368460138385,0.7564133002099838,0.9,0.14358669979001626
Gemma-4-31B-it,h7_twin_redacted,A_cosine_to_real,platt,naive_full_sample,equal_mass,8,10,0.09345794392523364,0.7679417915285677,0.7949385216899937,0.7815324030664069,0.9,0.1184675969335931
Gemma-4-31B-it,h7_twin_redacted,A_cosine_to_real,platt,naive_full_sample,equal_mass,9,10,0.09345794392523364,0.7960141531800008,0.8569468255254717,0.813345986630144,0.6,-0.21334598663014404
Gemma-4-31B-it,imposter_redacted,A_cosine_to_real,isotonic,held_out_crossfit,equal_width,0,8,0.032,0.0,0.0,0.0,0.375,0.375
Gemma-4-31B-it,imposter_redacted,A_cosine_to_real,isotonic,held_out_crossfit,equal_width,2,16,0.064,0.22727272727272727,0.22727272727272727,0.22727272727272727,0.5625,0.3352272727272727
Gemma-4-31B-it,imposter_redacted,A_cosine_to_real,isotonic,held_out_crossfit,equal_width,4,23,0.092,0.4,0.42857142857142855,0.4086956521739131,0.391304347826087,-0.017391304347826153
Gemma-4-31B-it,imposter_redacted,A_cosine_to_real,isotonic,held_out_crossfit,equal_width,5,37,0.148,0.5,0.5238095238095238,0.5135135135135136,0.3783783783783784,-0.1351351351351352
Gemma-4-31B-it,imposter_redacted,A_cosine_to_real,isotonic,held_out_crossfit,equal_width,6,92,0.368,0.627906976744186,0.6666666666666666,0.6332996292551399,0.7065217391304348,0.07322210987529487
Gemma-4-31B-it,imposter_redacted,A_cosine_to_real,isotonic,held_out_crossfit,equal_width,7,44,0.176,0.7164179104477612,0.7164179104477612,0.716417910447761,0.6590909090909091,-0.05732700135685198
Gemma-4-31B-it,imposter_redacted,A_cosine_to_real,isotonic,held_out_crossfit,equal_width,8,14,0.056,0.8571428571428571,0.8571428571428571,0.8571428571428573,0.7142857142857143,-0.14285714285714302
Gemma-4-31B-it,imposter_redacted,A_cosine_to_real,isotonic,held_out_crossfit,equal_width,9,16,0.064,1.0,1.0,1.0,0.75,-0.25
Gemma-4-31B-it,imposter_redacted,A_cosine_to_real,isotonic,held_out_crossfit,equal_mass,0,25,0.1,0.0,0.4,0.16145454545454543,0.52,0.3585454545454546
Gemma-4-31B-it,imposter_redacted,A_cosine_to_real,isotonic,held_out_crossfit,equal_mass,1,25,0.1,0.4,0.5,0.42,0.36,-0.06
Gemma-4-31B-it,imposter_redacted,A_cosine_to_real,isotonic,held_out_crossfit,equal_mass,2,25,0.1,0.5,0.5238095238095238,0.5114285714285713,0.32,-0.19142857142857134
Gemma-4-31B-it,imposter_redacted,A_cosine_to_real,isotonic,held_out_crossfit,equal_mass,3,25,0.1,0.5238095238095238,0.627906976744186,0.5904318936877077,0.56,-0.0304318936877076
Gemma-4-31B-it,imposter_redacted,A_cosine_to_real,isotonic,held_out_crossfit,equal_mass,4,25,0.1,0.627906976744186,0.627906976744186,0.627906976744186,0.76,0.13209302325581396
Gemma-4-31B-it,imposter_redacted,A_cosine_to_real,isotonic,held_out_crossfit,equal_mass,5,25,0.1,0.627906976744186,0.6363636363636364,0.6292600422832981,0.68,0.05073995771670192
Gemma-4-31B-it,imposter_redacted,A_cosine_to_real,isotonic,held_out_crossfit,equal_mass,6,25,0.1,0.6363636363636364,0.6666666666666666,0.6448484848484849,0.8,0.15515151515151515
Gemma-4-31B-it,imposter_redacted,A_cosine_to_real,isotonic,held_out_crossfit,equal_mass,7,25,0.1,0.6666666666666666,0.7164179104477612,0.7144278606965173,0.76,0.045572139303482695
Gemma-4-31B-it,imposter_redacted,A_cosine_to_real,isotonic,held_out_crossfit,equal_mass,8,25,0.1,0.7164179104477612,0.8571428571428571,0.7445628997867805,0.6,-0.1445628997867805
Gemma-4-31B-it,imposter_redacted,A_cosine_to_real,isotonic,held_out_crossfit,equal_mass,9,25,0.1,0.8571428571428571,1.0,0.9485714285714286,0.68,-0.26857142857142857
Gemma-4-31B-it,imposter_redacted,A_cosine_to_real,isotonic,naive_full_sample,equal_width,0,2,0.008,0.0,0.0,0.0,0.0,0.0
Gemma-4-31B-it,imposter_redacted,A_cosine_to_real,isotonic,naive_full_sample,equal_width,3,35,0.14,0.3103448275862069,0.3333333333333333,0.3142857142857142,0.3142857142857143,5.551115123125783e-17
Gemma-4-31B-it,imposter_redacted,A_cosine_to_real,isotonic,naive_full_sample,equal_width,4,38,0.152,0.47368421052631576,0.47368421052631576,0.4736842105263157,0.47368421052631576,5.551115123125783e-17
Gemma-4-31B-it,imposter_redacted,A_cosine_to_real,isotonic,naive_full_sample,equal_width,5,17,0.068,0.5,0.5333333333333333,0.5294117647058822,0.5294117647058824,1.1102230246251565e-16
Gemma-4-31B-it,imposter_redacted,A_cosine_to_real,isotonic,naive_full_sample,equal_width,6,108,0.432,0.6666666666666666,0.6666666666666666,0.6666666666666669,0.6666666666666666,-2.220446049250313e-16
Gemma-4-31B-it,imposter_redacted,A_cosine_to_real,isotonic,naive_full_sample,equal_width,7,40,0.16,0.7727272727272727,0.7777777777777778,0.775,0.775,0.0
Gemma-4-31B-it,imposter_redacted,A_cosine_to_real,isotonic,naive_full_sample,equal_width,9,10,0.04,1.0,1.0,1.0,1.0,0.0
Gemma-4-31B-it,imposter_redacted,A_cosine_to_real,isotonic,naive_full_sample,equal_mass,0,25,0.1,0.0,0.3103448275862069,0.2855172413793104,0.2,-0.08551724137931038
Gemma-4-31B-it,imposter_redacted,A_cosine_to_real,isotonic,naive_full_sample,equal_mass,1,25,0.1,0.3103448275862069,0.47368421052631576,0.40079854809437376,0.44,0.03920145190562624
Gemma-4-31B-it,imposter_redacted,A_cosine_to_real,isotonic,naive_full_sample,equal_mass,2,25,0.1,0.47368421052631576,0.47368421052631576,0.47368421052631576,0.52,0.046315789473684255
Gemma-4-31B-it,imposter_redacted,A_cosine_to_real,isotonic,naive_full_sample,equal_mass,3,25,0.1,0.5,0.6666666666666666,0.5733333333333333,0.52,-0.05333333333333323
Gemma-4-31B-it,imposter_redacted,A_cosine_to_real,isotonic,naive_full_sample,equal_mass,4,25,0.1,0.6666666666666666,0.6666666666666666,0.6666666666666667,0.72,0.05333333333333323
Gemma-4-31B-it,imposter_redacted,A_cosine_to_real,isotonic,naive_full_sample,equal_mass,5,25,0.1,0.6666666666666666,0.6666666666666666,0.6666666666666667,0.68,0.013333333333333308
Gemma-4-31B-it,imposter_redacted,A_cosine_to_real,isotonic,naive_full_sample,equal_mass,6,25,0.1,0.6666666666666666,0.6666666666666666,0.6666666666666667,0.56,-0.10666666666666669
Gemma-4-31B-it,imposter_redacted,A_cosine_to_real,isotonic,naive_full_sample,equal_mass,7,25,0.1,0.6666666666666666,0.6666666666666666,0.6666666666666667,0.76,0.09333333333333327
Gemma-4-31B-it,imposter_redacted,A_cosine_to_real,isotonic,naive_full_sample,equal_mass,8,25,0.1,0.7727272727272727,0.7777777777777778,0.7733333333333334,0.8,0.026666666666666616
Gemma-4-31B-it,imposter_redacted,A_cosine_to_real,isotonic,naive_full_sample,equal_mass,9,25,0.1,0.7777777777777778,1.0,0.8666666666666666,0.84,-0.026666666666666616
Gemma-4-31B-it,imposter_redacted,A_cosine_to_real,platt,held_out_crossfit,equal_width,0,1,0.004,0.09506087961737103,0.09506087961737103,0.09506087961737103,0.0,-0.09506087961737103
Gemma-4-31B-it,imposter_redacted,A_cosine_to_real,platt,held_out_crossfit,equal_width,1,3,0.012,0.11570874242084019,0.18466215483735454,0.15588025422560353,0.6666666666666666,0.510786412441063
Gemma-4-31B-it,imposter_redacted,A_cosine_to_real,platt,held_out_crossfit,equal_width,2,10,0.04,0.20199646086793113,0.2625469240910178,0.2367936780878806,0.4,0.16320632191211942
Gemma-4-31B-it,imposter_redacted,A_cosine_to_real,platt,held_out_crossfit,equal_width,3,10,0.04,0.3193497527997022,0.3952843769509425,0.3621441908786072,0.6,0.23785580912139276
Gemma-4-31B-it,imposter_redacted,A_cosine_to_real,platt,held_out_crossfit,equal_width,4,30,0.12,0.4091567549246666,0.499859810876423,0.46903911113283253,0.43333333333333335,-0.03570577779949918
Gemma-4-31B-it,imposter_redacted,A_cosine_to_real,platt,held_out_crossfit,equal_width,5,49,0.196,0.5006149676919726,0.599970856339875,0.5549368301919521,0.46938775510204084,-0.08554907508991122
Gemma-4-31B-it,imposter_redacted,A_cosine_to_real,platt,held_out_crossfit,equal_width,6,78,0.312,0.6029913189377611,0.6996342066669261,0.648688248978763,0.6794871794871795,0.030798930508416533
Gemma-4-31B-it,imposter_redacted,A_cosine_to_real,platt,held_out_crossfit,equal_width,7,52,0.208,0.7008584248903421,0.7998669163152567,0.7437545812704128,0.7115384615384616,-0.032216119731951265
Gemma-4-31B-it,imposter_redacted,A_cosine_to_real,platt,held_out_crossfit,equal_width,8,17,0.068,0.8025601026996313,0.8993590215724173,0.8444117912735527,0.7647058823529411,-0.07970590892061158
Gemma-4-31B-it,imposter_redacted,A_cosine_to_real,platt,held_out_crossfit,equal_mass,0,25,0.1,0.09506087961737103,0.4091567549246666,0.27844948347534904,0.48,0.20155051652465095
Gemma-4-31B-it,imposter_redacted,A_cosine_to_real,platt,held_out_crossfit,equal_mass,1,25,0.1,0.41502301781993794,0.49328614879825683,0.46690394332667035,0.48,0.013096056673329637
Gemma-4-31B-it,imposter_redacted,A_cosine_to_real,platt,held_out_crossfit,equal_mass,2,25,0.1,0.49538360456496,0.5512516139730286,0.5211205718254506,0.4,-0.12112057182545055
Gemma-4-31B-it,imposter_redacted,A_cosine_to_real,platt,held_out_crossfit,equal_mass,3,25,0.1,0.5534086292659102,0.5917492145005543,0.5744589496828313,0.44,-0.13445894968283129
Gemma-4-31B-it,imposter_redacted,A_cosine_to_real,platt,held_out_crossfit,equal_mass,4,25,0.1,0.5933556904175546,0.6184981649819281,0.6088572894605631,0.72,0.11114271053943692
Gemma-4-31B-it,imposter_redacted,A_cosine_to_real,platt,held_out_crossfit,equal_mass,5,25,0.1,0.6191579498954822,0.662020934636865,0.6396677875824732,0.76,0.12033221241752678
Gemma-4-31B-it,imposter_redacted,A_cosine_to_real,platt,held_out_crossfit,equal_mass,6,25,0.1,0.6631679406189234,0.6921415508076924,0.6800405773322012,0.64,-0.04004057733220123
Gemma-4-31B-it,imposter_redacted,A_cosine_to_real,platt,held_out_crossfit,equal_mass,7,25,0.1,0.6930096191367298,0.7234004878577137,0.7078901619170814,0.56,-0.14789016191708138
Gemma-4-31B-it,imposter_redacted,A_cosine_to_real,platt,held_out_crossfit,equal_mass,8,25,0.1,0.7283206830567734,0.7807521087610625,0.7532976144089801,0.76,0.006702385591019877
Gemma-4-31B-it,imposter_redacted,A_cosine_to_real,platt,held_out_crossfit,equal_mass,9,25,0.1,0.7829557987070611,0.8993590215724173,0.8270368387246024,0.8,-0.027036838724602386
Gemma-4-31B-it,imposter_redacted,A_cosine_to_real,platt,naive_full_sample,equal_width,2,5,0.02,0.21034796693877958,0.2942598066731323,0.24370475581966194,0.2,-0.04370475581966193
Gemma-4-31B-it,imposter_redacted,A_cosine_to_real,platt,naive_full_sample,equal_width,3,22,0.088,0.31177666406524224,0.3922258303677409,0.36314828102739194,0.36363636363636365,0.0004880826089717072
Gemma-4-31B-it,imposter_redacted,A_cosine_to_real,platt,naive_full_sample,equal_width,4,26,0.104,0.4191788840930449,0.4993418855446931,0.46634753305840076,0.46153846153846156,-0.004809071519939201
Gemma-4-31B-it,imposter_redacted,A_cosine_to_real,platt,naive_full_sample,equal_width,5,59,0.236,0.5017762846697608,0.5968286814129105,0.5524379188855177,0.559322033898305,0.006884115012787295
Gemma-4-31B-it,imposter_redacted,A_cosine_to_real,platt,naive_full_sample,equal_width,6,73,0.292,0.6008042638767578,0.6987400184615441,0.6524870191082887,0.6712328767123288,0.018745857604040128
Gemma-4-31B-it,imposter_redacted,A_cosine_to_real,platt,naive_full_sample,equal_width,7,50,0.2,0.7015179721682303,0.7937977744494812,0.7431923907948444,0.7,-0.04319239079484449
Gemma-4-31B-it,imposter_redacted,A_cosine_to_real,platt,naive_full_sample,equal_width,8,15,0.06,0.8008485739137085,0.8517421540190272,0.8183625963409751,0.8666666666666667,0.04830407032569162
Gemma-4-31B-it,imposter_redacted,A_cosine_to_real,platt,naive_full_sample,equal_mass,0,25,0.1,0.21034796693877958,0.3839199277302072,0.33722105425643584,0.36,0.02277894574356415
Gemma-4-31B-it,imposter_redacted,A_cosine_to_real,platt,naive_full_sample,equal_mass,1,25,0.1,0.385033774922296,0.49218580722361854,0.45631821788913807,0.4,-0.056318217889138045
Gemma-4-31B-it,imposter_redacted,A_cosine_to_real,platt,naive_full_sample,equal_mass,2,25,0.1,0.49642194786636135,0.5483657538186107,0.5219867281094384,0.4,-0.12198672810943834
Gemma-4-31B-it,imposter_redacted,A_cosine_to_real,platt,naive_full_sample,equal_mass,3,25,0.1,0.5488020368607923,0.5756090506183384,0.5610259813507552,0.64,0.0789740186492448
Gemma-4-31B-it,imposter_redacted,A_cosine_to_real,platt,naive_full_sample,equal_mass,4,25,0.1,0.5763003753310757,0.6169806651212748,0.5971018089773551,0.68,0.08289819102264495
Gemma-4-31B-it,imposter_redacted,A_cosine_to_real,platt,naive_full_sample,equal_mass,5,25,0.1,0.6187654765209408,0.6587414587487178,0.6356760284049534,0.76,0.1243239715950466
Gemma-4-31B-it,imposter_redacted,A_cosine_to_real,platt,naive_full_sample,equal_mass,6,25,0.1,0.6602932820517191,0.6878915016924098,0.6753088476627815,0.68,0.004691152337218507
Gemma-4-31B-it,imposter_redacted,A_cosine_to_real,platt,naive_full_sample,equal_mass,7,25,0.1,0.6894103688963567,0.7218994962996607,0.7053019888704347,0.48,-0.22530198887043473
Gemma-4-31B-it,imposter_redacted,A_cosine_to_real,platt,naive_full_sample,equal_mass,8,25,0.1,0.7232906629156931,0.7692121195504832,0.7456482837374895,0.8,0.05435171626251056
Gemma-4-31B-it,imposter_redacted,A_cosine_to_real,platt,naive_full_sample,equal_mass,9,25,0.1,0.772018155565081,0.8517421540190272,0.8041418573502912,0.84,0.03585814264970877
Gemma-4-31B-it,twin_named,A_cosine_to_real,isotonic,held_out_crossfit,equal_width,0,10,0.03215434083601286,0.0,0.0,0.0,0.7,0.7
Gemma-4-31B-it,twin_named,A_cosine_to_real,isotonic,held_out_crossfit,equal_width,5,34,0.10932475884244373,0.5,0.5714285714285714,0.5168067226890756,0.6176470588235294,0.10084033613445387
Gemma-4-31B-it,twin_named,A_cosine_to_real,isotonic,held_out_crossfit,equal_width,6,68,0.21864951768488747,0.6458333333333333,0.7,0.6522058823529411,0.7647058823529411,0.11250000000000004
Gemma-4-31B-it,twin_named,A_cosine_to_real,isotonic,held_out_crossfit,equal_width,7,94,0.3022508038585209,0.75,0.7916666666666666,0.7601111750047923,0.7553191489361702,-0.004792026068622057
Gemma-4-31B-it,twin_named,A_cosine_to_real,isotonic,held_out_crossfit,equal_width,8,104,0.33440514469453375,0.8529411764705882,0.8591549295774648,0.8580197246829393,0.7692307692307693,-0.08878895545217003
Gemma-4-31B-it,twin_named,A_cosine_to_real,isotonic,held_out_crossfit,equal_width,9,1,0.003215434083601286,1.0,1.0,1.0,1.0,0.0
Gemma-4-31B-it,twin_named,A_cosine_to_real,isotonic,held_out_crossfit,equal_mass,0,32,0.10289389067524116,0.0,0.5,0.34375,0.71875,0.375
Gemma-4-31B-it,twin_named,A_cosine_to_real,isotonic,held_out_crossfit,equal_mass,1,31,0.09967845659163987,0.5,0.6458333333333333,0.6078149001536096,0.6451612903225806,0.03734639016897101
Gemma-4-31B-it,twin_named,A_cosine_to_real,isotonic,held_out_crossfit,equal_mass,2,31,0.09967845659163987,0.6458333333333333,0.6458333333333333,0.645833333333333,0.7096774193548387,0.06384408602150571
Gemma-4-31B-it,twin_named,A_cosine_to_real,isotonic,held_out_crossfit,equal_mass,3,31,0.09967845659163987,0.6458333333333333,0.75,0.7034946236559139,0.8064516129032258,0.10295698924731189
Gemma-4-31B-it,twin_named,A_cosine_to_real,isotonic,held_out_crossfit,equal_mass,4,31,0.09967845659163987,0.75,0.7567567567567568,0.7517436791630343,0.6774193548387096,-0.07432432432432468
Gemma-4-31B-it,twin_named,A_cosine_to_real,isotonic,held_out_crossfit,equal_mass,5,31,0.09967845659163987,0.7567567567567568,0.7567567567567568,0.756756756756757,0.9032258064516129,0.14646904969485586
Gemma-4-31B-it,twin_named,A_cosine_to_real,isotonic,held_out_crossfit,equal_mass,6,31,0.09967845659163987,0.7567567567567568,0.8529411764705882,0.812007453373677,0.6451612903225806,-0.16684616305109634
Gemma-4-31B-it,twin_named,A_cosine_to_real,isotonic,held_out_crossfit,equal_mass,7,31,0.09967845659163987,0.8529411764705882,0.8591549295774648,0.8577518240372022,0.8387096774193549,-0.01904214661784731
Gemma-4-31B-it,twin_named,A_cosine_to_real,isotonic,held_out_crossfit,equal_mass,8,31,0.09967845659163987,0.8591549295774648,0.8591549295774648,0.8591549295774645,0.8064516129032258,-0.052703316674238776
Gemma-4-31B-it,twin_named,A_cosine_to_real,isotonic,held_out_crossfit,equal_mass,9,31,0.09967845659163987,0.8591549295774648,1.0,0.8636983189459334,0.7096774193548387,-0.15402089959109466
Gemma-4-31B-it,twin_named,A_cosine_to_real,isotonic,naive_full_sample,equal_width,4,22,0.0707395498392283,0.4090909090909091,0.4090909090909091,0.409090909090909,0.4090909090909091,1.1102230246251565e-16
Gemma-4-31B-it,twin_named,A_cosine_to_real,isotonic,naive_full_sample,equal_width,7,136,0.43729903536977494,0.7132352941176471,0.7132352941176471,0.713235294117647,0.7132352941176471,1.1102230246251565e-16
Gemma-4-31B-it,twin_named,A_cosine_to_real,isotonic,naive_full_sample,equal_width,8,150,0.48231511254019294,0.82,0.82,0.8200000000000001,0.82,-1.1102230246251565e-16
Gemma-4-31B-it,twin_named,A_cosine_to_real,isotonic,naive_full_sample,equal_width,9,3,0.00964630225080386,1.0,1.0,1.0,1.0,0.0
Gemma-4-31B-it,twin_named,A_cosine_to_real,isotonic,naive_full_sample,equal_mass,0,32,0.10289389067524116,0.4090909090909091,0.7132352941176471,0.5041360294117647,0.5625,0.05836397058823528
Gemma-4-31B-it,twin_named,A_cosine_to_real,isotonic,naive_full_sample,equal_mass,1,31,0.09967845659163987,0.7132352941176471,0.7132352941176471,0.7132352941176474,0.7419354838709677,0.028700189753320338
Gemma-4-31B-it,twin_named,A_cosine_to_real,isotonic,naive_full_sample,equal_mass,2,31,0.09967845659163987,0.7132352941176471,0.7132352941176471,0.7132352941176474,0.6451612903225806,-0.06807400379506678
Gemma-4-31B-it,twin_named,A_cosine_to_real,isotonic,naive_full_sample,equal_mass,3,31,0.09967845659163987,0.7132352941176471,0.7132352941176471,0.7132352941176474,0.6774193548387096,-0.03581593927893778
Gemma-4-31B-it,twin_named,A_cosine_to_real,isotonic,naive_full_sample,equal_mass,4,31,0.09967845659163987,0.7132352941176471,0.7132352941176471,0.7132352941176474,0.7419354838709677,0.028700189753320338
Gemma-4-31B-it,twin_named,A_cosine_to_real,isotonic,naive_full_sample,equal_mass,5,31,0.09967845659163987,0.7132352941176471,0.82,0.813111954459203,0.8064516129032258,-0.006660341555977278
Gemma-4-31B-it,twin_named,A_cosine_to_real,isotonic,naive_full_sample,equal_mass,6,31,0.09967845659163987,0.82,0.82,0.8200000000000001,0.7419354838709677,-0.07806451612903231
Gemma-4-31B-it,twin_named,A_cosine_to_real,isotonic,naive_full_sample,equal_mass,7,31,0.09967845659163987,0.82,0.82,0.8200000000000001,0.8387096774193549,0.01870967741935481
Gemma-4-31B-it,twin_named,A_cosine_to_real,isotonic,naive_full_sample,equal_mass,8,31,0.09967845659163987,0.82,0.82,0.8200000000000001,0.8387096774193549,0.01870967741935481
Gemma-4-31B-it,twin_named,A_cosine_to_real,isotonic,naive_full_sample,equal_mass,9,31,0.09967845659163987,0.82,1.0,0.8374193548387097,0.8709677419354839,0.03354838709677421
Gemma-4-31B-it,twin_named,A_cosine_to_real,platt,held_out_crossfit,equal_width,2,3,0.00964630225080386,0.20594156169835812,0.27476039586650747,0.2454617139571084,1.0,0.7545382860428916
Gemma-4-31B-it,twin_named,A_cosine_to_real,platt,held_out_crossfit,equal_width,3,7,0.022508038585209004,0.3358685544279121,0.3939688353639295,0.365801621629437,0.5714285714285714,0.20562694979913437
Gemma-4-31B-it,twin_named,A_cosine_to_real,platt,held_out_crossfit,equal_width,4,18,0.05787781350482315,0.4039633854041335,0.49585849677307514,0.4466188972528103,0.7777777777777778,0.3311588805249675
Gemma-4-31B-it,twin_named,A_cosine_to_real,platt,held_out_crossfit,equal_width,5,20,0.06430868167202572,0.5041896248578516,0.5953794718135949,0.5482854995097608,0.75,0.2017145004902392
Gemma-4-31B-it,twin_named,A_cosine_to_real,platt,held_out_crossfit,equal_width,6,52,0.16720257234726688,0.6009825690969811,0.6944754227555667,0.6531646041757742,0.75,0.09683539582422585
Gemma-4-31B-it,twin_named,A_cosine_to_real,platt,held_out_crossfit,equal_width,7,117,0.3762057877813505,0.7046468408975415,0.7998651401894493,0.7659226543053901,0.7094017094017094,-0.05652094490368065
Gemma-4-31B-it,twin_named,A_cosine_to_real,platt,held_out_crossfit,equal_width,8,94,0.3022508038585209,0.8004055441353628,0.8921744502253565,0.8230586335525332,0.7872340425531915,-0.035824590999341654
Gemma-4-31B-it,twin_named,A_cosine_to_real,platt,held_out_crossfit,equal_mass,0,32,0.10289389067524116,0.20594156169835812,0.5253782733217258,0.41906485870415294,0.71875,0.29968514129584706
Gemma-4-31B-it,twin_named,A_cosine_to_real,platt,held_out_crossfit,equal_mass,1,31,0.09967845659163987,0.5259310694097636,0.6337029248064606,0.5858086229649992,0.7419354838709677,0.1561268609059685
Gemma-4-31B-it,twin_named,A_cosine_to_real,platt,held_out_crossfit,equal_mass,2,31,0.09967845659163987,0.636730517470706,0.685142704861795,0.6627924674574294,0.7419354838709677,0.07914301641353838
Gemma-4-31B-it,twin_named,A_cosine_to_real,platt,held_out_crossfit,equal_mass,3,31,0.09967845659163987,0.6867986873674122,0.7358435394366477,0.7152372162025428,0.8387096774193549,0.1234724612168121
Gemma-4-31B-it,twin_named,A_cosine_to_real,platt,held_out_crossfit,equal_mass,4,31,0.09967845659163987,0.7387569706426829,0.7739779045737278,0.7568632656208282,0.6774193548387096,-0.07944391078211854
Gemma-4-31B-it,twin_named,A_cosine_to_real,platt,held_out_crossfit,equal_mass,5,31,0.09967845659163987,0.7745547311446715,0.7897524563478181,0.7834141307999201,0.7419354838709677,-0.04147864692895231
Gemma-4-31B-it,twin_named,A_cosine_to_real,platt,held_out_crossfit,equal_mass,6,31,0.09967845659163987,0.789766867189902,0.8004055441353628,0.7949064476154591,0.6129032258064516,-0.18200322180900752
Gemma-4-31B-it,twin_named,A_cosine_to_real,platt,held_out_crossfit,equal_mass,7,31,0.09967845659163987,0.8004880043240318,0.8142441997641077,0.8081313920754409,0.7741935483870968,-0.03393784368834418
Gemma-4-31B-it,twin_named,A_cosine_to_real,platt,held_out_crossfit,equal_mass,8,31,0.09967845659163987,0.8143785665063981,0.8264974200174439,0.8206264723479681,0.8709677419354839,0.050341269587515725
Gemma-4-31B-it,twin_named,A_cosine_to_real,platt,held_out_crossfit,equal_mass,9,31,0.09967845659163987,0.8267005010801977,0.8921744502253565,0.8411487810540991,0.7419354838709677,-0.09921329718313132
Gemma-4-31B-it,twin_named,A_cosine_to_real,platt,naive_full_sample,equal_width,5,9,0.028938906752411574,0.5022080421831384,0.5975240614036946,0.5649864204497637,0.6666666666666666,0.10168024621690297
Gemma-4-31B-it,twin_named,A_cosine_to_real,platt,naive_full_sample,equal_width,6,53,0.17041800643086816,0.6017022604581033,0.6970750271441362,0.65814517763849,0.660377358490566,0.0022321808520759934
Gemma-4-31B-it,twin_named,A_cosine_to_real,platt,naive_full_sample,equal_width,7,184,0.5916398713826366,0.7002985761314747,0.7997484378930908,0.7534834205015603,0.7554347826086957,0.0019513621071354237
Gemma-4-31B-it,twin_named,A_cosine_to_real,platt,naive_full_sample,equal_width,8,65,0.2090032154340836,0.8007575560048643,0.8580675625191904,0.8211743704514987,0.8,-0.021174370451498614
Gemma-4-31B-it,twin_named,A_cosine_to_real,platt,naive_full_sample,equal_mass,0,32,0.10289389067524116,0.5022080421831384,0.6505714144830919,0.6111993588117355,0.5625,-0.04869935881173548
Gemma-4-31B-it,twin_named,A_cosine_to_real,platt,naive_full_sample,equal_mass,1,31,0.09967845659163987,0.6526584829947029,0.7002985761314747,0.6809190739691541,0.7741935483870968,0.09327447441794268
Gemma-4-31B-it,twin_named,A_cosine_to_real,platt,naive_full_sample,equal_mass,2,31,0.09967845659163987,0.7015428152066973,0.7250939942005207,0.7151506924481802,0.6774193548387096,-0.03773133760947056
Gemma-4-31B-it,twin_named,A_cosine_to_real,platt,naive_full_sample,equal_mass,3,31,0.09967845659163987,0.7254098299592684,0.7409773567058784,0.7344327864432356,0.7096774193548387,-0.024755367088396873
Gemma-4-31B-it,twin_named,A_cosine_to_real,platt,naive_full_sample,equal_mass,4,31,0.09967845659163987,0.7412961988866689,0.7529365894397402,0.7464874534933966,0.6451612903225806,-0.101326163170816
Gemma-4-31B-it,twin_named,A_cosine_to_real,platt,naive_full_sample,equal_mass,5,31,0.09967845659163987,0.7538024584359909,0.7672633928431036,0.7608431131599369,0.8387096774193549,0.07786656425941796
Gemma-4-31B-it,twin_named,A_cosine_to_real,platt,naive_full_sample,equal_mass,6,31,0.09967845659163987,0.7678209303275213,0.7840730756067921,0.7771397834366637,0.8709677419354839,0.0938279584988202
Gemma-4-31B-it,twin_named,A_cosine_to_real,platt,naive_full_sample,equal_mass,7,31,0.09967845659163987,0.7842472031804631,0.8021528440560124,0.7932127755889333,0.7419354838709677,-0.05127729171796558
Gemma-4-31B-it,twin_named,A_cosine_to_real,platt,naive_full_sample,equal_mass,8,31,0.09967845659163987,0.8031564027851835,0.8200705201420986,0.8105291979917769,0.9032258064516129,0.09269660845983596
Gemma-4-31B-it,twin_named,A_cosine_to_real,platt,naive_full_sample,equal_mass,9,31,0.09967845659163987,0.8204895195086328,0.8580675625191904,0.8337198385831349,0.7419354838709677,-0.09178435471216717
Gemma-4-31B-it,twin_named,B_perturbation_cosine,isotonic,held_out_crossfit,equal_width,0,2,0.006430868167202572,0.0,0.0,0.0,1.0,1.0
Gemma-4-31B-it,twin_named,B_perturbation_cosine,isotonic,held_out_crossfit,equal_width,4,7,0.022508038585209004,0.4,0.4,0.39999999999999997,0.7142857142857143,0.31428571428571433
Gemma-4-31B-it,twin_named,B_perturbation_cosine,isotonic,held_out_crossfit,equal_width,5,8,0.02572347266881029,0.5,0.5,0.5,0.625,0.125
Gemma-4-31B-it,twin_named,B_perturbation_cosine,isotonic,held_out_crossfit,equal_width,6,55,0.17684887459807075,0.6666666666666666,0.6666666666666666,0.6666666666666664,0.7636363636363637,0.09696969696969726
Gemma-4-31B-it,twin_named,B_perturbation_cosine,isotonic,held_out_crossfit,equal_width,7,117,0.3762057877813505,0.7073170731707317,0.7627118644067796,0.7262554633369017,0.7692307692307693,0.042975305893867555
Gemma-4-31B-it,twin_named,B_perturbation_cosine,isotonic,held_out_crossfit,equal_width,8,115,0.36977491961414793,0.8155339805825242,0.8181818181818182,0.8158333013546184,0.7304347826086957,-0.08539851874592275
Gemma-4-31B-it,twin_named,B_perturbation_cosine,isotonic,held_out_crossfit,equal_width,9,7,0.022508038585209004,1.0,1.0,1.0,0.5714285714285714,-0.4285714285714286
Gemma-4-31B-it,twin_named,B_perturbation_cosine,isotonic,held_out_crossfit,equal_mass,0,32,0.10289389067524116,0.0,0.6666666666666666,0.525,0.6875,0.16249999999999998
Gemma-4-31B-it,twin_named,B_perturbation_cosine,isotonic,held_out_crossfit,equal_mass,1,31,0.09967845659163987,0.6666666666666666,0.6666666666666666,0.666666666666667,0.7741935483870968,0.10752688172042979
Gemma-4-31B-it,twin_named,B_perturbation_cosine,isotonic,held_out_crossfit,equal_mass,2,31,0.09967845659163987,0.6666666666666666,0.7073170731707317,0.6955153422501966,0.8709677419354839,0.17545239968528725
Gemma-4-31B-it,twin_named,B_perturbation_cosine,isotonic,held_out_crossfit,equal_mass,3,31,0.09967845659163987,0.7073170731707317,0.7073170731707317,0.7073170731707317,0.7741935483870968,0.06687647521636508
Gemma-4-31B-it,twin_named,B_perturbation_cosine,isotonic,held_out_crossfit,equal_mass,4,31,0.09967845659163987,0.7073170731707317,0.7627118644067796,0.719825574417581,0.7741935483870968,0.05436797396951576
Gemma-4-31B-it,twin_named,B_perturbation_cosine,isotonic,held_out_crossfit,equal_mass,5,31,0.09967845659163987,0.7627118644067796,0.7627118644067796,0.7627118644067794,0.7096774193548387,-0.05303444505194066
Gemma-4-31B-it,twin_named,B_perturbation_cosine,isotonic,held_out_crossfit,equal_mass,6,31,0.09967845659163987,0.7627118644067796,0.8155339805825242,0.8121261021195734,0.8064516129032258,-0.005674489216347611
Gemma-4-31B-it,twin_named,B_perturbation_cosine,isotonic,held_out_crossfit,equal_mass,7,31,0.09967845659163987,0.8155339805825242,0.8155339805825242,0.8155339805825246,0.6774193548387096,-0.13811462574381494
Gemma-4-31B-it,twin_named,B_perturbation_cosine,isotonic,held_out_crossfit,equal_mass,8,31,0.09967845659163987,0.8155339805825242,0.8155339805825242,0.8155339805825246,0.7741935483870968,-0.04134043219542782
Gemma-4-31B-it,twin_named,B_perturbation_cosine,isotonic,held_out_crossfit,equal_mass,9,31,0.09967845659163987,0.8155339805825242,1.0,0.8582979813797226,0.6129032258064516,-0.24539475557327095
Gemma-4-31B-it,twin_named,B_perturbation_cosine,isotonic,naive_full_sample,equal_width,0,1,0.003215434083601286,0.0,0.0,0.0,0.0,0.0
Gemma-4-31B-it,twin_named,B_perturbation_cosine,isotonic,naive_full_sample,equal_width,5,8,0.02572347266881029,0.5,0.5,0.5,0.5,0.0
Gemma-4-31B-it,twin_named,B_perturbation_cosine,isotonic,naive_full_sample,equal_width,6,24,0.07717041800643087,0.6666666666666666,0.6666666666666666,0.6666666666666666,0.6666666666666666,0.0
Gemma-4-31B-it,twin_named,B_perturbation_cosine,isotonic,naive_full_sample,equal_width,7,251,0.8070739549839229,0.7222222222222222,0.7653631284916202,0.7529880478087649,0.7529880478087649,0.0
Gemma-4-31B-it,twin_named,B_perturbation_cosine,isotonic,naive_full_sample,equal_width,8,25,0.08038585209003216,0.84,0.84,0.84,0.84,0.0
Gemma-4-31B-it,twin_named,B_perturbation_cosine,isotonic,naive_full_sample,equal_width,9,2,0.006430868167202572,1.0,1.0,1.0,1.0,0.0
Gemma-4-31B-it,twin_named,B_perturbation_cosine,isotonic,naive_full_sample,equal_mass,0,32,0.10289389067524116,0.0,0.6666666666666666,0.6041666666666665,0.59375,-0.010416666666666519
Gemma-4-31B-it,twin_named,B_perturbation_cosine,isotonic,naive_full_sample,equal_mass,1,31,0.09967845659163987,0.6666666666666666,0.7222222222222222,0.7204301075268815,0.7096774193548387,-0.01075268817204278
Gemma-4-31B-it,twin_named,B_perturbation_cosine,isotonic,naive_full_sample,equal_mass,2,31,0.09967845659163987,0.7222222222222222,0.7222222222222222,0.722222222222222,0.6774193548387096,-0.04480286738351236
Gemma-4-31B-it,twin_named,B_perturbation_cosine,isotonic,naive_full_sample,equal_mass,3,31,0.09967845659163987,0.7222222222222222,0.7653631284916202,0.750055064976673,0.9032258064516129,0.15317074147493992
Gemma-4-31B-it,twin_named,B_perturbation_cosine,isotonic,naive_full_sample,equal_mass,4,31,0.09967845659163987,0.7653631284916202,0.7653631284916202,0.7653631284916206,0.7741935483870968,0.008830419895476171
Gemma-4-31B-it,twin_named,B_perturbation_cosine,isotonic,naive_full_sample,equal_mass,5,31,0.09967845659163987,0.7653631284916202,0.7653631284916202,0.7653631284916206,0.6451612903225806,-0.12020183816903995
Gemma-4-31B-it,twin_named,B_perturbation_cosine,isotonic,naive_full_sample,equal_mass,6,31,0.09967845659163987,0.7653631284916202,0.7653631284916202,0.7653631284916206,0.7419354838709677,-0.023427644620652832
Gemma-4-31B-it,twin_named,B_perturbation_cosine,isotonic,naive_full_sample,equal_mass,7,31,0.09967845659163987,0.7653631284916202,0.7653631284916202,0.7653631284916206,0.7741935483870968,0.008830419895476171
Gemma-4-31B-it,twin_named,B_perturbation_cosine,isotonic,naive_full_sample,equal_mass,8,31,0.09967845659163987,0.7653631284916202,0.7653631284916202,0.7653631284916206,0.8064516129032258,0.041088484411605175
Gemma-4-31B-it,twin_named,B_perturbation_cosine,isotonic,naive_full_sample,equal_mass,9,31,0.09967845659163987,0.7653631284916202,1.0,0.8406920165795638,0.8387096774193549,-0.001982339160208957
Gemma-4-31B-it,twin_named,B_perturbation_cosine,platt,held_out_crossfit,equal_width,4,3,0.00964630225080386,0.4204497861081362,0.49186158490877924,0.4624141705615527,0.6666666666666666,0.20425249610511392
Gemma-4-31B-it,twin_named,B_perturbation_cosine,platt,held_out_crossfit,equal_width,5,15,0.04823151125401929,0.5060715663459007,0.5982034516125199,0.5606684655215038,0.7333333333333333,0.17266486781182944
Gemma-4-31B-it,twin_named,B_perturbation_cosine,platt,held_out_crossfit,equal_width,6,61,0.19614147909967847,0.6015076239297594,0.6988770262397112,0.6645804715912905,0.819672131147541,0.15509165955625048
Gemma-4-31B-it,twin_named,B_perturbation_cosine,platt,held_out_crossfit,equal_width,7,218,0.7009646302250804,0.7002472374948622,0.7994846861940025,0.7674100700955732,0.7431192660550459,-0.024290804040527303
Gemma-4-31B-it,twin_named,B_perturbation_cosine,platt,held_out_crossfit,equal_width,8,14,0.04501607717041801,0.8007849750562991,0.8366325784667443,0.8071892926382055,0.5,-0.3071892926382055
Gemma-4-31B-it,twin_named,B_perturbation_cosine,platt,held_out_crossfit,equal_mass,0,32,0.10289389067524116,0.4204497861081362,0.643397535872021,0.57799637578944,0.8125,0.23450362421056004
Gemma-4-31B-it,twin_named,B_perturbation_cosine,platt,held_out_crossfit,equal_mass,1,31,0.09967845659163987,0.6465729568020748,0.6857539402942237,0.6692675936226945,0.6774193548387096,0.00815176121601513
Gemma-4-31B-it,twin_named,B_perturbation_cosine,platt,held_out_crossfit,equal_mass,2,31,0.09967845659163987,0.6870064742359621,0.7136999453738639,0.7009143917523204,0.9354838709677419,0.23456947921542148
Gemma-4-31B-it,twin_named,B_perturbation_cosine,platt,held_out_crossfit,equal_mass,3,31,0.09967845659163987,0.7142812798013652,0.7393699996954013,0.7268304842521481,0.8064516129032258,0.07962112865107762
Gemma-4-31B-it,twin_named,B_perturbation_cosine,platt,held_out_crossfit,equal_mass,4,31,0.09967845659163987,0.740035617229159,0.7657637400533797,0.7539488738184448,0.7419354838709677,-0.012013389947477027
Gemma-4-31B-it,twin_named,B_perturbation_cosine,platt,held_out_crossfit,equal_mass,5,31,0.09967845659163987,0.769067260330196,0.7807865486800186,0.7780397383632528,0.7741935483870968,-0.0038461899761560447
Gemma-4-31B-it,twin_named,B_perturbation_cosine,platt,held_out_crossfit,equal_mass,6,31,0.09967845659163987,0.7808112062174506,0.7843072362593541,0.7828800719322984,0.6774193548387096,-0.10546071709358873
Gemma-4-31B-it,twin_named,B_perturbation_cosine,platt,held_out_crossfit,equal_mass,7,31,0.09967845659163987,0.7843666074634594,0.7872929420299996,0.7860738011653562,0.6451612903225806,-0.14091251084277556
Gemma-4-31B-it,twin_named,B_perturbation_cosine,platt,held_out_crossfit,equal_mass,8,31,0.09967845659163987,0.787307632272326,0.79262837002728,0.7896369857968756,0.7419354838709677,-0.04770150192590783
Gemma-4-31B-it,twin_named,B_perturbation_cosine,platt,held_out_crossfit,equal_mass,9,31,0.09967845659163987,0.7927983898015444,0.8366325784667443,0.8006932081380189,0.6451612903225806,-0.1555319178154383
Gemma-4-31B-it,twin_named,B_perturbation_cosine,platt,naive_full_sample,equal_width,5,1,0.003215434083601286,0.5268689121776655,0.5268689121776655,0.5268689121776655,0.0,-0.5268689121776655
Gemma-4-31B-it,twin_named,B_perturbation_cosine,platt,naive_full_sample,equal_width,6,25,0.08038585209003216,0.6295862677726408,0.6987530910242028,0.6789969242718353,0.64,-0.03899692427183532
Gemma-4-31B-it,twin_named,B_perturbation_cosine,platt,naive_full_sample,equal_width,7,285,0.9163987138263665,0.7002994560633906,0.7867901696825312,0.7525686443212237,0.7578947368421053,0.005326092520881565
Gemma-4-31B-it,twin_named,B_perturbation_cosine,platt,naive_full_sample,equal_mass,0,32,0.10289389067524116,0.5268689121776655,0.7057406551380013,0.6785828640176774,0.625,-0.05358286401767742
Gemma-4-31B-it,twin_named,B_perturbation_cosine,platt,naive_full_sample,equal_mass,1,31,0.09967845659163987,0.7066699645169606,0.7282042211970503,0.7190088163345022,0.8387096774193549,0.11970086108485267
Gemma-4-31B-it,twin_named,B_perturbation_cosine,platt,naive_full_sample,equal_mass,2,31,0.09967845659163987,0.7282964253485771,0.7398488327523085,0.7340482874066093,0.6774193548387096,-0.05662893256789969
Gemma-4-31B-it,twin_named,B_perturbation_cosine,platt,naive_full_sample,equal_mass,3,31,0.09967845659163987,0.7400657403943242,0.7468173778256046,0.7434732213037223,0.7741935483870968,0.030720327083374466
Gemma-4-31B-it,twin_named,B_perturbation_cosine,platt,naive_full_sample,equal_mass,4,31,0.09967845659163987,0.7470338535195581,0.7535120716306626,0.7503731511588398,0.8387096774193549,0.08833652626051502
Gemma-4-31B-it,twin_named,B_perturbation_cosine,platt,naive_full_sample,equal_mass,5,31,0.09967845659163987,0.7535298791443453,0.7580037621330944,0.755322913084587,0.7741935483870968,0.018870635302509764
Gemma-4-31B-it,twin_named,B_perturbation_cosine,platt,naive_full_sample,equal_mass,6,31,0.09967845659163987,0.7581211186561483,0.7628847603770874,0.7605278405573014,0.7741935483870968,0.01366570782979537
Gemma-4-31B-it,twin_named,B_perturbation_cosine,platt,naive_full_sample,equal_mass,7,31,0.09967845659163987,0.7629387262721172,0.7694326542204267,0.7663215148113841,0.7096774193548387,-0.05664409545654536
Gemma-4-31B-it,twin_named,B_perturbation_cosine,platt,naive_full_sample,equal_mass,8,31,0.09967845659163987,0.7696250382211646,0.7753845464992694,0.772663052897465,0.6451612903225806,-0.12750176257488433
Gemma-4-31B-it,twin_named,B_perturbation_cosine,platt,naive_full_sample,equal_mass,9,31,0.09967845659163987,0.7756790791967884,0.7867901696825312,0.7811387508958025,0.8064516129032258,0.02531286200742322
Gemma-4-31B-it,twin_redacted,A_cosine_to_real,isotonic,held_out_crossfit,equal_width,0,9,0.0297029702970297,0.0,0.0,0.0,0.6666666666666666,0.6666666666666666
Gemma-4-31B-it,twin_redacted,A_cosine_to_real,isotonic,held_out_crossfit,equal_width,5,49,0.1617161716171617,0.5,0.5652173913043478,0.5519077196095828,0.673469387755102,0.12156166814551916
Gemma-4-31B-it,twin_redacted,A_cosine_to_real,isotonic,held_out_crossfit,equal_width,6,89,0.29372937293729373,0.6842105263157895,0.6964285714285714,0.688740812705922,0.7191011235955056,0.030360310889583575
Gemma-4-31B-it,twin_redacted,A_cosine_to_real,isotonic,held_out_crossfit,equal_width,7,21,0.06930693069306931,0.7894736842105263,0.7894736842105263,0.7894736842105262,0.7142857142857143,-0.07518796992481191
Gemma-4-31B-it,twin_redacted,A_cosine_to_real,isotonic,held_out_crossfit,equal_width,8,129,0.42574257425742573,0.8021978021978022,0.8888888888888888,0.810480397877247,0.7751937984496124,-0.03528659942763457
Gemma-4-31B-it,twin_redacted,A_cosine_to_real,isotonic,held_out_crossfit,equal_width,9,6,0.019801980198019802,1.0,1.0,1.0,0.5,-0.5
Gemma-4-31B-it,twin_redacted,A_cosine_to_real,isotonic,held_out_crossfit,equal_mass,0,31,0.10231023102310231,0.0,0.5652173913043478,0.38008415147265073,0.7741935483870968,0.394109396914446
Gemma-4-31B-it,twin_redacted,A_cosine_to_real,isotonic,held_out_crossfit,equal_mass,1,31,0.10231023102310231,0.5652173913043478,0.6842105263157895,0.5805713442090501,0.6129032258064516,0.032331881597401524
Gemma-4-31B-it,twin_redacted,A_cosine_to_real,isotonic,held_out_crossfit,equal_mass,2,31,0.10231023102310231,0.6842105263157895,0.6842105263157895,0.6842105263157899,0.9032258064516129,0.21901528013582294
Gemma-4-31B-it,twin_redacted,A_cosine_to_real,isotonic,held_out_crossfit,equal_mass,3,30,0.09900990099009901,0.6842105263157895,0.6964285714285714,0.6878759398496244,0.7,0.012124060150375593
Gemma-4-31B-it,twin_redacted,A_cosine_to_real,isotonic,held_out_crossfit,equal_mass,4,30,0.09900990099009901,0.6964285714285714,0.7894736842105263,0.7150375939849627,0.5,-0.2150375939849627
Gemma-4-31B-it,twin_redacted,A_cosine_to_real,isotonic,held_out_crossfit,equal_mass,5,30,0.09900990099009901,0.7894736842105263,0.8021978021978022,0.7958357432041645,0.7,-0.09583574320416455
Gemma-4-31B-it,twin_redacted,A_cosine_to_real,isotonic,held_out_crossfit,equal_mass,6,30,0.09900990099009901,0.8021978021978022,0.8021978021978022,0.8021978021978025,0.8,-0.002197802197802412
Gemma-4-31B-it,twin_redacted,A_cosine_to_real,isotonic,held_out_crossfit,equal_mass,7,30,0.09900990099009901,0.8021978021978022,0.8021978021978022,0.8021978021978025,0.7666666666666667,-0.03553113553113574
Gemma-4-31B-it,twin_redacted,A_cosine_to_real,isotonic,held_out_crossfit,equal_mass,8,30,0.09900990099009901,0.8021978021978022,0.8064516129032258,0.8041829138603328,0.7666666666666667,-0.037516247193666086
Gemma-4-31B-it,twin_redacted,A_cosine_to_real,isotonic,held_out_crossfit,equal_mass,9,30,0.09900990099009901,0.8064516129032258,1.0,0.8753882915173238,0.7666666666666667,-0.10872162485065706
Gemma-4-31B-it,twin_redacted,A_cosine_to_real,isotonic,naive_full_sample,equal_width,0,2,0.006600660066006601,0.0,0.0,0.0,0.0,0.0
Gemma-4-31B-it,twin_redacted,A_cosine_to_real,isotonic,naive_full_sample,equal_width,5,12,0.039603960396039604,0.5833333333333334,0.5833333333333334,0.5833333333333333,0.5833333333333334,1.1102230246251565e-16
Gemma-4-31B-it,twin_redacted,A_cosine_to_real,isotonic,naive_full_sample,equal_width,6,76,0.2508250825082508,0.631578947368421,0.631578947368421,0.6315789473684209,0.631578947368421,1.1102230246251565e-16
Gemma-4-31B-it,twin_redacted,A_cosine_to_real,isotonic,naive_full_sample,equal_width,7,152,0.5016501650165016,0.756578947368421,0.756578947368421,0.7565789473684211,0.756578947368421,-1.1102230246251565e-16
Gemma-4-31B-it,twin_redacted,A_cosine_to_real,isotonic,naive_full_sample,equal_width,8,59,0.19471947194719472,0.8305084745762712,0.8305084745762712,0.8305084745762713,0.8305084745762712,-1.1102230246251565e-16
Gemma-4-31B-it,twin_redacted,A_cosine_to_real,isotonic,naive_full_sample,equal_width,9,2,0.006600660066006601,1.0,1.0,1.0,1.0,0.0
Gemma-4-31B-it,twin_redacted,A_cosine_to_real,isotonic,naive_full_sample,equal_mass,0,31,0.10231023102310231,0.0,0.631578947368421,0.5721561969439728,0.6774193548387096,0.10526315789473684
Gemma-4-31B-it,twin_redacted,A_cosine_to_real,isotonic,naive_full_sample,equal_mass,1,31,0.10231023102310231,0.631578947368421,0.631578947368421,0.631578947368421,0.5806451612903226,-0.0509337860780984
Gemma-4-31B-it,twin_redacted,A_cosine_to_real,isotonic,naive_full_sample,equal_mass,2,31,0.10231023102310231,0.631578947368421,0.756578947368421,0.6436757215619694,0.6129032258064516,-0.03077249575551777
Gemma-4-31B-it,twin_redacted,A_cosine_to_real,isotonic,naive_full_sample,equal_mass,3,30,0.09900990099009901,0.756578947368421,0.756578947368421,0.756578947368421,0.7666666666666667,0.010087719298245701
Gemma-4-31B-it,twin_redacted,A_cosine_to_real,isotonic,naive_full_sample,equal_mass,4,30,0.09900990099009901,0.756578947368421,0.756578947368421,0.756578947368421,0.7333333333333333,-0.023245614035087736
Gemma-4-31B-it,twin_redacted,A_cosine_to_real,isotonic,naive_full_sample,equal_mass,5,30,0.09900990099009901,0.756578947368421,0.756578947368421,0.756578947368421,0.8666666666666667,0.11008771929824568
Gemma-4-31B-it,twin_redacted,A_cosine_to_real,isotonic,naive_full_sample,equal_mass,6,30,0.09900990099009901,0.756578947368421,0.756578947368421,0.756578947368421,0.7,-0.05657894736842106
Gemma-4-31B-it,twin_redacted,A_cosine_to_real,isotonic,naive_full_sample,equal_mass,7,30,0.09900990099009901,0.756578947368421,0.8305084745762712,0.7590432649420159,0.7,-0.05904326494201595
Gemma-4-31B-it,twin_redacted,A_cosine_to_real,isotonic,naive_full_sample,equal_mass,8,30,0.09900990099009901,0.8305084745762712,0.8305084745762712,0.830508474576271,0.8,-0.030508474576270928
Gemma-4-31B-it,twin_redacted,A_cosine_to_real,isotonic,naive_full_sample,equal_mass,9,30,0.09900990099009901,0.8305084745762712,1.0,0.8418079096045196,0.8666666666666667,0.02485875706214713
Gemma-4-31B-it,twin_redacted,A_cosine_to_real,platt,held_out_crossfit,equal_width,3,2,0.006600660066006601,0.3555356596422662,0.3978030536690582,0.3766693566556622,0.5,0.1233306433443378
Gemma-4-31B-it,twin_redacted,A_cosine_to_real,platt,held_out_crossfit,equal_width,4,9,0.0297029702970297,0.41010785176994274,0.49046590059797185,0.45402675361781014,0.7777777777777778,0.32375102415996765
Gemma-4-31B-it,twin_redacted,A_cosine_to_real,platt,held_out_crossfit,equal_width,5,25,0.08250825082508251,0.5001374366655339,0.5988234724852695,0.5497242502784561,0.76,0.21027574972154395
Gemma-4-31B-it,twin_redacted,A_cosine_to_real,platt,held_out_crossfit,equal_width,6,64,0.21122112211221122,0.6001837470717865,0.6993971884708887,0.6514150116777058,0.75,0.09858498832229423
Gemma-4-31B-it,twin_redacted,A_cosine_to_real,platt,held_out_crossfit,equal_width,7,163,0.5379537953795379,0.700016689400926,0.7996931352303898,0.7595960334107505,0.6932515337423313,-0.06634449966841927
Gemma-4-31B-it,twin_redacted,A_cosine_to_real,platt,held_out_crossfit,equal_width,8,40,0.132013201320132,0.8000331803529918,0.8267209236232711,0.8115251343870131,0.825,0.01347486561298683
Gemma-4-31B-it,twin_redacted,A_cosine_to_real,platt,held_out_crossfit,equal_mass,0,31,0.10231023102310231,0.3555356596422662,0.582718385501319,0.5040443032610179,0.7741935483870968,0.27014924512607885
Gemma-4-31B-it,twin_redacted,A_cosine_to_real,platt,held_out_crossfit,equal_mass,1,31,0.10231023102310231,0.5856334328039995,0.6384570550528693,0.6146199666830582,0.6451612903225806,0.030541323639522444
Gemma-4-31B-it,twin_redacted,A_cosine_to_real,platt,held_out_crossfit,equal_mass,2,31,0.10231023102310231,0.6397139974049347,0.687945961198336,0.6685315444274442,0.8064516129032258,0.13792006847578153
Gemma-4-31B-it,twin_redacted,A_cosine_to_real,platt,held_out_crossfit,equal_mass,3,30,0.09900990099009901,0.6894547926654602,0.7212940160728957,0.7074471082213768,0.7333333333333333,0.025886225111956485
Gemma-4-31B-it,twin_redacted,A_cosine_to_real,platt,held_out_crossfit,equal_mass,4,30,0.09900990099009901,0.7218893561187147,0.7513177771263002,0.7343696799220515,0.6666666666666666,-0.06770301325538486
Gemma-4-31B-it,twin_redacted,A_cosine_to_real,platt,held_out_crossfit,equal_mass,5,30,0.09900990099009901,0.7514075898260392,0.7677291765473802,0.7594810312769079,0.7,-0.05948103127690796
Gemma-4-31B-it,twin_redacted,A_cosine_to_real,platt,held_out_crossfit,equal_mass,6,30,0.09900990099009901,0.7684529968719143,0.7789257377291615,0.7739676736706886,0.7,-0.07396767367068868
Gemma-4-31B-it,twin_redacted,A_cosine_to_real,platt,held_out_crossfit,equal_mass,7,30,0.09900990099009901,0.7791452392156776,0.7898180064099208,0.7842276873179094,0.6333333333333333,-0.15089435398457607
Gemma-4-31B-it,twin_redacted,A_cosine_to_real,platt,held_out_crossfit,equal_mass,8,30,0.09900990099009901,0.7905677840791829,0.8043347875558401,0.7971937420491805,0.8666666666666667,0.06947292461748622
Gemma-4-31B-it,twin_redacted,A_cosine_to_real,platt,held_out_crossfit,equal_mass,9,30,0.09900990099009901,0.8054121450820658,0.8267209236232711,0.8148242467459489,0.7666666666666667,-0.04815758007928217
Gemma-4-31B-it,twin_redacted,A_cosine_to_real,platt,naive_full_sample,equal_width,4,1,0.0033003300330033004,0.4980679821344621,0.4980679821344621,0.4980679821344621,0.0,-0.4980679821344621
Gemma-4-31B-it,twin_redacted,A_cosine_to_real,platt,naive_full_sample,equal_width,5,4,0.013201320132013201,0.5469340509095998,0.5968905789795395,0.5749444154532225,0.75,0.1750555845467775
Gemma-4-31B-it,twin_redacted,A_cosine_to_real,platt,naive_full_sample,equal_width,6,73,0.24092409240924093,0.6012893870874434,0.6996777520786787,0.6641210696826728,0.6575342465753424,-0.006586823107330386
Gemma-4-31B-it,twin_redacted,A_cosine_to_real,platt,naive_full_sample,equal_width,7,197,0.6501650165016502,0.7004228297317872,0.7991766951675884,0.746505310938261,0.751269035532995,0.0047637245947339535
Gemma-4-31B-it,twin_redacted,A_cosine_to_real,platt,naive_full_sample,equal_width,8,28,0.0924092409240924,0.8004197150723409,0.8238251758579828,0.8087474678727157,0.7857142857142857,-0.023033182158429977
Gemma-4-31B-it,twin_redacted,A_cosine_to_real,platt,naive_full_sample,equal_mass,0,31,0.10231023102310231,0.4980679821344621,0.6541058903595062,0.6194554350970928,0.6129032258064516,-0.006552209290641153
Gemma-4-31B-it,twin_redacted,A_cosine_to_real,platt,naive_full_sample,equal_mass,1,31,0.10231023102310231,0.6546496261396082,0.6916122042221564,0.6755076783681312,0.7419354838709677,0.06642780550283656
Gemma-4-31B-it,twin_redacted,A_cosine_to_real,platt,naive_full_sample,equal_mass,2,31,0.10231023102310231,0.6923231695196456,0.7085767915596726,0.7001419517469407,0.5161290322580645,-0.18401291948887621
Gemma-4-31B-it,twin_redacted,A_cosine_to_real,platt,naive_full_sample,equal_mass,3,30,0.09900990099009901,0.7095102074321994,0.7247760009653212,0.717555226694796,0.8333333333333334,0.11577810663853738
Gemma-4-31B-it,twin_redacted,A_cosine_to_real,platt,naive_full_sample,equal_mass,4,30,0.09900990099009901,0.7254285929407405,0.737588565088436,0.7314084134325971,0.7,-0.03140841343259715
Gemma-4-31B-it,twin_redacted,A_cosine_to_real,platt,naive_full_sample,equal_mass,5,30,0.09900990099009901,0.7379114175522428,0.7485302637390935,0.7430451618997355,0.7666666666666667,0.023621504766931256
Gemma-4-31B-it,twin_redacted,A_cosine_to_real,platt,naive_full_sample,equal_mass,6,30,0.09900990099009901,0.7490183219250157,0.7588017407618873,0.7531153941430517,0.7333333333333333,-0.01978206080971845
Gemma-4-31B-it,twin_redacted,A_cosine_to_real,platt,naive_full_sample,equal_mass,7,30,0.09900990099009901,0.7590861964237051,0.775314700414907,0.765858031059451,0.7333333333333333,-0.03252469772611777
Gemma-4-31B-it,twin_redacted,A_cosine_to_real,platt,naive_full_sample,equal_mass,8,30,0.09900990099009901,0.7769987391707773,0.7973436930245593,0.785482239673575,0.8666666666666667,0.0811844269930917
Gemma-4-31B-it,twin_redacted,A_cosine_to_real,platt,naive_full_sample,equal_mass,9,30,0.09900990099009901,0.7988622617790291,0.8238251758579828,0.8080989352460886,0.8,-0.008098935246088512
Gemma-4-31B-it,twin_redacted,B_perturbation_cosine,isotonic,held_out_crossfit,equal_width,4,10,0.033003300330033,0.42857142857142855,0.42857142857142855,0.42857142857142855,0.8,0.3714285714285715
Gemma-4-31B-it,twin_redacted,B_perturbation_cosine,isotonic,held_out_crossfit,equal_width,5,5,0.0165016501650165,0.5,0.5,0.5,0.8,0.30000000000000004
Gemma-4-31B-it,twin_redacted,B_perturbation_cosine,isotonic,held_out_crossfit,equal_width,6,126,0.4158415841584158,0.6756756756756757,0.6756756756756757,0.6756756756756757,0.7857142857142857,0.11003861003861004
Gemma-4-31B-it,twin_redacted,B_perturbation_cosine,isotonic,held_out_crossfit,equal_width,7,155,0.5115511551155115,0.7288135593220338,0.7941176470588235,0.7739861061975364,0.6838709677419355,-0.09011513845560093
Gemma-4-31B-it,twin_redacted,B_perturbation_cosine,isotonic,held_out_crossfit,equal_width,9,7,0.0231023102310231,1.0,1.0,1.0,0.5714285714285714,-0.4285714285714286
Gemma-4-31B-it,twin_redacted,B_perturbation_cosine,isotonic,held_out_crossfit,equal_mass,0,31,0.10231023102310231,0.42857142857142855,0.6756756756756757,0.5676298418233903,0.8064516129032258,0.2388217710798355
Gemma-4-31B-it,twin_redacted,B_perturbation_cosine,isotonic,held_out_crossfit,equal_mass,1,31,0.10231023102310231,0.6756756756756757,0.6756756756756757,0.6756756756756761,0.8387096774193549,0.16303400174367877
Gemma-4-31B-it,twin_redacted,B_perturbation_cosine,isotonic,held_out_crossfit,equal_mass,2,31,0.10231023102310231,0.6756756756756757,0.6756756756756757,0.6756756756756761,0.7419354838709677,0.06625980819529165
Gemma-4-31B-it,twin_redacted,B_perturbation_cosine,isotonic,held_out_crossfit,equal_mass,3,30,0.09900990099009901,0.6756756756756757,0.6756756756756757,0.675675675675676,0.7333333333333333,0.05765765765765729
Gemma-4-31B-it,twin_redacted,B_perturbation_cosine,isotonic,held_out_crossfit,equal_mass,4,30,0.09900990099009901,0.6756756756756757,0.7288135593220338,0.696930829134219,0.7333333333333333,0.03640250419911428
Gemma-4-31B-it,twin_redacted,B_perturbation_cosine,isotonic,held_out_crossfit,equal_mass,5,30,0.09900990099009901,0.7288135593220338,0.75,0.7309322033898306,0.7,-0.030932203389830604
Gemma-4-31B-it,twin_redacted,B_perturbation_cosine,isotonic,held_out_crossfit,equal_mass,6,30,0.09900990099009901,0.75,0.7941176470588235,0.7794117647058821,0.6666666666666666,-0.11274509803921551
Gemma-4-31B-it,twin_redacted,B_perturbation_cosine,isotonic,held_out_crossfit,equal_mass,7,30,0.09900990099009901,0.7941176470588235,0.7941176470588235,0.7941176470588233,0.7333333333333333,-0.06078431372548998
Gemma-4-31B-it,twin_redacted,B_perturbation_cosine,isotonic,held_out_crossfit,equal_mass,8,30,0.09900990099009901,0.7941176470588235,0.7941176470588235,0.7941176470588233,0.6666666666666666,-0.12745098039215663
Gemma-4-31B-it,twin_redacted,B_perturbation_cosine,isotonic,held_out_crossfit,equal_mass,9,30,0.09900990099009901,0.7941176470588235,1.0,0.842156862745098,0.6666666666666666,-0.17549019607843142
Gemma-4-31B-it,twin_redacted,B_perturbation_cosine,isotonic,naive_full_sample,equal_width,6,22,0.07260726072607261,0.631578947368421,0.6666666666666666,0.6363636363636364,0.6363636363636364,0.0
Gemma-4-31B-it,twin_redacted,B_perturbation_cosine,isotonic,naive_full_sample,equal_width,7,253,0.834983498349835,0.7051282051282052,0.7371428571428571,0.7272727272727272,0.7272727272727273,1.1102230246251565e-16
Gemma-4-31B-it,twin_redacted,B_perturbation_cosine,isotonic,naive_full_sample,equal_width,8,26,0.0858085808580858,0.8076923076923077,0.8076923076923077,0.8076923076923077,0.8076923076923077,0.0
Gemma-4-31B-it,twin_redacted,B_perturbation_cosine,isotonic,naive_full_sample,equal_width,9,2,0.006600660066006601,1.0,1.0,1.0,1.0,0.0
Gemma-4-31B-it,twin_redacted,B_perturbation_cosine,isotonic,naive_full_sample,equal_mass,0,31,0.10231023102310231,0.631578947368421,0.7051282051282052,0.6563275434243174,0.6451612903225806,-0.0111662531017368
Gemma-4-31B-it,twin_redacted,B_perturbation_cosine,isotonic,naive_full_sample,equal_mass,1,31,0.10231023102310231,0.7051282051282052,0.7051282051282052,0.705128205128205,0.7741935483870968,0.0690653432588918
Gemma-4-31B-it,twin_redacted,B_perturbation_cosine,isotonic,naive_full_sample,equal_mass,2,31,0.10231023102310231,0.7051282051282052,0.7051282051282052,0.705128205128205,0.6774193548387096,-0.027708850289495324
Gemma-4-31B-it,twin_redacted,B_perturbation_cosine,isotonic,naive_full_sample,equal_mass,3,30,0.09900990099009901,0.7051282051282052,0.7371428571428571,0.7296727716727716,0.7333333333333333,0.003660561660561723
Gemma-4-31B-it,twin_redacted,B_perturbation_cosine,isotonic,naive_full_sample,equal_mass,4,30,0.09900990099009901,0.7371428571428571,0.7371428571428571,0.737142857142857,0.8,0.06285714285714306
Gemma-4-31B-it,twin_redacted,B_perturbation_cosine,isotonic,naive_full_sample,equal_mass,5,30,0.09900990099009901,0.7371428571428571,0.7371428571428571,0.737142857142857,0.6,-0.137142857142857
Gemma-4-31B-it,twin_redacted,B_perturbation_cosine,isotonic,naive_full_sample,equal_mass,6,30,0.09900990099009901,0.7371428571428571,0.7371428571428571,0.737142857142857,0.6666666666666666,-0.07047619047619036
Gemma-4-31B-it,twin_redacted,B_perturbation_cosine,isotonic,naive_full_sample,equal_mass,7,30,0.09900990099009901,0.7371428571428571,0.7371428571428571,0.737142857142857,0.7666666666666667,0.02952380952380973
Gemma-4-31B-it,twin_redacted,B_perturbation_cosine,isotonic,naive_full_sample,equal_mass,8,30,0.09900990099009901,0.7371428571428571,0.7371428571428571,0.737142857142857,0.8,0.06285714285714306
Gemma-4-31B-it,twin_redacted,B_perturbation_cosine,isotonic,naive_full_sample,equal_mass,9,30,0.09900990099009901,0.7371428571428571,1.0,0.8158095238095238,0.8333333333333334,0.017523809523809608
Gemma-4-31B-it,twin_redacted,B_perturbation_cosine,platt,held_out_crossfit,equal_width,5,3,0.009900990099009901,0.5759719263298859,0.5806539734042303,0.5775624012308832,1.0,0.4224375987691168
Gemma-4-31B-it,twin_redacted,B_perturbation_cosine,platt,held_out_crossfit,equal_width,6,118,0.38943894389438943,0.6008876246161948,0.6993640525284537,0.6732405673509784,0.7711864406779662,0.09794587332698779
Gemma-4-31B-it,twin_redacted,B_perturbation_cosine,platt,held_out_crossfit,equal_width,7,168,0.5544554455445545,0.7006779298232318,0.7942057627108992,0.748855306133706,0.7083333333333334,-0.04052197280037262
Gemma-4-31B-it,twin_redacted,B_perturbation_cosine,platt,held_out_crossfit,equal_width,8,14,0.0462046204620462,0.8030425573843909,0.8865999223974567,0.8189945964840327,0.5714285714285714,-0.24756602505546133
Gemma-4-31B-it,twin_redacted,B_perturbation_cosine,platt,held_out_crossfit,equal_mass,0,31,0.10231023102310231,0.5759719263298859,0.6629516451284885,0.635136021299416,0.8064516129032258,0.1713155916038097
Gemma-4-31B-it,twin_redacted,B_perturbation_cosine,platt,held_out_crossfit,equal_mass,1,31,0.10231023102310231,0.6636641947596145,0.6784603339736226,0.6719021238419555,0.6774193548387096,0.005517230996754163
Gemma-4-31B-it,twin_redacted,B_perturbation_cosine,platt,held_out_crossfit,equal_mass,2,31,0.10231023102310231,0.678841491407354,0.6899721534106116,0.6841350140087213,0.8709677419354839,0.18683272792676253
Gemma-4-31B-it,twin_redacted,B_perturbation_cosine,platt,held_out_crossfit,equal_mass,3,30,0.09900990099009901,0.6901607505850837,0.701125832305102,0.6950169993194517,0.7666666666666667,0.07164966734721501
Gemma-4-31B-it,twin_redacted,B_perturbation_cosine,platt,held_out_crossfit,equal_mass,4,30,0.09900990099009901,0.7013520908542817,0.7119431607216391,0.7061514550458308,0.7666666666666667,0.06051521162083595
Gemma-4-31B-it,twin_redacted,B_perturbation_cosine,platt,held_out_crossfit,equal_mass,5,30,0.09900990099009901,0.7129994591488774,0.7463476566895838,0.733953790327193,0.7333333333333333,-0.0006204569938597082
Gemma-4-31B-it,twin_redacted,B_perturbation_cosine,platt,held_out_crossfit,equal_mass,6,30,0.09900990099009901,0.7464121063607101,0.7569226501863936,0.7526040572742644,0.7,-0.052604057274264426
Gemma-4-31B-it,twin_redacted,B_perturbation_cosine,platt,held_out_crossfit,equal_mass,7,30,0.09900990099009901,0.7572934539792601,0.7656312480598719,0.7623119279177312,0.6333333333333333,-0.12897859458439787
Gemma-4-31B-it,twin_redacted,B_perturbation_cosine,platt,held_out_crossfit,equal_mass,8,30,0.09900990099009901,0.7657251389432331,0.7805185452251945,0.7720760747071906,0.6666666666666666,-0.10540940804052401
Gemma-4-31B-it,twin_redacted,B_perturbation_cosine,platt,held_out_crossfit,equal_mass,9,30,0.09900990099009901,0.7807124679937206,0.8865999223974567,0.801963095364814,0.6666666666666666,-0.1352964286981474
Gemma-4-31B-it,twin_redacted,B_perturbation_cosine,platt,naive_full_sample,equal_width,7,303,1.0,0.7284125479583765,0.7332867209101769,0.7293239573797226,0.7293729372937293,4.8979914006763714e-05
Gemma-4-31B-it,twin_redacted,B_perturbation_cosine,platt,naive_full_sample,equal_mass,0,31,0.10231023102310231,0.7284125479583765,0.7286687174581704,0.7285474495675313,0.7741935483870968,0.045646098819565495
Gemma-4-31B-it,twin_redacted,B_perturbation_cosine,platt,naive_full_sample,equal_mass,1,31,0.10231023102310231,0.7286785082586885,0.7288194150807891,0.728744828479018,0.6774193548387096,-0.05132547364030837
Gemma-4-31B-it,twin_redacted,B_perturbation_cosine,platt,naive_full_sample,equal_mass,2,31,0.10231023102310231,0.7288238490815003,0.7289522850063435,0.7288936272977438,0.7096774193548387,-0.019216207942905017
Gemma-4-31B-it,twin_redacted,B_perturbation_cosine,platt,naive_full_sample,equal_mass,3,30,0.09900990099009901,0.7289720039261567,0.7290839220860169,0.7290289851282894,0.7,-0.029028985128289442
Gemma-4-31B-it,twin_redacted,B_perturbation_cosine,platt,naive_full_sample,equal_mass,4,30,0.09900990099009901,0.7290968060870482,0.7291873256082713,0.7291471978184075,0.7666666666666667,0.037519468848259185
Gemma-4-31B-it,twin_redacted,B_perturbation_cosine,platt,naive_full_sample,equal_mass,5,30,0.09900990099009901,0.7291901798207803,0.7293298711806196,0.729262710949128,0.7666666666666667,0.03740395571753874
Gemma-4-31B-it,twin_redacted,B_perturbation_cosine,platt,naive_full_sample,equal_mass,6,30,0.09900990099009901,0.7293371089885661,0.72947246909712,0.729401256618274,0.7666666666666667,0.03726541004839268
Gemma-4-31B-it,twin_redacted,B_perturbation_cosine,platt,naive_full_sample,equal_mass,7,30,0.09900990099009901,0.7294770698992269,0.7297185651662517,0.7295914473083945,0.7,-0.02959144730839458
Gemma-4-31B-it,twin_redacted,B_perturbation_cosine,platt,naive_full_sample,equal_mass,8,30,0.09900990099009901,0.7297204656465709,0.7301719619171193,0.7299027825197194,0.7333333333333333,0.003430550813613875
Gemma-4-31B-it,twin_redacted,B_perturbation_cosine,platt,naive_full_sample,equal_mass,9,30,0.09900990099009901,0.7302543399705227,0.7332867209101769,0.7307788203372156,0.7,-0.030778820337215684
Gemma-4-31B-it,zeroinfo_named,A_cosine_to_real,isotonic,held_out_crossfit,equal_width,0,16,0.04953560371517028,0.0,0.0,0.0,0.5625,0.5625
Gemma-4-31B-it,zeroinfo_named,A_cosine_to_real,isotonic,held_out_crossfit,equal_width,2,17,0.05263157894736842,0.21428571428571427,0.21428571428571427,0.21428571428571427,0.7058823529411765,0.4915966386554622
Gemma-4-31B-it,zeroinfo_named,A_cosine_to_real,isotonic,held_out_crossfit,equal_width,4,32,0.09907120743034056,0.4,0.46875,0.4666015625,0.65625,0.1896484375
Gemma-4-31B-it,zeroinfo_named,A_cosine_to_real,isotonic,held_out_crossfit,equal_width,5,1,0.0030959752321981426,0.5,0.5,0.5,0.0,-0.5
Gemma-4-31B-it,zeroinfo_named,A_cosine_to_real,isotonic,held_out_crossfit,equal_width,6,102,0.3157894736842105,0.6363636363636364,0.6666666666666666,0.6577540106951874,0.5196078431372549,-0.1381461675579324
Gemma-4-31B-it,zeroinfo_named,A_cosine_to_real,isotonic,held_out_crossfit,equal_width,7,144,0.4458204334365325,0.704225352112676,0.7735849056603774,0.7337163266109585,0.7291666666666666,-0.004549659944291906
Gemma-4-31B-it,zeroinfo_named,A_cosine_to_real,isotonic,held_out_crossfit,equal_width,8,4,0.01238390092879257,0.8,0.8,0.8,1.0,0.19999999999999996
Gemma-4-31B-it,zeroinfo_named,A_cosine_to_real,isotonic,held_out_crossfit,equal_width,9,7,0.021671826625386997,1.0,1.0,1.0,0.7142857142857143,-0.2857142857142857
Gemma-4-31B-it,zeroinfo_named,A_cosine_to_real,isotonic,held_out_crossfit,equal_mass,0,33,0.1021671826625387,0.0,0.21428571428571427,0.11038961038961038,0.6363636363636364,0.525974025974026
Gemma-4-31B-it,zeroinfo_named,A_cosine_to_real,isotonic,held_out_crossfit,equal_mass,1,33,0.1021671826625387,0.4,0.5,0.4676136363636364,0.6363636363636364,0.16874999999999996
Gemma-4-31B-it,zeroinfo_named,A_cosine_to_real,isotonic,held_out_crossfit,equal_mass,2,33,0.1021671826625387,0.6363636363636364,0.6666666666666666,0.6391184573002755,0.3939393939393939,-0.24517906336088158
Gemma-4-31B-it,zeroinfo_named,A_cosine_to_real,isotonic,held_out_crossfit,equal_mass,3,32,0.09907120743034056,0.6666666666666666,0.6666666666666666,0.6666666666666666,0.46875,-0.19791666666666663
Gemma-4-31B-it,zeroinfo_named,A_cosine_to_real,isotonic,held_out_crossfit,equal_mass,4,32,0.09907120743034056,0.6666666666666666,0.6666666666666666,0.6666666666666666,0.65625,-0.01041666666666663
Gemma-4-31B-it,zeroinfo_named,A_cosine_to_real,isotonic,held_out_crossfit,equal_mass,5,32,0.09907120743034056,0.6666666666666666,0.704225352112676,0.698356807511737,0.78125,0.08289319248826299
Gemma-4-31B-it,zeroinfo_named,A_cosine_to_real,isotonic,held_out_crossfit,equal_mass,6,32,0.09907120743034056,0.704225352112676,0.704225352112676,0.704225352112676,0.75,0.045774647887323994
Gemma-4-31B-it,zeroinfo_named,A_cosine_to_real,isotonic,held_out_crossfit,equal_mass,7,32,0.09907120743034056,0.704225352112676,0.7735849056603774,0.722057976791567,0.75,0.027942023208432976
Gemma-4-31B-it,zeroinfo_named,A_cosine_to_real,isotonic,held_out_crossfit,equal_mass,8,32,0.09907120743034056,0.7735849056603774,0.7735849056603774,0.7735849056603774,0.625,-0.1485849056603774
Gemma-4-31B-it,zeroinfo_named,A_cosine_to_real,isotonic,held_out_crossfit,equal_mass,9,32,0.09907120743034056,0.7735849056603774,1.0,0.8264150943396227,0.78125,-0.04516509433962268
Gemma-4-31B-it,zeroinfo_named,A_cosine_to_real,isotonic,naive_full_sample,equal_width,0,1,0.0030959752321981426,0.0,0.0,0.0,0.0,0.0
Gemma-4-31B-it,zeroinfo_named,A_cosine_to_real,isotonic,naive_full_sample,equal_width,3,9,0.02786377708978328,0.3333333333333333,0.3333333333333333,0.3333333333333333,0.3333333333333333,0.0
Gemma-4-31B-it,zeroinfo_named,A_cosine_to_real,isotonic,naive_full_sample,equal_width,4,40,0.1238390092879257,0.475,0.475,0.475,0.475,0.0
Gemma-4-31B-it,zeroinfo_named,A_cosine_to_real,isotonic,naive_full_sample,equal_width,5,61,0.18885448916408668,0.5,0.5897435897435898,0.5573770491803279,0.5573770491803278,-1.1102230246251565e-16
Gemma-4-31B-it,zeroinfo_named,A_cosine_to_real,isotonic,naive_full_sample,equal_width,6,53,0.16408668730650156,0.660377358490566,0.660377358490566,0.6603773584905659,0.660377358490566,1.1102230246251565e-16
Gemma-4-31B-it,zeroinfo_named,A_cosine_to_real,isotonic,naive_full_sample,equal_width,7,143,0.44272445820433437,0.7142857142857143,0.7279411764705882,0.7272727272727271,0.7272727272727273,2.220446049250313e-16
Gemma-4-31B-it,zeroinfo_named,A_cosine_to_real,isotonic,naive_full_sample,equal_width,8,15,0.04643962848297214,0.8571428571428571,0.875,0.8666666666666668,0.8666666666666667,-1.1102230246251565e-16
Gemma-4-31B-it,zeroinfo_named,A_cosine_to_real,isotonic,naive_full_sample,equal_width,9,1,0.0030959752321981426,1.0,1.0,1.0,1.0,0.0
Gemma-4-31B-it,zeroinfo_named,A_cosine_to_real,isotonic,naive_full_sample,equal_mass,0,33,0.1021671826625387,0.0,0.475,0.42196969696969694,0.3939393939393939,-0.028030303030303017
Gemma-4-31B-it,zeroinfo_named,A_cosine_to_real,isotonic,naive_full_sample,equal_mass,1,33,0.1021671826625387,0.475,0.5,0.4871212121212121,0.5151515151515151,0.028030303030303017
Gemma-4-31B-it,zeroinfo_named,A_cosine_to_real,isotonic,naive_full_sample,equal_mass,2,33,0.1021671826625387,0.5,0.5897435897435898,0.5734265734265735,0.5151515151515151,-0.05827505827505841
Gemma-4-31B-it,zeroinfo_named,A_cosine_to_real,isotonic,naive_full_sample,equal_mass,3,32,0.09907120743034056,0.5897435897435898,0.660377358490566,0.6338896952104499,0.65625,0.02236030478955009
Gemma-4-31B-it,zeroinfo_named,A_cosine_to_real,isotonic,naive_full_sample,equal_mass,4,32,0.09907120743034056,0.660377358490566,0.660377358490566,0.660377358490566,0.6875,0.027122641509433998
Gemma-4-31B-it,zeroinfo_named,A_cosine_to_real,isotonic,naive_full_sample,equal_mass,5,32,0.09907120743034056,0.660377358490566,0.7279411764705882,0.7228426748057714,0.71875,-0.004092674805771357
Gemma-4-31B-it,zeroinfo_named,A_cosine_to_real,isotonic,naive_full_sample,equal_mass,6,32,0.09907120743034056,0.7279411764705882,0.7279411764705882,0.7279411764705882,0.84375,0.1158088235294118
Gemma-4-31B-it,zeroinfo_named,A_cosine_to_real,isotonic,naive_full_sample,equal_mass,7,32,0.09907120743034056,0.7279411764705882,0.7279411764705882,0.7279411764705882,0.625,-0.1029411764705882
Gemma-4-31B-it,zeroinfo_named,A_cosine_to_real,isotonic,naive_full_sample,equal_mass,8,32,0.09907120743034056,0.7279411764705882,0.7279411764705882,0.7279411764705882,0.6875,-0.0404411764705882
Gemma-4-31B-it,zeroinfo_named,A_cosine_to_real,isotonic,naive_full_sample,equal_mass,9,32,0.09907120743034056,0.7279411764705882,1.0,0.801470588235294,0.84375,0.042279411764705954
Gemma-4-31B-it,zeroinfo_named,A_cosine_to_real,platt,held_out_crossfit,equal_width,0,1,0.0030959752321981426,0.09548415823066816,0.09548415823066816,0.09548415823066816,0.0,-0.09548415823066816
Gemma-4-31B-it,zeroinfo_named,A_cosine_to_real,platt,held_out_crossfit,equal_width,1,7,0.021671826625386997,0.13572657948839909,0.19585235933043432,0.16687897282934536,0.42857142857142855,0.2616924557420832
Gemma-4-31B-it,zeroinfo_named,A_cosine_to_real,platt,held_out_crossfit,equal_width,2,8,0.02476780185758514,0.21015039484150702,0.2732773742423375,0.2475051921533473,0.75,0.5024948078466527
Gemma-4-31B-it,zeroinfo_named,A_cosine_to_real,platt,held_out_crossfit,equal_width,3,17,0.05263157894736842,0.30304990216253774,0.38689672684342324,0.3518608457814802,0.7058823529411765,0.3540215071596963
Gemma-4-31B-it,zeroinfo_named,A_cosine_to_real,platt,held_out_crossfit,equal_width,4,17,0.05263157894736842,0.40498398373253586,0.48903692833572093,0.4545178219943291,0.6470588235294118,0.1925410015350827
Gemma-4-31B-it,zeroinfo_named,A_cosine_to_real,platt,held_out_crossfit,equal_width,5,36,0.11145510835913312,0.5006951104079406,0.5955176824916796,0.5502520212851494,0.5833333333333334,0.033081312048183986
Gemma-4-31B-it,zeroinfo_named,A_cosine_to_real,platt,held_out_crossfit,equal_width,6,105,0.32507739938080493,0.601443446926977,0.6979507802364924,0.6591364292926869,0.580952380952381,-0.0781840483403059
Gemma-4-31B-it,zeroinfo_named,A_cosine_to_real,platt,held_out_crossfit,equal_width,7,125,0.38699690402476783,0.7003340454466193,0.7987987413469908,0.7326518129523095,0.72,-0.012651812952309549
Gemma-4-31B-it,zeroinfo_named,A_cosine_to_real,platt,held_out_crossfit,equal_width,8,7,0.021671826625386997,0.8284326572052841,0.8430809363989892,0.8377862654922542,0.7142857142857143,-0.12350055120653991
Gemma-4-31B-it,zeroinfo_named,A_cosine_to_real,platt,held_out_crossfit,equal_mass,0,33,0.1021671826625387,0.09548415823066816,0.38689672684342324,0.2795549358650917,0.6363636363636364,0.35680870049854463
Gemma-4-31B-it,zeroinfo_named,A_cosine_to_real,platt,held_out_crossfit,equal_mass,1,33,0.1021671826625387,0.40498398373253586,0.5438953481710139,0.48689113858676863,0.6666666666666666,0.179775528079898
Gemma-4-31B-it,zeroinfo_named,A_cosine_to_real,platt,held_out_crossfit,equal_mass,2,33,0.1021671826625387,0.5454419971311273,0.6208293817191917,0.5884447905891206,0.5151515151515151,-0.07329327543760544
Gemma-4-31B-it,zeroinfo_named,A_cosine_to_real,platt,held_out_crossfit,equal_mass,3,32,0.09907120743034056,0.621400661743409,0.6588428946374268,0.6420636412182928,0.53125,-0.11081364121829285
Gemma-4-31B-it,zeroinfo_named,A_cosine_to_real,platt,held_out_crossfit,equal_mass,4,32,0.09907120743034056,0.6592580994004289,0.6790396680025772,0.6696968444748845,0.5,-0.16969684447488453
Gemma-4-31B-it,zeroinfo_named,A_cosine_to_real,platt,held_out_crossfit,equal_mass,5,32,0.09907120743034056,0.6800030491752058,0.701049811379558,0.6901735656737304,0.75,0.05982643432626955
Gemma-4-31B-it,zeroinfo_named,A_cosine_to_real,platt,held_out_crossfit,equal_mass,6,32,0.09907120743034056,0.702681051189925,0.7134526361043187,0.7085148466406788,0.71875,0.010235153359321236
Gemma-4-31B-it,zeroinfo_named,A_cosine_to_real,platt,held_out_crossfit,equal_mass,7,32,0.09907120743034056,0.7136346097668055,0.731721924111865,0.7240208976545557,0.71875,-0.005270897654555684
Gemma-4-31B-it,zeroinfo_named,A_cosine_to_real,platt,held_out_crossfit,equal_mass,8,32,0.09907120743034056,0.7320149355852233,0.7516544760657292,0.7414748112138791,0.71875,-0.022724811213879148
Gemma-4-31B-it,zeroinfo_named,A_cosine_to_real,platt,held_out_crossfit,equal_mass,9,32,0.09907120743034056,0.7530477366932035,0.8430809363989892,0.783589631579642,0.71875,-0.06483963157964201
Gemma-4-31B-it,zeroinfo_named,A_cosine_to_real,platt,naive_full_sample,equal_width,3,4,0.01238390092879257,0.32007772902842396,0.3931770925306832,0.3638150232603825,0.5,0.1361849767396175
Gemma-4-31B-it,zeroinfo_named,A_cosine_to_real,platt,naive_full_sample,equal_width,4,20,0.06191950464396285,0.4030272615856267,0.499275237671158,0.4533948966343546,0.5,0.046605103365645384
Gemma-4-31B-it,zeroinfo_named,A_cosine_to_real,platt,naive_full_sample,equal_width,5,61,0.18885448916408668,0.5025924303413927,0.5988933394207085,0.5573056177449811,0.5245901639344263,-0.03271545381055485
Gemma-4-31B-it,zeroinfo_named,A_cosine_to_real,platt,naive_full_sample,equal_width,6,132,0.4086687306501548,0.6016659867614473,0.6993900123867743,0.6541665070509044,0.6666666666666666,0.01250015961576223
Gemma-4-31B-it,zeroinfo_named,A_cosine_to_real,platt,naive_full_sample,equal_width,7,105,0.32507739938080493,0.7008381384635626,0.7908435926635423,0.7363802244266643,0.7238095238095238,-0.012570700617140496
Gemma-4-31B-it,zeroinfo_named,A_cosine_to_real,platt,naive_full_sample,equal_width,8,1,0.0030959752321981426,0.8035340899838356,0.8035340899838356,0.8035340899838356,1.0,0.19646591001616442
Gemma-4-31B-it,zeroinfo_named,A_cosine_to_real,platt,naive_full_sample,equal_mass,0,33,0.1021671826625387,0.32007772902842396,0.5255969124157127,0.45933768037598277,0.5454545454545454,0.08611686507856264
Gemma-4-31B-it,zeroinfo_named,A_cosine_to_real,platt,naive_full_sample,equal_mass,1,33,0.1021671826625387,0.5259435497946994,0.5765597688538032,0.5501372070873977,0.3939393939393939,-0.15619781314800374
Gemma-4-31B-it,zeroinfo_named,A_cosine_to_real,platt,naive_full_sample,equal_mass,2,33,0.1021671826625387,0.5796646367007319,0.6105463940245162,0.5967872646020842,0.6363636363636364,0.039576371761552154
Gemma-4-31B-it,zeroinfo_named,A_cosine_to_real,platt,naive_full_sample,equal_mass,3,32,0.09907120743034056,0.6124147439989399,0.6389700502501232,0.6255431770281308,0.65625,0.03070682297186922
Gemma-4-31B-it,zeroinfo_named,A_cosine_to_real,platt,naive_full_sample,equal_mass,4,32,0.09907120743034056,0.6403871838626471,0.6670316058274098,0.6549785051167496,0.5625,-0.0924785051167496
Gemma-4-31B-it,zeroinfo_named,A_cosine_to_real,platt,naive_full_sample,equal_mass,5,32,0.09907120743034056,0.6681808189594012,0.6841866743176455,0.6769934896103991,0.75,0.07300651038960093
Gemma-4-31B-it,zeroinfo_named,A_cosine_to_real,platt,naive_full_sample,equal_mass,6,32,0.09907120743034056,0.6844592960598379,0.7063334872131427,0.6954303750845237,0.75,0.054569624915476345
Gemma-4-31B-it,zeroinfo_named,A_cosine_to_real,platt,naive_full_sample,equal_mass,7,32,0.09907120743034056,0.7064723340674607,0.7231224073699277,0.7141023766389809,0.75,0.03589762336101909
Gemma-4-31B-it,zeroinfo_named,A_cosine_to_real,platt,naive_full_sample,equal_mass,8,32,0.09907120743034056,0.7231316513495288,0.7465764801867362,0.7347870746014254,0.75,0.01521292539857455
Gemma-4-31B-it,zeroinfo_named,A_cosine_to_real,platt,naive_full_sample,equal_mass,9,32,0.09907120743034056,0.74817125039242,0.8035340899838356,0.772714573029637,0.6875,-0.08521457302963698
Gemma-4-31B-it,zeroinfo_redacted,A_cosine_to_real,isotonic,held_out_crossfit,equal_width,0,10,0.030959752321981424,0.0,0.0,0.0,0.2,0.2
Gemma-4-31B-it,zeroinfo_redacted,A_cosine_to_real,isotonic,held_out_crossfit,equal_width,2,2,0.006191950464396285,0.25,0.25,0.25,0.0,-0.25
Gemma-4-31B-it,zeroinfo_redacted,A_cosine_to_real,isotonic,held_out_crossfit,equal_width,3,68,0.21052631578947367,0.3023255813953488,0.34615384615384615,0.31457171419551716,0.45588235294117646,0.1413106387456593
Gemma-4-31B-it,zeroinfo_redacted,A_cosine_to_real,isotonic,held_out_crossfit,equal_width,5,38,0.11764705882352941,0.6,0.6,0.6000000000000002,0.5789473684210527,-0.021052631578947545
Gemma-4-31B-it,zeroinfo_redacted,A_cosine_to_real,isotonic,held_out_crossfit,equal_width,6,114,0.35294117647058826,0.6111111111111112,0.6666666666666666,0.6407052986000354,0.6140350877192983,-0.026670210880737177
Gemma-4-31B-it,zeroinfo_redacted,A_cosine_to_real,isotonic,held_out_crossfit,equal_width,7,58,0.17956656346749225,0.7142857142857143,0.7916666666666666,0.7615968801313628,0.7758620689655172,0.014265188834154396
Gemma-4-31B-it,zeroinfo_redacted,A_cosine_to_real,isotonic,held_out_crossfit,equal_width,8,33,0.1021671826625387,0.8571428571428571,0.8888888888888888,0.8648388648388649,0.6666666666666666,-0.19817219817219822
Gemma-4-31B-it,zeroinfo_redacted,A_cosine_to_real,isotonic,held_out_crossfit,equal_mass,0,33,0.1021671826625387,0.0,0.3023255813953488,0.20754052149400987,0.45454545454545453,0.24700493305144466
Gemma-4-31B-it,zeroinfo_redacted,A_cosine_to_real,isotonic,held_out_crossfit,equal_mass,1,33,0.1021671826625387,0.3023255813953488,0.34615384615384615,0.3089662275708787,0.36363636363636365,0.05467013606548493
Gemma-4-31B-it,zeroinfo_redacted,A_cosine_to_real,isotonic,held_out_crossfit,equal_mass,2,33,0.1021671826625387,0.34615384615384615,0.6,0.4923076923076923,0.5151515151515151,0.02284382284382286
Gemma-4-31B-it,zeroinfo_redacted,A_cosine_to_real,isotonic,held_out_crossfit,equal_mass,3,32,0.09907120743034056,0.6,0.6111111111111112,0.6045138888888889,0.5,-0.1045138888888889
Gemma-4-31B-it,zeroinfo_redacted,A_cosine_to_real,isotonic,held_out_crossfit,equal_mass,4,32,0.09907120743034056,0.6111111111111112,0.6136363636363636,0.6133207070707072,0.46875,-0.14457070707070718
Gemma-4-31B-it,zeroinfo_redacted,A_cosine_to_real,isotonic,held_out_crossfit,equal_mass,5,32,0.09907120743034056,0.6136363636363636,0.6666666666666666,0.6500946969696969,0.71875,0.0686553030303031
Gemma-4-31B-it,zeroinfo_redacted,A_cosine_to_real,isotonic,held_out_crossfit,equal_mass,6,32,0.09907120743034056,0.6666666666666666,0.6666666666666666,0.6666666666666666,0.6875,0.02083333333333337
Gemma-4-31B-it,zeroinfo_redacted,A_cosine_to_real,isotonic,held_out_crossfit,equal_mass,7,32,0.09907120743034056,0.6666666666666666,0.75,0.7280505952380952,0.78125,0.05319940476190477
Gemma-4-31B-it,zeroinfo_redacted,A_cosine_to_real,isotonic,held_out_crossfit,equal_mass,8,32,0.09907120743034056,0.75,0.8571428571428571,0.7832961309523809,0.78125,-0.0020461309523809312
Gemma-4-31B-it,zeroinfo_redacted,A_cosine_to_real,isotonic,held_out_crossfit,equal_mass,9,32,0.09907120743034056,0.8571428571428571,0.8888888888888888,0.865079365079365,0.6875,-0.177579365079365
Gemma-4-31B-it,zeroinfo_redacted,A_cosine_to_real,isotonic,naive_full_sample,equal_width,0,5,0.015479876160990712,0.0,0.0,0.0,0.0,0.0
Gemma-4-31B-it,zeroinfo_redacted,A_cosine_to_real,isotonic,naive_full_sample,equal_width,1,6,0.018575851393188854,0.16666666666666666,0.16666666666666666,0.16666666666666666,0.16666666666666666,0.0
Gemma-4-31B-it,zeroinfo_redacted,A_cosine_to_real,isotonic,naive_full_sample,equal_width,3,45,0.1393188854489164,0.35555555555555557,0.35555555555555557,0.3555555555555556,0.35555555555555557,-5.551115123125783e-17
Gemma-4-31B-it,zeroinfo_redacted,A_cosine_to_real,isotonic,naive_full_sample,equal_width,4,51,0.15789473684210525,0.4473684210526316,0.46153846153846156,0.4509803921568626,0.45098039215686275,1.6653345369377348e-16
Gemma-4-31B-it,zeroinfo_redacted,A_cosine_to_real,isotonic,naive_full_sample,equal_width,5,63,0.19504643962848298,0.5873015873015873,0.5873015873015873,0.5873015873015875,0.5873015873015873,-2.220446049250313e-16
Gemma-4-31B-it,zeroinfo_redacted,A_cosine_to_real,isotonic,naive_full_sample,equal_width,6,26,0.0804953560371517,0.6666666666666666,0.6956521739130435,0.6923076923076923,0.6923076923076923,0.0
Gemma-4-31B-it,zeroinfo_redacted,A_cosine_to_real,isotonic,naive_full_sample,equal_width,7,79,0.24458204334365324,0.7341772151898734,0.7341772151898734,0.7341772151898736,0.7341772151898734,-1.1102230246251565e-16
Gemma-4-31B-it,zeroinfo_redacted,A_cosine_to_real,isotonic,naive_full_sample,equal_width,8,48,0.14860681114551083,0.8125,0.8125,0.8125,0.8125,0.0
Gemma-4-31B-it,zeroinfo_redacted,A_cosine_to_real,isotonic,naive_full_sample,equal_mass,0,33,0.1021671826625387,0.0,0.35555555555555557,0.2673400673400674,0.24242424242424243,-0.024915824915824947
Gemma-4-31B-it,zeroinfo_redacted,A_cosine_to_real,isotonic,naive_full_sample,equal_mass,1,33,0.1021671826625387,0.35555555555555557,0.4473684210526316,0.383377636009215,0.42424242424242425,0.04086478823320927
Gemma-4-31B-it,zeroinfo_redacted,A_cosine_to_real,isotonic,naive_full_sample,equal_mass,2,33,0.1021671826625387,0.4473684210526316,0.46153846153846156,0.449515396883818,0.45454545454545453,0.0050300576616365555
Gemma-4-31B-it,zeroinfo_redacted,A_cosine_to_real,isotonic,naive_full_sample,equal_mass,3,32,0.09907120743034056,0.46153846153846156,0.5873015873015873,0.5558608058608059,0.59375,0.037889194139194116
Gemma-4-31B-it,zeroinfo_redacted,A_cosine_to_real,isotonic,naive_full_sample,equal_mass,4,32,0.09907120743034056,0.5873015873015873,0.5873015873015873,0.5873015873015873,0.5,-0.08730158730158732
Gemma-4-31B-it,zeroinfo_redacted,A_cosine_to_real,isotonic,naive_full_sample,equal_mass,5,32,0.09907120743034056,0.5873015873015873,0.6956521739130435,0.6692330917874396,0.6875,0.018266908212560384
Gemma-4-31B-it,zeroinfo_redacted,A_cosine_to_real,isotonic,naive_full_sample,equal_mass,6,32,0.09907120743034056,0.6956521739130435,0.7341772151898734,0.7329733076499725,0.6875,-0.04547330764997248
Gemma-4-31B-it,zeroinfo_redacted,A_cosine_to_real,isotonic,naive_full_sample,equal_mass,7,32,0.09907120743034056,0.7341772151898734,0.7341772151898734,0.7341772151898734,0.75,0.015822784810126556
Gemma-4-31B-it,zeroinfo_redacted,A_cosine_to_real,isotonic,naive_full_sample,equal_mass,8,32,0.09907120743034056,0.7341772151898734,0.8125,0.7733386075949367,0.8125,0.03916139240506333
Gemma-4-31B-it,zeroinfo_redacted,A_cosine_to_real,isotonic,naive_full_sample,equal_mass,9,32,0.09907120743034056,0.8125,0.8125,0.8125,0.8125,0.0
Gemma-4-31B-it,zeroinfo_redacted,A_cosine_to_real,platt,held_out_crossfit,equal_width,1,10,0.030959752321981424,0.13376673831104524,0.1989933651136193,0.16854883371858848,0.2,0.031451166281411536
Gemma-4-31B-it,zeroinfo_redacted,A_cosine_to_real,platt,held_out_crossfit,equal_width,2,11,0.034055727554179564,0.20120903364356837,0.29799170488242566,0.25181666558461774,0.5454545454545454,0.2936378798699277
Gemma-4-31B-it,zeroinfo_redacted,A_cosine_to_real,platt,held_out_crossfit,equal_width,3,26,0.0804953560371517,0.30601099720473257,0.39848722894353933,0.3553763047931954,0.2692307692307692,-0.08614553556242616
Gemma-4-31B-it,zeroinfo_redacted,A_cosine_to_real,platt,held_out_crossfit,equal_width,4,31,0.09597523219814241,0.41245820483251583,0.4992019866820838,0.45276314788231004,0.5161290322580645,0.06336588437575447
Gemma-4-31B-it,zeroinfo_redacted,A_cosine_to_real,platt,held_out_crossfit,equal_width,5,68,0.21052631578947367,0.5031210146824799,0.5998477356501296,0.5543014802799329,0.5,-0.05430148027993287
Gemma-4-31B-it,zeroinfo_redacted,A_cosine_to_real,platt,held_out_crossfit,equal_width,6,104,0.3219814241486068,0.6002545261732622,0.6992784632359834,0.6523735078463806,0.6826923076923077,0.030318799845927114
Gemma-4-31B-it,zeroinfo_redacted,A_cosine_to_real,platt,held_out_crossfit,equal_width,7,49,0.15170278637770898,0.7024778725576833,0.7947387837367113,0.7475764873088742,0.7755102040816326,0.027933716772758466
Gemma-4-31B-it,zeroinfo_redacted,A_cosine_to_real,platt,held_out_crossfit,equal_width,8,24,0.07430340557275542,0.811770338097629,0.8883951322721667,0.8373327535153269,0.75,-0.08733275351532688
Gemma-4-31B-it,zeroinfo_redacted,A_cosine_to_real,platt,held_out_crossfit,equal_mass,0,33,0.1021671826625387,0.13376673831104524,0.35175985961385153,0.25557397686181116,0.36363636363636365,0.10806238677455249
Gemma-4-31B-it,zeroinfo_redacted,A_cosine_to_real,platt,held_out_crossfit,equal_mass,1,33,0.1021671826625387,0.3569601416349561,0.4596627172689266,0.40927822021839083,0.36363636363636365,-0.045641856582027185
Gemma-4-31B-it,zeroinfo_redacted,A_cosine_to_real,platt,held_out_crossfit,equal_mass,2,33,0.1021671826625387,0.4612545145381757,0.5382721886950728,0.5074853904566959,0.48484848484848486,-0.022636905608211078
Gemma-4-31B-it,zeroinfo_redacted,A_cosine_to_real,platt,held_out_crossfit,equal_mass,3,32,0.09907120743034056,0.5385840649067083,0.5792822645005604,0.557916113427891,0.5,-0.05791611342789105
Gemma-4-31B-it,zeroinfo_redacted,A_cosine_to_real,platt,held_out_crossfit,equal_mass,4,32,0.09907120743034056,0.5797942392366874,0.6184679837884887,0.60139297188275,0.5625,-0.03889297188274998
Gemma-4-31B-it,zeroinfo_redacted,A_cosine_to_real,platt,held_out_crossfit,equal_mass,5,32,0.09907120743034056,0.6188501231185946,0.6548420549098901,0.6380169258256169,0.6875,0.049483074174383135
Gemma-4-31B-it,zeroinfo_redacted,A_cosine_to_real,platt,held_out_crossfit,equal_mass,6,32,0.09907120743034056,0.6553002222439106,0.6751438839904454,0.6645355388531972,0.75,0.08546446114680284
Gemma-4-31B-it,zeroinfo_redacted,A_cosine_to_real,platt,held_out_crossfit,equal_mass,7,32,0.09907120743034056,0.676081085380747,0.7198686048016928,0.6943579453373452,0.75,0.055642054662654816
Gemma-4-31B-it,zeroinfo_redacted,A_cosine_to_real,platt,held_out_crossfit,equal_mass,8,32,0.09907120743034056,0.7209206527361811,0.7741218080946587,0.7487559601800444,0.78125,0.03249403981995558
Gemma-4-31B-it,zeroinfo_redacted,A_cosine_to_real,platt,held_out_crossfit,equal_mass,9,32,0.09907120743034056,0.7751270615667568,0.8883951322721667,0.823473051256763,0.71875,-0.10472305125676296
Gemma-4-31B-it,zeroinfo_redacted,A_cosine_to_real,platt,naive_full_sample,equal_width,2,18,0.05572755417956656,0.2122027600475872,0.2981789358398012,0.25832982695487827,0.3333333333333333,0.07500350637845504
Gemma-4-31B-it,zeroinfo_redacted,A_cosine_to_real,platt,naive_full_sample,equal_width,3,29,0.08978328173374613,0.303282711610239,0.3985301738933817,0.356268931178922,0.3448275862068966,-0.011441344972025425
Gemma-4-31B-it,zeroinfo_redacted,A_cosine_to_real,platt,naive_full_sample,equal_width,4,29,0.08978328173374613,0.4108285010156235,0.4988070981777842,0.4598512749968739,0.3793103448275862,-0.0805409301692877
Gemma-4-31B-it,zeroinfo_redacted,A_cosine_to_real,platt,naive_full_sample,equal_width,5,67,0.20743034055727555,0.5000339541682166,0.5996243793394332,0.5519376488490667,0.5373134328358209,-0.014624216013245817
Gemma-4-31B-it,zeroinfo_redacted,A_cosine_to_real,platt,naive_full_sample,equal_width,6,102,0.3157894736842105,0.6009146711088821,0.6991712951053557,0.6543741491331813,0.6764705882352942,0.022096439102112897
Gemma-4-31B-it,zeroinfo_redacted,A_cosine_to_real,platt,naive_full_sample,equal_width,7,56,0.17337461300309598,0.7003011211724495,0.7971282567959754,0.7488965109764036,0.7678571428571429,0.018960631880739265
Gemma-4-31B-it,zeroinfo_redacted,A_cosine_to_real,platt,naive_full_sample,equal_width,8,22,0.06811145510835913,0.8014867278593059,0.8610817256841492,0.8188026600422311,0.7727272727272727,-0.046075387314958416
Gemma-4-31B-it,zeroinfo_redacted,A_cosine_to_real,platt,naive_full_sample,equal_mass,0,33,0.1021671826625387,0.2122027600475872,0.35891022489003194,0.2912512564023936,0.36363636363636365,0.07238510723397007
Gemma-4-31B-it,zeroinfo_redacted,A_cosine_to_real,platt,naive_full_sample,equal_mass,1,33,0.1021671826625387,0.3595447156075492,0.47422821876438087,0.41890105603188693,0.3939393939393939,-0.02496166209249301
Gemma-4-31B-it,zeroinfo_redacted,A_cosine_to_real,platt,naive_full_sample,equal_mass,2,33,0.1021671826625387,0.4745871824916943,0.536426786362341,0.5098499675571201,0.36363636363636365,-0.14621360392075644
Gemma-4-31B-it,zeroinfo_redacted,A_cosine_to_real,platt,naive_full_sample,equal_mass,3,32,0.09907120743034056,0.5370311147079961,0.5796254600195876,0.5603964983731446,0.5625,0.002103501626855353
Gemma-4-31B-it,zeroinfo_redacted,A_cosine_to_real,platt,naive_full_sample,equal_mass,4,32,0.09907120743034056,0.5798245657819883,0.6202825927779777,0.6036089638609681,0.625,0.021391036139031927
Gemma-4-31B-it,zeroinfo_redacted,A_cosine_to_real,platt,naive_full_sample,equal_mass,5,32,0.09907120743034056,0.6214606767621161,0.6595269686600624,0.6427653764432392,0.625,-0.017765376443239167
Gemma-4-31B-it,zeroinfo_redacted,A_cosine_to_real,platt,naive_full_sample,equal_mass,6,32,0.09907120743034056,0.6598130993008933,0.6853064267697897,0.6713878498391275,0.75,0.07861215016087253
Gemma-4-31B-it,zeroinfo_redacted,A_cosine_to_real,platt,naive_full_sample,equal_mass,7,32,0.09907120743034056,0.6854798999982593,0.7179547760676601,0.7016850531830436,0.75,0.04831494681695636
Gemma-4-31B-it,zeroinfo_redacted,A_cosine_to_real,platt,naive_full_sample,equal_mass,8,32,0.09907120743034056,0.7183404487209316,0.784178536192943,0.7519254146342306,0.78125,0.02932458536576943
Gemma-4-31B-it,zeroinfo_redacted,A_cosine_to_real,platt,naive_full_sample,equal_mass,9,32,0.09907120743034056,0.784603180415393,0.8610817256841492,0.8099557325615381,0.75,-0.05995573256153808
gemini-3.5-flash-lite,h7_twin_redacted,A_cosine_to_real,isotonic,held_out_crossfit,equal_width,0,1,0.009433962264150943,0.0,0.0,0.0,1.0,1.0
gemini-3.5-flash-lite,h7_twin_redacted,A_cosine_to_real,isotonic,held_out_crossfit,equal_width,6,49,0.46226415094339623,0.625,0.7,0.6756802721088435,0.7346938775510204,0.05901360544217693
gemini-3.5-flash-lite,h7_twin_redacted,A_cosine_to_real,isotonic,held_out_crossfit,equal_width,7,11,0.10377358490566038,0.7272727272727273,0.7272727272727273,0.7272727272727273,0.7272727272727273,0.0
gemini-3.5-flash-lite,h7_twin_redacted,A_cosine_to_real,isotonic,held_out_crossfit,equal_width,8,28,0.2641509433962264,0.8181818181818182,0.8333333333333334,0.8262987012987012,0.75,-0.0762987012987012
gemini-3.5-flash-lite,h7_twin_redacted,A_cosine_to_real,isotonic,held_out_crossfit,equal_width,9,17,0.16037735849056603,0.9090909090909091,1.0,0.9572192513368984,0.8823529411764706,-0.07486631016042788
gemini-3.5-flash-lite,h7_twin_redacted,A_cosine_to_real,isotonic,held_out_crossfit,equal_mass,0,11,0.10377358490566038,0.0,0.625,0.5681818181818182,0.6363636363636364,0.06818181818181812
gemini-3.5-flash-lite,h7_twin_redacted,A_cosine_to_real,isotonic,held_out_crossfit,equal_mass,1,11,0.10377358490566038,0.625,0.6666666666666666,0.662878787878788,0.7272727272727273,0.06439393939393934
gemini-3.5-flash-lite,h7_twin_redacted,A_cosine_to_real,isotonic,held_out_crossfit,equal_mass,2,11,0.10377358490566038,0.6666666666666666,0.7,0.696969696969697,0.8181818181818182,0.12121212121212122
gemini-3.5-flash-lite,h7_twin_redacted,A_cosine_to_real,isotonic,held_out_crossfit,equal_mass,3,11,0.10377358490566038,0.7,0.7,0.7000000000000001,0.8181818181818182,0.11818181818181817
gemini-3.5-flash-lite,h7_twin_redacted,A_cosine_to_real,isotonic,held_out_crossfit,equal_mass,4,11,0.10377358490566038,0.7,0.7272727272727273,0.7123966942148761,0.6363636363636364,-0.0760330578512397
gemini-3.5-flash-lite,h7_twin_redacted,A_cosine_to_real,isotonic,held_out_crossfit,equal_mass,5,11,0.10377358490566038,0.7272727272727273,0.8181818181818182,0.768595041322314,0.9090909090909091,0.14049586776859502
gemini-3.5-flash-lite,h7_twin_redacted,A_cosine_to_real,isotonic,held_out_crossfit,equal_mass,6,10,0.09433962264150944,0.8181818181818182,0.8333333333333334,0.8212121212121213,0.6,-0.2212121212121213
gemini-3.5-flash-lite,h7_twin_redacted,A_cosine_to_real,isotonic,held_out_crossfit,equal_mass,7,10,0.09433962264150944,0.8333333333333334,0.8333333333333334,0.8333333333333334,0.7,-0.13333333333333341
gemini-3.5-flash-lite,h7_twin_redacted,A_cosine_to_real,isotonic,held_out_crossfit,equal_mass,8,10,0.09433962264150944,0.8333333333333334,0.9090909090909091,0.8863636363636364,0.8,-0.08636363636363631
gemini-3.5-flash-lite,h7_twin_redacted,A_cosine_to_real,isotonic,held_out_crossfit,equal_mass,9,10,0.09433962264150944,0.9090909090909091,1.0,0.990909090909091,1.0,0.009090909090909038
gemini-3.5-flash-lite,h7_twin_redacted,A_cosine_to_real,isotonic,naive_full_sample,equal_width,0,1,0.009433962264150943,0.0,0.0,0.0,0.0,0.0
gemini-3.5-flash-lite,h7_twin_redacted,A_cosine_to_real,isotonic,naive_full_sample,equal_width,6,20,0.18867924528301888,0.65,0.65,0.6500000000000001,0.65,-1.1102230246251565e-16
gemini-3.5-flash-lite,h7_twin_redacted,A_cosine_to_real,isotonic,naive_full_sample,equal_width,7,57,0.5377358490566038,0.7435897435897436,0.7777777777777778,0.7543859649122807,0.7543859649122807,0.0
gemini-3.5-flash-lite,h7_twin_redacted,A_cosine_to_real,isotonic,naive_full_sample,equal_width,8,18,0.16981132075471697,0.8333333333333334,0.8333333333333334,0.8333333333333335,0.8333333333333334,-1.1102230246251565e-16
gemini-3.5-flash-lite,h7_twin_redacted,A_cosine_to_real,isotonic,naive_full_sample,equal_width,9,10,0.09433962264150944,1.0,1.0,1.0,1.0,0.0
gemini-3.5-flash-lite,h7_twin_redacted,A_cosine_to_real,isotonic,naive_full_sample,equal_mass,0,11,0.10377358490566038,0.0,0.65,0.590909090909091,0.5454545454545454,-0.045454545454545636
gemini-3.5-flash-lite,h7_twin_redacted,A_cosine_to_real,isotonic,naive_full_sample,equal_mass,1,11,0.10377358490566038,0.65,0.7435897435897436,0.6585081585081586,0.7272727272727273,0.06876456876456871
gemini-3.5-flash-lite,h7_twin_redacted,A_cosine_to_real,isotonic,naive_full_sample,equal_mass,2,11,0.10377358490566038,0.7435897435897436,0.7435897435897436,0.7435897435897435,0.7272727272727273,-0.01631701631701621
gemini-3.5-flash-lite,h7_twin_redacted,A_cosine_to_real,isotonic,naive_full_sample,equal_mass,3,11,0.10377358490566038,0.7435897435897436,0.7435897435897436,0.7435897435897435,1.0,0.2564102564102565
gemini-3.5-flash-lite,h7_twin_redacted,A_cosine_to_real,isotonic,naive_full_sample,equal_mass,4,11,0.10377358490566038,0.7435897435897436,0.7435897435897436,0.7435897435897435,0.5454545454545454,-0.1981351981351981
gemini-3.5-flash-lite,h7_twin_redacted,A_cosine_to_real,isotonic,naive_full_sample,equal_mass,5,11,0.10377358490566038,0.7435897435897436,0.7777777777777778,0.7622377622377623,0.8181818181818182,0.05594405594405594
gemini-3.5-flash-lite,h7_twin_redacted,A_cosine_to_real,isotonic,naive_full_sample,equal_mass,6,10,0.09433962264150944,0.7777777777777778,0.7777777777777778,0.7777777777777778,0.7,-0.07777777777777783
gemini-3.5-flash-lite,h7_twin_redacted,A_cosine_to_real,isotonic,naive_full_sample,equal_mass,7,10,0.09433962264150944,0.7777777777777778,0.8333333333333334,0.8222222222222222,0.6,-0.2222222222222222
gemini-3.5-flash-lite,h7_twin_redacted,A_cosine_to_real,isotonic,naive_full_sample,equal_mass,8,10,0.09433962264150944,0.8333333333333334,0.8333333333333334,0.8333333333333334,1.0,0.16666666666666663
gemini-3.5-flash-lite,h7_twin_redacted,A_cosine_to_real,isotonic,naive_full_sample,equal_mass,9,10,0.09433962264150944,1.0,1.0,1.0,1.0,0.0
gemini-3.5-flash-lite,h7_twin_redacted,A_cosine_to_real,platt,held_out_crossfit,equal_width,5,3,0.02830188679245283,0.5421388637667134,0.5859464198265677,0.5656849582157736,1.0,0.4343150417842264
gemini-3.5-flash-lite,h7_twin_redacted,A_cosine_to_real,platt,held_out_crossfit,equal_width,6,10,0.09433962264150944,0.6092090831581541,0.6854451691397456,0.6494271925560706,0.6,-0.04942719255607064
gemini-3.5-flash-lite,h7_twin_redacted,A_cosine_to_real,platt,held_out_crossfit,equal_width,7,68,0.6415094339622641,0.7054127164882509,0.7996121504450258,0.7633427678197391,0.7352941176470589,-0.028048650172680212
gemini-3.5-flash-lite,h7_twin_redacted,A_cosine_to_real,platt,held_out_crossfit,equal_width,8,25,0.2358490566037736,0.800027706712341,0.8776938893396328,0.8176433007775203,0.88,0.06235669922247966
gemini-3.5-flash-lite,h7_twin_redacted,A_cosine_to_real,platt,held_out_crossfit,equal_mass,0,11,0.10377358490566038,0.5421388637667134,0.6754727263434629,0.6208046606324434,0.7272727272727273,0.10646806664028385
gemini-3.5-flash-lite,h7_twin_redacted,A_cosine_to_real,platt,held_out_crossfit,equal_mass,1,11,0.10377358490566038,0.6770303641114032,0.7328163068253859,0.7126779684406005,0.6363636363636364,-0.07631433207696414
gemini-3.5-flash-lite,h7_twin_redacted,A_cosine_to_real,platt,held_out_crossfit,equal_mass,2,11,0.10377358490566038,0.7339433693444596,0.7470564511490131,0.7381298253226215,0.7272727272727273,-0.01085709804989421
gemini-3.5-flash-lite,h7_twin_redacted,A_cosine_to_real,platt,held_out_crossfit,equal_mass,3,11,0.10377358490566038,0.7503457690589121,0.7651957889468289,0.7589862088565763,0.7272727272727273,-0.03171348158384901
gemini-3.5-flash-lite,h7_twin_redacted,A_cosine_to_real,platt,held_out_crossfit,equal_mass,4,11,0.10377358490566038,0.7657400303975043,0.7756604356545295,0.7703219852055262,0.8181818181818182,0.04785983297629204
gemini-3.5-flash-lite,h7_twin_redacted,A_cosine_to_real,platt,held_out_crossfit,equal_mass,5,11,0.10377358490566038,0.7759999889154537,0.7850716100607146,0.7814601726756432,0.6363636363636364,-0.1450965363120068
gemini-3.5-flash-lite,h7_twin_redacted,A_cosine_to_real,platt,held_out_crossfit,equal_mass,6,10,0.09433962264150944,0.7860302981082754,0.7944484100532557,0.790479340537889,0.7,-0.09047934053788909
gemini-3.5-flash-lite,h7_twin_redacted,A_cosine_to_real,platt,held_out_crossfit,equal_mass,7,10,0.09433962264150944,0.7957799880577612,0.8032129228297922,0.7995437646788621,1.0,0.20045623532113788
gemini-3.5-flash-lite,h7_twin_redacted,A_cosine_to_real,platt,held_out_crossfit,equal_mass,8,10,0.09433962264150944,0.8036163915283465,0.8129005605568997,0.8087402121590431,0.9,0.0912597878409569
gemini-3.5-flash-lite,h7_twin_redacted,A_cosine_to_real,platt,held_out_crossfit,equal_mass,9,10,0.09433962264150944,0.8129544225777511,0.8776938893396328,0.8345895325162835,0.8,-0.034589532516283494
gemini-3.5-flash-lite,h7_twin_redacted,A_cosine_to_real,platt,naive_full_sample,equal_width,5,1,0.009433962264150943,0.5905069675291683,0.5905069675291683,0.5905069675291683,0.0,-0.5905069675291683
gemini-3.5-flash-lite,h7_twin_redacted,A_cosine_to_real,platt,naive_full_sample,equal_width,6,16,0.1509433962264151,0.6180676088700945,0.6918103402357676,0.6612340689270001,0.75,0.0887659310729999
gemini-3.5-flash-lite,h7_twin_redacted,A_cosine_to_real,platt,naive_full_sample,equal_width,7,57,0.5377358490566038,0.703088160787486,0.7999661905876606,0.7602834361504478,0.7192982456140351,-0.0409851905364127
gemini-3.5-flash-lite,h7_twin_redacted,A_cosine_to_real,platt,naive_full_sample,equal_width,8,32,0.3018867924528302,0.8021125344670269,0.8702914150202335,0.826362949391606,0.875,0.04863705060839396
gemini-3.5-flash-lite,h7_twin_redacted,A_cosine_to_real,platt,naive_full_sample,equal_mass,0,11,0.10377358490566038,0.5905069675291683,0.6689663238294988,0.6425700729394956,0.8181818181818182,0.1756117452423226
gemini-3.5-flash-lite,h7_twin_redacted,A_cosine_to_real,platt,naive_full_sample,equal_mass,1,11,0.10377358490566038,0.672716130641589,0.7178240103683291,0.6963768153202973,0.45454545454545453,-0.24183136077484274
gemini-3.5-flash-lite,h7_twin_redacted,A_cosine_to_real,platt,naive_full_sample,equal_mass,2,11,0.10377358490566038,0.7183090890235225,0.7469456498166658,0.7350915458427916,0.8181818181818182,0.08309027233902666
gemini-3.5-flash-lite,h7_twin_redacted,A_cosine_to_real,platt,naive_full_sample,equal_mass,3,11,0.10377358490566038,0.7476929074664207,0.7580196433006755,0.7527149930232219,0.7272727272727273,-0.025442265750494575
gemini-3.5-flash-lite,h7_twin_redacted,A_cosine_to_real,platt,naive_full_sample,equal_mass,4,11,0.10377358490566038,0.7583423172349892,0.7730157193570216,0.7655522742054282,0.8181818181818182,0.05262954397639008
gemini-3.5-flash-lite,h7_twin_redacted,A_cosine_to_real,platt,naive_full_sample,equal_mass,5,11,0.10377358490566038,0.7763255830994441,0.7896470172423729,0.7837950566747612,0.7272727272727273,-0.056522329402033944
gemini-3.5-flash-lite,h7_twin_redacted,A_cosine_to_real,platt,naive_full_sample,equal_mass,6,10,0.09433962264150944,0.790492835970552,0.8041296256121848,0.7975541752949955,0.7,-0.09755417529499555
gemini-3.5-flash-lite,h7_twin_redacted,A_cosine_to_real,platt,naive_full_sample,equal_mass,7,10,0.09433962264150944,0.8044029253873501,0.8128943912919684,0.8097290305757181,0.9,0.09027096942428192
gemini-3.5-flash-lite,h7_twin_redacted,A_cosine_to_real,platt,naive_full_sample,equal_mass,8,10,0.09433962264150944,0.8129951548292796,0.8313411314045475,0.8231725469618747,0.7,-0.12317254696187474
gemini-3.5-flash-lite,h7_twin_redacted,A_cosine_to_real,platt,naive_full_sample,equal_mass,9,10,0.09433962264150944,0.8376064800404396,0.8702914150202335,0.8508356445076256,1.0,0.1491643554923744
gemini-3.5-flash-lite,imposter_redacted,A_cosine_to_real,isotonic,held_out_crossfit,equal_width,0,10,0.03773584905660377,0.0,0.0,0.0,0.3,0.3
gemini-3.5-flash-lite,imposter_redacted,A_cosine_to_real,isotonic,held_out_crossfit,equal_width,4,12,0.045283018867924525,0.45454545454545453,0.45454545454545453,0.4545454545454544,0.5833333333333334,0.12878787878787895
gemini-3.5-flash-lite,imposter_redacted,A_cosine_to_real,isotonic,held_out_crossfit,equal_width,5,69,0.26037735849056604,0.5,0.5384615384615384,0.5078037904124861,0.5652173913043478,0.05741360089186165
gemini-3.5-flash-lite,imposter_redacted,A_cosine_to_real,isotonic,held_out_crossfit,equal_width,6,89,0.33584905660377357,0.625,0.6792452830188679,0.6553688785244859,0.5955056179775281,-0.059863260546957786
gemini-3.5-flash-lite,imposter_redacted,A_cosine_to_real,isotonic,held_out_crossfit,equal_width,7,9,0.033962264150943396,0.75,0.75,0.75,0.8888888888888888,0.13888888888888884
gemini-3.5-flash-lite,imposter_redacted,A_cosine_to_real,isotonic,held_out_crossfit,equal_width,8,54,0.2037735849056604,0.8,0.8666666666666667,0.8202020202020202,0.8333333333333334,0.013131313131313216
gemini-3.5-flash-lite,imposter_redacted,A_cosine_to_real,isotonic,held_out_crossfit,equal_width,9,22,0.0830188679245283,0.9166666666666666,1.0,0.965909090909091,0.8636363636363636,-0.1022727272727274
gemini-3.5-flash-lite,imposter_redacted,A_cosine_to_real,isotonic,held_out_crossfit,equal_mass,0,27,0.1018867924528302,0.0,0.5,0.2946127946127946,0.4444444444444444,0.14983164983164982
gemini-3.5-flash-lite,imposter_redacted,A_cosine_to_real,isotonic,held_out_crossfit,equal_mass,1,27,0.1018867924528302,0.5,0.5,0.5,0.7037037037037037,0.20370370370370372
gemini-3.5-flash-lite,imposter_redacted,A_cosine_to_real,isotonic,held_out_crossfit,equal_mass,2,27,0.1018867924528302,0.5,0.5384615384615384,0.5056980056980057,0.5185185185185185,0.012820512820512775
gemini-3.5-flash-lite,imposter_redacted,A_cosine_to_real,isotonic,held_out_crossfit,equal_mass,3,27,0.1018867924528302,0.5384615384615384,0.6363636363636364,0.5954739704739703,0.5925925925925926,-0.002881377881377767
gemini-3.5-flash-lite,imposter_redacted,A_cosine_to_real,isotonic,held_out_crossfit,equal_mass,4,27,0.1018867924528302,0.6363636363636364,0.6363636363636364,0.6363636363636365,0.5925925925925926,-0.043771043771043905
gemini-3.5-flash-lite,imposter_redacted,A_cosine_to_real,isotonic,held_out_crossfit,equal_mass,5,26,0.09811320754716982,0.6666666666666666,0.6792452830188679,0.6748911465892599,0.46153846153846156,-0.2133526850507983
gemini-3.5-flash-lite,imposter_redacted,A_cosine_to_real,isotonic,held_out_crossfit,equal_mass,6,26,0.09811320754716982,0.6792452830188679,0.75,0.6982946298984035,0.7307692307692307,0.03247460087082721
gemini-3.5-flash-lite,imposter_redacted,A_cosine_to_real,isotonic,held_out_crossfit,equal_mass,7,26,0.09811320754716982,0.75,0.8,0.7961538461538462,0.8076923076923077,0.011538461538461497
gemini-3.5-flash-lite,imposter_redacted,A_cosine_to_real,isotonic,held_out_crossfit,equal_mass,8,26,0.09811320754716982,0.8,0.8666666666666667,0.8317016317016317,0.8846153846153846,0.05291375291375289
gemini-3.5-flash-lite,imposter_redacted,A_cosine_to_real,isotonic,held_out_crossfit,equal_mass,9,26,0.09811320754716982,0.8666666666666667,1.0,0.9506410256410256,0.8461538461538461,-0.10448717948717945
gemini-3.5-flash-lite,imposter_redacted,A_cosine_to_real,isotonic,naive_full_sample,equal_width,0,7,0.026415094339622643,0.0,0.0,0.0,0.0,0.0
gemini-3.5-flash-lite,imposter_redacted,A_cosine_to_real,isotonic,naive_full_sample,equal_width,4,50,0.18867924528301888,0.49999999999999994,0.49999999999999994,0.49999999999999994,0.5,5.551115123125783e-17
gemini-3.5-flash-lite,imposter_redacted,A_cosine_to_real,isotonic,naive_full_sample,equal_width,5,33,0.12452830188679245,0.5,0.5806451612903226,0.5757575757575759,0.5757575757575758,-1.1102230246251565e-16
gemini-3.5-flash-lite,imposter_redacted,A_cosine_to_real,isotonic,naive_full_sample,equal_width,6,85,0.32075471698113206,0.6333333333333333,0.6363636363636364,0.6352941176470587,0.6352941176470588,1.1102230246251565e-16
gemini-3.5-flash-lite,imposter_redacted,A_cosine_to_real,isotonic,naive_full_sample,equal_width,7,7,0.026415094339622643,0.7142857142857143,0.7142857142857143,0.7142857142857143,0.7142857142857143,0.0
gemini-3.5-flash-lite,imposter_redacted,A_cosine_to_real,isotonic,naive_full_sample,equal_width,8,76,0.28679245283018867,0.8125,0.8928571428571429,0.8421052631578947,0.8421052631578947,0.0
gemini-3.5-flash-lite,imposter_redacted,A_cosine_to_real,isotonic,naive_full_sample,equal_width,9,7,0.026415094339622643,1.0,1.0,1.0,1.0,0.0
gemini-3.5-flash-lite,imposter_redacted,A_cosine_to_real,isotonic,naive_full_sample,equal_mass,0,27,0.1018867924528302,0.0,0.49999999999999994,0.3703703703703703,0.2962962962962963,-0.07407407407407401
gemini-3.5-flash-lite,imposter_redacted,A_cosine_to_real,isotonic,naive_full_sample,equal_mass,1,27,0.1018867924528302,0.49999999999999994,0.49999999999999994,0.49999999999999994,0.5555555555555556,0.055555555555555636
gemini-3.5-flash-lite,imposter_redacted,A_cosine_to_real,isotonic,naive_full_sample,equal_mass,2,27,0.1018867924528302,0.49999999999999994,0.5806451612903226,0.565710872162485,0.5925925925925926,0.026881720430107614
gemini-3.5-flash-lite,imposter_redacted,A_cosine_to_real,isotonic,naive_full_sample,equal_mass,3,27,0.1018867924528302,0.5806451612903226,0.6333333333333333,0.6157706093189964,0.7037037037037037,0.08793309438470731
gemini-3.5-flash-lite,imposter_redacted,A_cosine_to_real,isotonic,naive_full_sample,equal_mass,4,27,0.1018867924528302,0.6333333333333333,0.6363636363636364,0.635016835016835,0.48148148148148145,-0.15353535353535358
gemini-3.5-flash-lite,imposter_redacted,A_cosine_to_real,isotonic,naive_full_sample,equal_mass,5,26,0.09811320754716982,0.6363636363636364,0.6363636363636364,0.6363636363636365,0.6923076923076923,0.055944055944055826
gemini-3.5-flash-lite,imposter_redacted,A_cosine_to_real,isotonic,naive_full_sample,equal_mass,6,26,0.09811320754716982,0.6363636363636364,0.8125,0.6912150349650349,0.6923076923076923,0.0010926573426573993
gemini-3.5-flash-lite,imposter_redacted,A_cosine_to_real,isotonic,naive_full_sample,equal_mass,7,26,0.09811320754716982,0.8125,0.8125,0.8125,0.8076923076923077,-0.004807692307692291
gemini-3.5-flash-lite,imposter_redacted,A_cosine_to_real,isotonic,naive_full_sample,equal_mass,8,26,0.09811320754716982,0.8125,0.8928571428571429,0.8403159340659341,0.8846153846153846,0.0442994505494505
gemini-3.5-flash-lite,imposter_redacted,A_cosine_to_real,isotonic,naive_full_sample,equal_mass,9,26,0.09811320754716982,0.8928571428571429,1.0,0.9217032967032968,0.8846153846153846,-0.03708791208791218
gemini-3.5-flash-lite,imposter_redacted,A_cosine_to_real,platt,held_out_crossfit,equal_width,1,2,0.007547169811320755,0.176714500061482,0.19656628418591987,0.18664039212370093,0.0,-0.18664039212370093
gemini-3.5-flash-lite,imposter_redacted,A_cosine_to_real,platt,held_out_crossfit,equal_width,2,1,0.0037735849056603774,0.2713712601539901,0.2713712601539901,0.2713712601539901,0.0,-0.2713712601539901
gemini-3.5-flash-lite,imposter_redacted,A_cosine_to_real,platt,held_out_crossfit,equal_width,3,9,0.033962264150943396,0.3137535440144916,0.3898245500854452,0.35747991486333996,0.4444444444444444,0.08696452958110445
gemini-3.5-flash-lite,imposter_redacted,A_cosine_to_real,platt,held_out_crossfit,equal_width,4,23,0.08679245283018867,0.401496688183921,0.49242172844236565,0.446157250310916,0.5652173913043478,0.11906014099343176
gemini-3.5-flash-lite,imposter_redacted,A_cosine_to_real,platt,held_out_crossfit,equal_width,5,44,0.1660377358490566,0.5022475213577718,0.5995706605648683,0.5556104042636462,0.5227272727272727,-0.032883131536373456
gemini-3.5-flash-lite,imposter_redacted,A_cosine_to_real,platt,held_out_crossfit,equal_width,6,75,0.2830188679245283,0.6003617902463987,0.6996939499629011,0.6513775612121061,0.64,-0.011377561212106091
gemini-3.5-flash-lite,imposter_redacted,A_cosine_to_real,platt,held_out_crossfit,equal_width,7,74,0.2792452830188679,0.700101854407696,0.7981027101736897,0.7549441950462719,0.7162162162162162,-0.03872797883005563
gemini-3.5-flash-lite,imposter_redacted,A_cosine_to_real,platt,held_out_crossfit,equal_width,8,37,0.13962264150943396,0.8012828550685862,0.8920653512045417,0.8344965149775827,0.8918918918918919,0.05739537691430918
gemini-3.5-flash-lite,imposter_redacted,A_cosine_to_real,platt,held_out_crossfit,equal_mass,0,27,0.1018867924528302,0.176714500061482,0.46055722903627294,0.3811604743361822,0.4444444444444444,0.0632839701082622
gemini-3.5-flash-lite,imposter_redacted,A_cosine_to_real,platt,held_out_crossfit,equal_mass,1,27,0.1018867924528302,0.4616008799380533,0.5504907854944074,0.5116801381713938,0.48148148148148145,-0.03019865668991234
gemini-3.5-flash-lite,imposter_redacted,A_cosine_to_real,platt,held_out_crossfit,equal_mass,2,27,0.1018867924528302,0.5527605585261588,0.6006164445664215,0.5801750933344896,0.6296296296296297,0.04945453629514007
gemini-3.5-flash-lite,imposter_redacted,A_cosine_to_real,platt,held_out_crossfit,equal_mass,3,27,0.1018867924528302,0.602143909434832,0.6380657579275334,0.6189349903610093,0.6296296296296297,0.010694639268620354
gemini-3.5-flash-lite,imposter_redacted,A_cosine_to_real,platt,held_out_crossfit,equal_mass,4,27,0.1018867924528302,0.6386967695637169,0.6792958893403952,0.6611153599258576,0.5925925925925926,-0.06852276733326501
gemini-3.5-flash-lite,imposter_redacted,A_cosine_to_real,platt,held_out_crossfit,equal_mass,5,26,0.09811320754716982,0.6799799759659249,0.7129492893906043,0.6940738437981311,0.6153846153846154,-0.07868922841351567
gemini-3.5-flash-lite,imposter_redacted,A_cosine_to_real,platt,held_out_crossfit,equal_mass,6,26,0.09811320754716982,0.7142094195662628,0.7515608929792871,0.7367449122069127,0.6538461538461539,-0.08289875836075888
gemini-3.5-flash-lite,imposter_redacted,A_cosine_to_real,platt,held_out_crossfit,equal_mass,7,26,0.09811320754716982,0.7532789135024646,0.7838334239857698,0.7646129003029629,0.8461538461538461,0.08154094585088323
gemini-3.5-flash-lite,imposter_redacted,A_cosine_to_real,platt,held_out_crossfit,equal_mass,8,26,0.09811320754716982,0.7842289418689624,0.8174363391168386,0.798864465055053,0.8076923076923077,0.008827842637254668
gemini-3.5-flash-lite,imposter_redacted,A_cosine_to_real,platt,held_out_crossfit,equal_mass,9,26,0.09811320754716982,0.8194543667998766,0.8920653512045417,0.8454431434809562,0.8846153846153846,0.03917224113442841
gemini-3.5-flash-lite,imposter_redacted,A_cosine_to_real,platt,naive_full_sample,equal_width,1,1,0.0037735849056603774,0.18680591591531537,0.18680591591531537,0.18680591591531537,0.0,-0.18680591591531537
gemini-3.5-flash-lite,imposter_redacted,A_cosine_to_real,platt,naive_full_sample,equal_width,2,3,0.011320754716981131,0.23088546923778408,0.28350527293200345,0.25550223599718874,0.0,-0.25550223599718874
gemini-3.5-flash-lite,imposter_redacted,A_cosine_to_real,platt,naive_full_sample,equal_width,3,10,0.03773584905660377,0.32958529919361856,0.3890365230578505,0.3706710916989737,0.6,0.22932890830102626
gemini-3.5-flash-lite,imposter_redacted,A_cosine_to_real,platt,naive_full_sample,equal_width,4,26,0.09811320754716982,0.4026080090931336,0.49964785055300076,0.4545332179410245,0.5,0.045466782058975475
gemini-3.5-flash-lite,imposter_redacted,A_cosine_to_real,platt,naive_full_sample,equal_width,5,43,0.16226415094339622,0.5086218231622867,0.5997769480731269,0.5588411063194781,0.5348837209302325,-0.023957385389245633
gemini-3.5-flash-lite,imposter_redacted,A_cosine_to_real,platt,naive_full_sample,equal_width,6,67,0.2528301886792453,0.600307614754508,0.699337417301679,0.6525887099660208,0.6268656716417911,-0.02572303832422973
gemini-3.5-flash-lite,imposter_redacted,A_cosine_to_real,platt,naive_full_sample,equal_width,7,74,0.2792452830188679,0.7020734614145231,0.7998494963333628,0.7514070991504456,0.7297297297297297,-0.021677369420715853
gemini-3.5-flash-lite,imposter_redacted,A_cosine_to_real,platt,naive_full_sample,equal_width,8,41,0.15471698113207547,0.8016862804526669,0.8840594705852634,0.8330301116112772,0.8780487804878049,0.04501866887652772
gemini-3.5-flash-lite,imposter_redacted,A_cosine_to_real,platt,naive_full_sample,equal_mass,0,27,0.1018867924528302,0.18680591591531537,0.4529397079460369,0.38041954596967575,0.4444444444444444,0.06402489847476867
gemini-3.5-flash-lite,imposter_redacted,A_cosine_to_real,platt,naive_full_sample,equal_mass,1,27,0.1018867924528302,0.4554029725340461,0.5444301079061359,0.5040662809533628,0.48148148148148145,-0.022584799471881356
gemini-3.5-flash-lite,imposter_redacted,A_cosine_to_real,platt,naive_full_sample,equal_mass,2,27,0.1018867924528302,0.5463406480806311,0.5962009779553943,0.5714306803623568,0.5925925925925926,0.02116191223023578
gemini-3.5-flash-lite,imposter_redacted,A_cosine_to_real,platt,naive_full_sample,equal_mass,3,27,0.1018867924528302,0.5985321343220178,0.638922450818338,0.6186320089217786,0.5925925925925926,-0.02603941632918605
gemini-3.5-flash-lite,imposter_redacted,A_cosine_to_real,platt,naive_full_sample,equal_mass,4,27,0.1018867924528302,0.6416685308324972,0.6820920573030718,0.6605928363139414,0.7037037037037037,0.04311086738976233
gemini-3.5-flash-lite,imposter_redacted,A_cosine_to_real,platt,naive_full_sample,equal_mass,5,26,0.09811320754716982,0.6840324372199547,0.7135554573727674,0.6992198719799068,0.6153846153846154,-0.08383525659529134
gemini-3.5-flash-lite,imposter_redacted,A_cosine_to_real,platt,naive_full_sample,equal_mass,6,26,0.09811320754716982,0.7155716847322409,0.7544219022095469,0.7370115514679297,0.6153846153846154,-0.12162693608331432
gemini-3.5-flash-lite,imposter_redacted,A_cosine_to_real,platt,naive_full_sample,equal_mass,7,26,0.09811320754716982,0.7548780175502734,0.7864288277577454,0.7660269328358976,0.8461538461538461,0.08012691331794852
gemini-3.5-flash-lite,imposter_redacted,A_cosine_to_real,platt,naive_full_sample,equal_mass,8,26,0.09811320754716982,0.7878407905829095,0.8229695942899001,0.8030097119536126,0.8076923076923077,0.004682595738695117
gemini-3.5-flash-lite,imposter_redacted,A_cosine_to_real,platt,naive_full_sample,equal_mass,9,26,0.09811320754716982,0.8263746319857181,0.8840594705852634,0.8463104602991701,0.8846153846153846,0.03830492431621446
gemini-3.5-flash-lite,twin_named,A_cosine_to_real,isotonic,held_out_crossfit,equal_width,0,1,0.0031645569620253164,0.0,0.0,0.0,1.0,1.0
gemini-3.5-flash-lite,twin_named,A_cosine_to_real,isotonic,held_out_crossfit,equal_width,5,9,0.028481012658227847,0.5,0.5,0.5,0.8888888888888888,0.38888888888888884
gemini-3.5-flash-lite,twin_named,A_cosine_to_real,isotonic,held_out_crossfit,equal_width,6,65,0.20569620253164558,0.631578947368421,0.6363636363636364,0.6329775487670224,0.8,0.16702245123297765
gemini-3.5-flash-lite,twin_named,A_cosine_to_real,isotonic,held_out_crossfit,equal_width,7,38,0.12025316455696203,0.7272727272727273,0.75,0.7386363636363636,0.6842105263157895,-0.054425837320574155
gemini-3.5-flash-lite,twin_named,A_cosine_to_real,isotonic,held_out_crossfit,equal_width,8,138,0.43670886075949367,0.8043478260869565,0.875,0.8209155489543014,0.7608695652173914,-0.06004598373691006
gemini-3.5-flash-lite,twin_named,A_cosine_to_real,isotonic,held_out_crossfit,equal_width,9,65,0.20569620253164558,0.9090909090909091,1.0,0.9362470862470862,0.8923076923076924,-0.043939393939393834
gemini-3.5-flash-lite,twin_named,A_cosine_to_real,isotonic,held_out_crossfit,equal_mass,0,32,0.10126582278481013,0.0,0.631578947368421,0.5748355263157894,0.84375,0.2689144736842106
gemini-3.5-flash-lite,twin_named,A_cosine_to_real,isotonic,held_out_crossfit,equal_mass,1,32,0.10126582278481013,0.631578947368421,0.6363636363636364,0.6327751196172249,0.78125,0.14847488038277512
gemini-3.5-flash-lite,twin_named,A_cosine_to_real,isotonic,held_out_crossfit,equal_mass,2,32,0.10126582278481013,0.6363636363636364,0.75,0.6974431818181819,0.6875,-0.009943181818181879
gemini-3.5-flash-lite,twin_named,A_cosine_to_real,isotonic,held_out_crossfit,equal_mass,3,32,0.10126582278481013,0.75,0.8043478260869565,0.7754755434782609,0.65625,-0.11922554347826086
gemini-3.5-flash-lite,twin_named,A_cosine_to_real,isotonic,held_out_crossfit,equal_mass,4,32,0.10126582278481013,0.8043478260869565,0.82,0.8092391304347826,0.71875,-0.09048913043478257
gemini-3.5-flash-lite,twin_named,A_cosine_to_real,isotonic,held_out_crossfit,equal_mass,5,32,0.10126582278481013,0.82,0.82,0.82,0.84375,0.02375000000000005
gemini-3.5-flash-lite,twin_named,A_cosine_to_real,isotonic,held_out_crossfit,equal_mass,6,31,0.0981012658227848,0.82,0.8285714285714286,0.8269124423963135,0.7741935483870968,-0.0527188940092167
gemini-3.5-flash-lite,twin_named,A_cosine_to_real,isotonic,held_out_crossfit,equal_mass,7,31,0.0981012658227848,0.8285714285714286,0.9090909090909091,0.844466554950426,0.8387096774193549,-0.005756877531071125
gemini-3.5-flash-lite,twin_named,A_cosine_to_real,isotonic,held_out_crossfit,equal_mass,8,31,0.0981012658227848,0.9090909090909091,0.9166666666666666,0.9127565982404695,0.8387096774193549,-0.07404692082111464
gemini-3.5-flash-lite,twin_named,A_cosine_to_real,isotonic,held_out_crossfit,equal_mass,9,31,0.0981012658227848,0.9166666666666666,1.0,0.9623655913978494,0.9354838709677419,-0.026881720430107503
gemini-3.5-flash-lite,twin_named,A_cosine_to_real,isotonic,naive_full_sample,equal_width,5,2,0.006329113924050633,0.5,0.5,0.5,0.5,0.0
gemini-3.5-flash-lite,twin_named,A_cosine_to_real,isotonic,naive_full_sample,equal_width,6,43,0.1360759493670886,0.6744186046511628,0.6744186046511628,0.6744186046511627,0.6744186046511628,1.1102230246251565e-16
gemini-3.5-flash-lite,twin_named,A_cosine_to_real,isotonic,naive_full_sample,equal_width,7,91,0.2879746835443038,0.7027027027027027,0.7407407407407407,0.7252747252747255,0.7252747252747253,-2.220446049250313e-16
gemini-3.5-flash-lite,twin_named,A_cosine_to_real,isotonic,naive_full_sample,equal_width,8,140,0.4430379746835443,0.8,0.8888888888888888,0.8285714285714286,0.8285714285714286,0.0
gemini-3.5-flash-lite,twin_named,A_cosine_to_real,isotonic,naive_full_sample,equal_width,9,40,0.12658227848101267,0.9259259259259259,1.0,0.95,0.95,0.0
gemini-3.5-flash-lite,twin_named,A_cosine_to_real,isotonic,naive_full_sample,equal_mass,0,32,0.10126582278481013,0.5,0.6744186046511628,0.663517441860465,0.6875,0.023982558139534982
gemini-3.5-flash-lite,twin_named,A_cosine_to_real,isotonic,naive_full_sample,equal_mass,1,32,0.10126582278481013,0.6744186046511628,0.7027027027027027,0.6912122878692646,0.65625,-0.034962287869264586
gemini-3.5-flash-lite,twin_named,A_cosine_to_real,isotonic,naive_full_sample,equal_mass,2,32,0.10126582278481013,0.7027027027027027,0.7407407407407407,0.7193443443443444,0.78125,0.061905655655655645
gemini-3.5-flash-lite,twin_named,A_cosine_to_real,isotonic,naive_full_sample,equal_mass,3,32,0.10126582278481013,0.7407407407407407,0.7407407407407407,0.7407407407407407,0.6875,-0.0532407407407407
gemini-3.5-flash-lite,twin_named,A_cosine_to_real,isotonic,naive_full_sample,equal_mass,4,32,0.10126582278481013,0.7407407407407407,0.8072289156626506,0.7883478357875948,0.75,-0.03834783578759482
gemini-3.5-flash-lite,twin_named,A_cosine_to_real,isotonic,naive_full_sample,equal_mass,5,32,0.10126582278481013,0.8072289156626506,0.8072289156626506,0.8072289156626506,0.875,0.06777108433734935
gemini-3.5-flash-lite,twin_named,A_cosine_to_real,isotonic,naive_full_sample,equal_mass,6,31,0.0981012658227848,0.8072289156626506,0.8072289156626506,0.8072289156626509,0.8064516129032258,-0.0007773027594251136
gemini-3.5-flash-lite,twin_named,A_cosine_to_real,isotonic,naive_full_sample,equal_mass,7,31,0.0981012658227848,0.8072289156626506,0.868421052631579,0.8565774132182379,0.8709677419354839,0.014390328717245993
gemini-3.5-flash-lite,twin_named,A_cosine_to_real,isotonic,naive_full_sample,equal_mass,8,31,0.0981012658227848,0.868421052631579,0.9259259259259259,0.891058290888512,0.8387096774193549,-0.05234861346915709
gemini-3.5-flash-lite,twin_named,A_cosine_to_real,isotonic,naive_full_sample,equal_mass,9,31,0.0981012658227848,0.9259259259259259,1.0,0.956989247311828,0.967741935483871,0.010752688172043001
gemini-3.5-flash-lite,twin_named,A_cosine_to_real,platt,held_out_crossfit,equal_width,4,1,0.0031645569620253164,0.4506445800719313,0.4506445800719313,0.4506445800719313,1.0,0.5493554199280687
gemini-3.5-flash-lite,twin_named,A_cosine_to_real,platt,held_out_crossfit,equal_width,5,4,0.012658227848101266,0.5755324802698555,0.5934858805038139,0.5837761741809786,0.5,-0.0837761741809786
gemini-3.5-flash-lite,twin_named,A_cosine_to_real,platt,held_out_crossfit,equal_width,6,33,0.10443037974683544,0.6012786488465364,0.6999797097769134,0.6673471878803796,0.7878787878787878,0.12053159999840823
gemini-3.5-flash-lite,twin_named,A_cosine_to_real,platt,held_out_crossfit,equal_width,7,126,0.3987341772151899,0.7021365700339981,0.7999666474143173,0.7597216959978221,0.746031746031746,-0.013689949966076087
gemini-3.5-flash-lite,twin_named,A_cosine_to_real,platt,held_out_crossfit,equal_width,8,149,0.47151898734177217,0.8006278036801779,0.8987336034691716,0.8414873672467608,0.8322147651006712,-0.009272602146089604
gemini-3.5-flash-lite,twin_named,A_cosine_to_real,platt,held_out_crossfit,equal_width,9,3,0.00949367088607595,0.9040422059587332,0.9086725825280336,0.9056872576593847,1.0,0.09431274234061526
gemini-3.5-flash-lite,twin_named,A_cosine_to_real,platt,held_out_crossfit,equal_mass,0,32,0.10126582278481013,0.4506445800719313,0.6952140380747998,0.6442618855998274,0.71875,0.07448811440017256
gemini-3.5-flash-lite,twin_named,A_cosine_to_real,platt,held_out_crossfit,equal_mass,1,32,0.10126582278481013,0.696277136086871,0.7337398066738718,0.713361771595947,0.8125,0.09913822840405295
gemini-3.5-flash-lite,twin_named,A_cosine_to_real,platt,held_out_crossfit,equal_mass,2,32,0.10126582278481013,0.7346136035695834,0.7589525075704147,0.7464719066991339,0.71875,-0.02772190669913388
gemini-3.5-flash-lite,twin_named,A_cosine_to_real,platt,held_out_crossfit,equal_mass,3,32,0.10126582278481013,0.7589923224538883,0.7831995278836521,0.7715065323932184,0.84375,0.07224346760678158
gemini-3.5-flash-lite,twin_named,A_cosine_to_real,platt,held_out_crossfit,equal_mass,4,32,0.10126582278481013,0.7845900580258461,0.7975345369048829,0.7911378843965341,0.65625,-0.1348878843965341
gemini-3.5-flash-lite,twin_named,A_cosine_to_real,platt,held_out_crossfit,equal_mass,5,32,0.10126582278481013,0.7982005825098203,0.8167117397360569,0.8079620555606736,0.78125,-0.026712055560673575
gemini-3.5-flash-lite,twin_named,A_cosine_to_real,platt,held_out_crossfit,equal_mass,6,31,0.0981012658227848,0.8175891833063973,0.8315515528410236,0.824959769978998,0.8064516129032258,-0.018508157075772247
gemini-3.5-flash-lite,twin_named,A_cosine_to_real,platt,held_out_crossfit,equal_mass,7,31,0.0981012658227848,0.8317423707320325,0.8456067016551505,0.8388195695059062,0.8709677419354839,0.03214817242957768
gemini-3.5-flash-lite,twin_named,A_cosine_to_real,platt,held_out_crossfit,equal_mass,8,31,0.0981012658227848,0.8458974361038849,0.8693458438573679,0.8550403303587407,0.8064516129032258,-0.04858871745551496
gemini-3.5-flash-lite,twin_named,A_cosine_to_real,platt,held_out_crossfit,equal_mass,9,31,0.0981012658227848,0.8694230274035021,0.9086725825280336,0.8825143464617983,0.9032258064516129,0.020711459989814607
gemini-3.5-flash-lite,twin_named,A_cosine_to_real,platt,naive_full_sample,equal_width,4,1,0.0031645569620253164,0.48784135196590905,0.48784135196590905,0.48784135196590905,1.0,0.512158648034091
gemini-3.5-flash-lite,twin_named,A_cosine_to_real,platt,naive_full_sample,equal_width,5,3,0.00949367088607595,0.5056474656013032,0.5715681112221946,0.5327233936444042,0.6666666666666666,0.1339432730222624
gemini-3.5-flash-lite,twin_named,A_cosine_to_real,platt,naive_full_sample,equal_width,6,24,0.0759493670886076,0.6011877983641235,0.6966193486144394,0.663379186569015,0.6666666666666666,0.003287480097651674
gemini-3.5-flash-lite,twin_named,A_cosine_to_real,platt,naive_full_sample,equal_width,7,123,0.38924050632911394,0.7006289081753356,0.7989135212793066,0.7608592139091069,0.7317073170731707,-0.02915189683593622
gemini-3.5-flash-lite,twin_named,A_cosine_to_real,platt,naive_full_sample,equal_width,8,165,0.5221518987341772,0.8008937306840929,0.8925385174599644,0.8387013904354848,0.8545454545454545,0.015844064109969747
gemini-3.5-flash-lite,twin_named,A_cosine_to_real,platt,naive_full_sample,equal_mass,0,32,0.10126582278481013,0.48784135196590905,0.7043504347480785,0.6504910951034056,0.71875,0.06825890489659436
gemini-3.5-flash-lite,twin_named,A_cosine_to_real,platt,naive_full_sample,equal_mass,1,32,0.10126582278481013,0.707327729017364,0.7451176384473875,0.7285077950087722,0.6875,-0.04100779500877216
gemini-3.5-flash-lite,twin_named,A_cosine_to_real,platt,naive_full_sample,equal_mass,2,32,0.10126582278481013,0.7454605000307584,0.7702950093588111,0.7577028062336515,0.71875,-0.038952806233651494
gemini-3.5-flash-lite,twin_named,A_cosine_to_real,platt,naive_full_sample,equal_mass,3,32,0.10126582278481013,0.7705418612325458,0.7889144154121841,0.7788368910168986,0.75,-0.02883689101689857
gemini-3.5-flash-lite,twin_named,A_cosine_to_real,platt,naive_full_sample,equal_mass,4,32,0.10126582278481013,0.7896912670360987,0.8045343942933775,0.7976214271839969,0.78125,-0.016371427183996867
gemini-3.5-flash-lite,twin_named,A_cosine_to_real,platt,naive_full_sample,equal_mass,5,32,0.10126582278481013,0.8045438617274658,0.8176641793765819,0.8112940015471803,0.84375,0.03245599845281966
gemini-3.5-flash-lite,twin_named,A_cosine_to_real,platt,naive_full_sample,equal_mass,6,31,0.0981012658227848,0.8187643862921726,0.831560989256431,0.8245343929538435,0.7741935483870968,-0.0503408445667467
gemini-3.5-flash-lite,twin_named,A_cosine_to_real,platt,naive_full_sample,equal_mass,7,31,0.0981012658227848,0.8317418296249637,0.8478986916367114,0.839476140157096,0.8064516129032258,-0.033024527253870284
gemini-3.5-flash-lite,twin_named,A_cosine_to_real,platt,naive_full_sample,equal_mass,8,31,0.0981012658227848,0.8486144439456818,0.8630601883885145,0.8550225898807191,0.9032258064516129,0.04820321657089377
gemini-3.5-flash-lite,twin_named,A_cosine_to_real,platt,naive_full_sample,equal_mass,9,31,0.0981012658227848,0.8634481583748684,0.8925385174599644,0.8743861101769113,0.9354838709677419,0.061097760790830624
gemini-3.5-flash-lite,twin_named,B_perturbation_cosine,isotonic,held_out_crossfit,equal_width,5,42,0.13291139240506328,0.5833333333333334,0.5909090909090909,0.5878427128427128,0.6904761904761905,0.10263347763347763
gemini-3.5-flash-lite,twin_named,B_perturbation_cosine,isotonic,held_out_crossfit,equal_width,6,40,0.12658227848101267,0.6363636363636364,0.6666666666666666,0.6540151515151514,0.625,-0.02901515151515144
gemini-3.5-flash-lite,twin_named,B_perturbation_cosine,isotonic,held_out_crossfit,equal_width,7,155,0.49050632911392406,0.75,0.7941176470588235,0.7830170777988613,0.8709677419354839,0.08795066413662256
gemini-3.5-flash-lite,twin_named,B_perturbation_cosine,isotonic,held_out_crossfit,equal_width,8,14,0.04430379746835443,0.8,0.8,0.8000000000000002,0.7857142857142857,-0.014285714285714457
gemini-3.5-flash-lite,twin_named,B_perturbation_cosine,isotonic,held_out_crossfit,equal_width,9,65,0.20569620253164558,0.9393939393939394,1.0,0.9552447552447553,0.7692307692307693,-0.186013986013986
gemini-3.5-flash-lite,twin_named,B_perturbation_cosine,isotonic,held_out_crossfit,equal_mass,0,32,0.10126582278481013,0.5833333333333334,0.5909090909090909,0.5868844696969697,0.78125,0.19436553030303028
gemini-3.5-flash-lite,twin_named,B_perturbation_cosine,isotonic,held_out_crossfit,equal_mass,1,32,0.10126582278481013,0.5909090909090909,0.65,0.6276988636363636,0.59375,-0.033948863636363624
gemini-3.5-flash-lite,twin_named,B_perturbation_cosine,isotonic,held_out_crossfit,equal_mass,2,32,0.10126582278481013,0.65,0.75,0.7026041666666666,0.59375,-0.10885416666666659
gemini-3.5-flash-lite,twin_named,B_perturbation_cosine,isotonic,held_out_crossfit,equal_mass,3,32,0.10126582278481013,0.75,0.7941176470588235,0.7596507352941176,0.875,0.11534926470588236
gemini-3.5-flash-lite,twin_named,B_perturbation_cosine,isotonic,held_out_crossfit,equal_mass,4,32,0.10126582278481013,0.7941176470588235,0.7941176470588235,0.7941176470588235,0.90625,0.11213235294117652
gemini-3.5-flash-lite,twin_named,B_perturbation_cosine,isotonic,held_out_crossfit,equal_mass,5,32,0.10126582278481013,0.7941176470588235,0.7941176470588235,0.7941176470588235,0.90625,0.11213235294117652
gemini-3.5-flash-lite,twin_named,B_perturbation_cosine,isotonic,held_out_crossfit,equal_mass,6,31,0.0981012658227848,0.7941176470588235,0.7941176470588235,0.7941176470588233,0.967741935483871,0.17362428842504773
gemini-3.5-flash-lite,twin_named,B_perturbation_cosine,isotonic,held_out_crossfit,equal_mass,7,31,0.0981012658227848,0.7941176470588235,0.9393939393939394,0.8108331895808176,0.7419354838709677,-0.06889770570984988
gemini-3.5-flash-lite,twin_named,B_perturbation_cosine,isotonic,held_out_crossfit,equal_mass,8,31,0.0981012658227848,0.9393939393939394,0.9393939393939394,0.939393939393939,0.8387096774193549,-0.10068426197458413
gemini-3.5-flash-lite,twin_named,B_perturbation_cosine,isotonic,held_out_crossfit,equal_mass,9,31,0.0981012658227848,0.9393939393939394,1.0,0.9726295210166178,0.7096774193548387,-0.26295210166177907
gemini-3.5-flash-lite,twin_named,B_perturbation_cosine,isotonic,naive_full_sample,equal_width,6,90,0.2848101265822785,0.6307692307692307,0.68,0.6444444444444444,0.6444444444444445,1.1102230246251565e-16
gemini-3.5-flash-lite,twin_named,B_perturbation_cosine,isotonic,naive_full_sample,equal_width,8,218,0.689873417721519,0.8192771084337349,0.875,0.8440366972477065,0.8440366972477065,0.0
gemini-3.5-flash-lite,twin_named,B_perturbation_cosine,isotonic,naive_full_sample,equal_width,9,8,0.02531645569620253,1.0,1.0,1.0,1.0,0.0
gemini-3.5-flash-lite,twin_named,B_perturbation_cosine,isotonic,naive_full_sample,equal_mass,0,32,0.10126582278481013,0.6307692307692307,0.6307692307692307,0.6307692307692307,0.71875,0.08798076923076925
gemini-3.5-flash-lite,twin_named,B_perturbation_cosine,isotonic,naive_full_sample,equal_mass,1,32,0.10126582278481013,0.6307692307692307,0.6307692307692307,0.6307692307692307,0.5625,-0.06826923076923075
gemini-3.5-flash-lite,twin_named,B_perturbation_cosine,isotonic,naive_full_sample,equal_mass,2,32,0.10126582278481013,0.6307692307692307,0.8192771084337349,0.7045759962928637,0.65625,-0.048325996292863715
gemini-3.5-flash-lite,twin_named,B_perturbation_cosine,isotonic,naive_full_sample,equal_mass,3,32,0.10126582278481013,0.8192771084337349,0.8192771084337349,0.8192771084337349,0.8125,-0.006777108433734913
gemini-3.5-flash-lite,twin_named,B_perturbation_cosine,isotonic,naive_full_sample,equal_mass,4,32,0.10126582278481013,0.8192771084337349,0.8192771084337349,0.8192771084337349,0.84375,0.024472891566265087
gemini-3.5-flash-lite,twin_named,B_perturbation_cosine,isotonic,naive_full_sample,equal_mass,5,32,0.10126582278481013,0.8192771084337349,0.8571428571428571,0.8417598967297762,0.875,0.03324010327022375
gemini-3.5-flash-lite,twin_named,B_perturbation_cosine,isotonic,naive_full_sample,equal_mass,6,31,0.0981012658227848,0.8571428571428571,0.8571428571428571,0.8571428571428572,0.8387096774193549,-0.018433179723502335
gemini-3.5-flash-lite,twin_named,B_perturbation_cosine,isotonic,naive_full_sample,equal_mass,7,31,0.0981012658227848,0.8571428571428571,0.8571428571428571,0.8571428571428572,0.8709677419354839,0.013824884792626668
gemini-3.5-flash-lite,twin_named,B_perturbation_cosine,isotonic,naive_full_sample,equal_mass,8,31,0.0981012658227848,0.8571428571428571,0.8571428571428571,0.8571428571428572,0.9032258064516129,0.04608294930875567
gemini-3.5-flash-lite,twin_named,B_perturbation_cosine,isotonic,naive_full_sample,equal_mass,9,31,0.0981012658227848,0.8571428571428571,1.0,0.9032258064516129,0.8387096774193549,-0.06451612903225801
gemini-3.5-flash-lite,twin_named,B_perturbation_cosine,platt,held_out_crossfit,equal_width,4,1,0.0031645569620253164,0.40822747440934964,0.40822747440934964,0.40822747440934964,1.0,0.5917725255906503
gemini-3.5-flash-lite,twin_named,B_perturbation_cosine,platt,held_out_crossfit,equal_width,5,2,0.006329113924050633,0.5399063523045738,0.5873607360531373,0.5636335441788556,1.0,0.4363664558211444
gemini-3.5-flash-lite,twin_named,B_perturbation_cosine,platt,held_out_crossfit,equal_width,6,11,0.03481012658227848,0.6095841860930109,0.6981678181695301,0.6736512613044927,0.7272727272727273,0.05362146596823458
gemini-3.5-flash-lite,twin_named,B_perturbation_cosine,platt,held_out_crossfit,equal_width,7,195,0.6170886075949367,0.7026145207760806,0.7996879214985347,0.7515836834726348,0.7846153846153846,0.03303170114274978
gemini-3.5-flash-lite,twin_named,B_perturbation_cosine,platt,held_out_crossfit,equal_width,8,88,0.27848101265822783,0.8029912502113702,0.8995760029199735,0.8566568283877632,0.8181818181818182,-0.038475010205945015
gemini-3.5-flash-lite,twin_named,B_perturbation_cosine,platt,held_out_crossfit,equal_width,9,19,0.060126582278481014,0.9016162147483088,0.9229667528508311,0.9132716232789968,0.7368421052631579,-0.17642951801583895
gemini-3.5-flash-lite,twin_named,B_perturbation_cosine,platt,held_out_crossfit,equal_mass,0,32,0.10126582278481013,0.40822747440934964,0.7205523726155636,0.6808052371041121,0.6875,0.006694762895887885
gemini-3.5-flash-lite,twin_named,B_perturbation_cosine,platt,held_out_crossfit,equal_mass,1,32,0.10126582278481013,0.7222566285709453,0.7385612480918519,0.7312080167997459,0.6875,-0.0437080167997459
gemini-3.5-flash-lite,twin_named,B_perturbation_cosine,platt,held_out_crossfit,equal_mass,2,32,0.10126582278481013,0.7387942107191406,0.7502431891526288,0.7452732787054024,0.71875,-0.026523278705402387
gemini-3.5-flash-lite,twin_named,B_perturbation_cosine,platt,held_out_crossfit,equal_mass,3,32,0.10126582278481013,0.7503834676872985,0.7583176267978933,0.7541103072670787,0.90625,0.15213969273292127
gemini-3.5-flash-lite,twin_named,B_perturbation_cosine,platt,held_out_crossfit,equal_mass,4,32,0.10126582278481013,0.758614253878215,0.765109712588668,0.7619832077049704,0.9375,0.1755167922950296
gemini-3.5-flash-lite,twin_named,B_perturbation_cosine,platt,held_out_crossfit,equal_mass,5,32,0.10126582278481013,0.7654439166970634,0.7737410574590304,0.7695027301742393,0.84375,0.07424726982576069
gemini-3.5-flash-lite,twin_named,B_perturbation_cosine,platt,held_out_crossfit,equal_mass,6,31,0.0981012658227848,0.7739048891538853,0.8234566828189747,0.7978694394665249,0.8064516129032258,0.008582173436700868
gemini-3.5-flash-lite,twin_named,B_perturbation_cosine,platt,held_out_crossfit,equal_mass,7,31,0.0981012658227848,0.8238632684182274,0.8568499890916922,0.8433447121582047,0.8064516129032258,-0.03689309925497897
gemini-3.5-flash-lite,twin_named,B_perturbation_cosine,platt,held_out_crossfit,equal_mass,8,31,0.0981012658227848,0.8589770659129847,0.8911868061317493,0.8739711075684569,0.8709677419354839,-0.0030033656329729874
gemini-3.5-flash-lite,twin_named,B_perturbation_cosine,platt,held_out_crossfit,equal_mass,9,31,0.0981012658227848,0.8922962782556858,0.9229667528508311,0.9064337590818721,0.6451612903225806,-0.26127246875929144
gemini-3.5-flash-lite,twin_named,B_perturbation_cosine,platt,naive_full_sample,equal_width,5,4,0.012658227848101266,0.5305560711280203,0.5976089090007383,0.565457013746133,1.0,0.434542986253867
gemini-3.5-flash-lite,twin_named,B_perturbation_cosine,platt,naive_full_sample,equal_width,6,16,0.05063291139240506,0.609675142098842,0.6963641920496473,0.6667489224928432,0.625,-0.04174892249284323
gemini-3.5-flash-lite,twin_named,B_perturbation_cosine,platt,naive_full_sample,equal_width,7,124,0.3924050632911392,0.7004102675898672,0.7994876969008486,0.7600760337682286,0.717741935483871,-0.042334098284357635
gemini-3.5-flash-lite,twin_named,B_perturbation_cosine,platt,naive_full_sample,equal_width,8,172,0.5443037974683544,0.8001396917036208,0.8679834329965597,0.8302284054715131,0.8546511627906976,0.02442275731918453
gemini-3.5-flash-lite,twin_named,B_perturbation_cosine,platt,naive_full_sample,equal_mass,0,32,0.10126582278481013,0.5305560711280203,0.7120880697573823,0.669208571595439,0.6875,0.018291428404560994
gemini-3.5-flash-lite,twin_named,B_perturbation_cosine,platt,naive_full_sample,equal_mass,1,32,0.10126582278481013,0.7168166901704743,0.7506339440166202,0.7360176020731917,0.59375,-0.14226760207319167
gemini-3.5-flash-lite,twin_named,B_perturbation_cosine,platt,naive_full_sample,equal_mass,2,32,0.10126582278481013,0.7522141143695764,0.7737903643342513,0.7629277298420325,0.71875,-0.0441777298420325
gemini-3.5-flash-lite,twin_named,B_perturbation_cosine,platt,naive_full_sample,equal_mass,3,32,0.10126582278481013,0.774620581531389,0.791063905819995,0.7831494460921185,0.84375,0.06060055390788155
gemini-3.5-flash-lite,twin_named,B_perturbation_cosine,platt,naive_full_sample,equal_mass,4,32,0.10126582278481013,0.791446771675557,0.8049027639945613,0.7988740253960165,0.78125,-0.017624025396016485
gemini-3.5-flash-lite,twin_named,B_perturbation_cosine,platt,naive_full_sample,equal_mass,5,32,0.10126582278481013,0.8050149605472874,0.8160388403333297,0.8100606742709731,0.875,0.06493932572902694
gemini-3.5-flash-lite,twin_named,B_perturbation_cosine,platt,naive_full_sample,equal_mass,6,31,0.0981012658227848,0.8164389114871943,0.8263379990063027,0.8212515511058313,0.9032258064516129,0.08197425534578162
gemini-3.5-flash-lite,twin_named,B_perturbation_cosine,platt,naive_full_sample,equal_mass,7,31,0.0981012658227848,0.8265328896591541,0.8381661750811101,0.8330564869674105,0.9354838709677419,0.10242738400033136
gemini-3.5-flash-lite,twin_named,B_perturbation_cosine,platt,naive_full_sample,equal_mass,8,31,0.0981012658227848,0.8387192773471535,0.8492272183359874,0.8441147632353594,0.7096774193548387,-0.13443734388052064
gemini-3.5-flash-lite,twin_named,B_perturbation_cosine,platt,naive_full_sample,equal_mass,9,31,0.0981012658227848,0.8499322057901512,0.8679834329965597,0.8580580750332679,0.8709677419354839,0.012909666902215955
gemini-3.5-flash-lite,twin_redacted,A_cosine_to_real,isotonic,held_out_crossfit,equal_width,0,5,0.01597444089456869,0.0,0.0,0.0,0.8,0.8
gemini-3.5-flash-lite,twin_redacted,A_cosine_to_real,isotonic,held_out_crossfit,equal_width,2,9,0.02875399361022364,0.2,0.2,0.2,0.7777777777777778,0.5777777777777777
gemini-3.5-flash-lite,twin_redacted,A_cosine_to_real,isotonic,held_out_crossfit,equal_width,5,17,0.054313099041533544,0.5,0.5555555555555556,0.5522875816993464,0.7647058823529411,0.21241830065359468
gemini-3.5-flash-lite,twin_redacted,A_cosine_to_real,isotonic,held_out_crossfit,equal_width,6,64,0.20447284345047922,0.6428571428571429,0.6875,0.6708519345238095,0.609375,-0.061476934523809534
gemini-3.5-flash-lite,twin_redacted,A_cosine_to_real,isotonic,held_out_crossfit,equal_width,7,127,0.4057507987220447,0.7333333333333333,0.7916666666666666,0.7845133600103268,0.7716535433070866,-0.012859816703240212
gemini-3.5-flash-lite,twin_redacted,A_cosine_to_real,isotonic,held_out_crossfit,equal_width,8,9,0.02875399361022364,0.8333333333333334,0.8333333333333334,0.8333333333333334,0.7777777777777778,-0.05555555555555558
gemini-3.5-flash-lite,twin_redacted,A_cosine_to_real,isotonic,held_out_crossfit,equal_width,9,82,0.26198083067092653,0.9285714285714286,1.0,0.9444483159117307,0.926829268292683,-0.017619047619047756
gemini-3.5-flash-lite,twin_redacted,A_cosine_to_real,isotonic,held_out_crossfit,equal_mass,0,32,0.10223642172523961,0.0,0.6428571428571429,0.3697420634920635,0.75,0.3802579365079365
gemini-3.5-flash-lite,twin_redacted,A_cosine_to_real,isotonic,held_out_crossfit,equal_mass,1,32,0.10223642172523961,0.6428571428571429,0.6875,0.6555989583333334,0.625,-0.03059895833333337
gemini-3.5-flash-lite,twin_redacted,A_cosine_to_real,isotonic,held_out_crossfit,equal_mass,2,32,0.10223642172523961,0.6875,0.7333333333333333,0.6889322916666667,0.625,-0.0639322916666667
gemini-3.5-flash-lite,twin_redacted,A_cosine_to_real,isotonic,held_out_crossfit,equal_mass,3,31,0.09904153354632587,0.7333333333333333,0.7868852459016393,0.7713379164463249,0.7419354838709677,-0.02940243257535713
gemini-3.5-flash-lite,twin_redacted,A_cosine_to_real,isotonic,held_out_crossfit,equal_mass,4,31,0.09904153354632587,0.7868852459016393,0.7868852459016393,0.7868852459016396,0.8387096774193549,0.05182443151771532
gemini-3.5-flash-lite,twin_redacted,A_cosine_to_real,isotonic,held_out_crossfit,equal_mass,5,31,0.09904153354632587,0.7868852459016393,0.7916666666666666,0.7893530759739116,0.6774193548387096,-0.11193372113520195
gemini-3.5-flash-lite,twin_redacted,A_cosine_to_real,isotonic,held_out_crossfit,equal_mass,6,31,0.09904153354632587,0.7916666666666666,0.7916666666666666,0.791666666666667,0.8064516129032258,0.014784946236558794
gemini-3.5-flash-lite,twin_redacted,A_cosine_to_real,isotonic,held_out_crossfit,equal_mass,7,31,0.09904153354632587,0.7916666666666666,0.9333333333333333,0.8931643625192013,0.9032258064516129,0.010061443932411596
gemini-3.5-flash-lite,twin_redacted,A_cosine_to_real,isotonic,held_out_crossfit,equal_mass,8,31,0.09904153354632587,0.9333333333333333,0.9333333333333333,0.9333333333333333,0.967741935483871,0.03440860215053765
gemini-3.5-flash-lite,twin_redacted,A_cosine_to_real,isotonic,held_out_crossfit,equal_mass,9,31,0.09904153354632587,0.9333333333333333,1.0,0.9647311827956989,0.8709677419354839,-0.09376344086021504
gemini-3.5-flash-lite,twin_redacted,A_cosine_to_real,isotonic,naive_full_sample,equal_width,3,3,0.009584664536741214,0.3333333333333333,0.3333333333333333,0.3333333333333333,0.3333333333333333,0.0
gemini-3.5-flash-lite,twin_redacted,A_cosine_to_real,isotonic,naive_full_sample,equal_width,5,15,0.04792332268370607,0.6,0.6,0.5999999999999999,0.6,1.1102230246251565e-16
gemini-3.5-flash-lite,twin_redacted,A_cosine_to_real,isotonic,naive_full_sample,equal_width,6,70,0.22364217252396165,0.6571428571428571,0.6571428571428571,0.6571428571428573,0.6571428571428571,-1.1102230246251565e-16
gemini-3.5-flash-lite,twin_redacted,A_cosine_to_real,isotonic,naive_full_sample,equal_width,7,132,0.4217252396166134,0.75,0.7777777777777778,0.7727272727272727,0.7727272727272727,0.0
gemini-3.5-flash-lite,twin_redacted,A_cosine_to_real,isotonic,naive_full_sample,equal_width,8,18,0.05750798722044728,0.8333333333333334,0.8333333333333334,0.8333333333333335,0.8333333333333334,-1.1102230246251565e-16
gemini-3.5-flash-lite,twin_redacted,A_cosine_to_real,isotonic,naive_full_sample,equal_width,9,75,0.23961661341853036,0.9384615384615385,1.0,0.9466666666666669,0.9466666666666667,-2.220446049250313e-16
gemini-3.5-flash-lite,twin_redacted,A_cosine_to_real,isotonic,naive_full_sample,equal_mass,0,32,0.10223642172523961,0.3333333333333333,0.6571428571428571,0.6,0.625,0.025000000000000022
gemini-3.5-flash-lite,twin_redacted,A_cosine_to_real,isotonic,naive_full_sample,equal_mass,1,32,0.10223642172523961,0.6571428571428571,0.6571428571428571,0.6571428571428571,0.65625,-0.0008928571428571397
gemini-3.5-flash-lite,twin_redacted,A_cosine_to_real,isotonic,naive_full_sample,equal_mass,2,32,0.10223642172523961,0.6571428571428571,0.75,0.6803571428571429,0.65625,-0.024107142857142883
gemini-3.5-flash-lite,twin_redacted,A_cosine_to_real,isotonic,naive_full_sample,equal_mass,3,31,0.09904153354632587,0.75,0.7727272727272727,0.7639296187683287,0.8064516129032258,0.0425219941348971
gemini-3.5-flash-lite,twin_redacted,A_cosine_to_real,isotonic,naive_full_sample,equal_mass,4,31,0.09904153354632587,0.7727272727272727,0.7777777777777778,0.7772890192245033,0.6774193548387096,-0.0998696643857937
gemini-3.5-flash-lite,twin_redacted,A_cosine_to_real,isotonic,naive_full_sample,equal_mass,5,31,0.09904153354632587,0.7777777777777778,0.7777777777777778,0.777777777777778,0.8387096774193549,0.06093189964157686
gemini-3.5-flash-lite,twin_redacted,A_cosine_to_real,isotonic,naive_full_sample,equal_mass,6,31,0.09904153354632587,0.7777777777777778,0.7777777777777778,0.777777777777778,0.7741935483870968,-0.0035842293906812595
gemini-3.5-flash-lite,twin_redacted,A_cosine_to_real,isotonic,naive_full_sample,equal_mass,7,31,0.09904153354632587,0.8333333333333334,0.9384615384615385,0.8774193548387098,0.9032258064516129,0.02580645161290307
gemini-3.5-flash-lite,twin_redacted,A_cosine_to_real,isotonic,naive_full_sample,equal_mass,8,31,0.09904153354632587,0.9384615384615385,0.9384615384615385,0.9384615384615385,0.967741935483871,0.02928039702233254
gemini-3.5-flash-lite,twin_redacted,A_cosine_to_real,isotonic,naive_full_sample,equal_mass,9,31,0.09904153354632587,0.9384615384615385,1.0,0.9583126550868486,0.9032258064516129,-0.05508684863523572
gemini-3.5-flash-lite,twin_redacted,A_cosine_to_real,platt,held_out_crossfit,equal_width,1,1,0.003194888178913738,0.15042406383902893,0.15042406383902893,0.15042406383902893,1.0,0.849575936160971
gemini-3.5-flash-lite,twin_redacted,A_cosine_to_real,platt,held_out_crossfit,equal_width,2,3,0.009584664536741214,0.20144614259379715,0.2722494952849696,0.24810716617868891,0.6666666666666666,0.41855950048797774
gemini-3.5-flash-lite,twin_redacted,A_cosine_to_real,platt,held_out_crossfit,equal_width,3,3,0.009584664536741214,0.31809302705242004,0.3490738208000802,0.33843571263243694,0.6666666666666666,0.3282309540342297
gemini-3.5-flash-lite,twin_redacted,A_cosine_to_real,platt,held_out_crossfit,equal_width,4,7,0.022364217252396165,0.40498015239940344,0.4909633587367743,0.43323102097748695,0.8571428571428571,0.42391183616537015
gemini-3.5-flash-lite,twin_redacted,A_cosine_to_real,platt,held_out_crossfit,equal_width,5,15,0.04792332268370607,0.5143224564408219,0.5994663861931172,0.5626282538682835,0.8666666666666667,0.3040384127983832
gemini-3.5-flash-lite,twin_redacted,A_cosine_to_real,platt,held_out_crossfit,equal_width,6,31,0.09904153354632587,0.6022577201069369,0.6972369495219046,0.6576536992167554,0.5161290322580645,-0.14152466695869093
gemini-3.5-flash-lite,twin_redacted,A_cosine_to_real,platt,held_out_crossfit,equal_width,7,110,0.3514376996805112,0.7004121391303845,0.799214626689633,0.759160971810156,0.7454545454545455,-0.01370642635561048
gemini-3.5-flash-lite,twin_redacted,A_cosine_to_real,platt,held_out_crossfit,equal_width,8,125,0.3993610223642173,0.8003401705290704,0.8996947642644082,0.8363743016623297,0.848,0.011625698337670243
gemini-3.5-flash-lite,twin_redacted,A_cosine_to_real,platt,held_out_crossfit,equal_width,9,18,0.05750798722044728,0.9033623639246643,0.9474016408889692,0.9234190237246737,0.8888888888888888,-0.03453013483578482
gemini-3.5-flash-lite,twin_redacted,A_cosine_to_real,platt,held_out_crossfit,equal_mass,0,32,0.10223642172523961,0.15042406383902893,0.6078105670877093,0.47496633120042786,0.75,0.27503366879957214
gemini-3.5-flash-lite,twin_redacted,A_cosine_to_real,platt,held_out_crossfit,equal_mass,1,32,0.10223642172523961,0.6118247234704138,0.7058924042029002,0.668191988853382,0.5625,-0.10569198885338205
gemini-3.5-flash-lite,twin_redacted,A_cosine_to_real,platt,held_out_crossfit,equal_mass,2,32,0.10223642172523961,0.7079473853246778,0.7458264763009977,0.7256673440215811,0.6875,-0.03816734402158106
gemini-3.5-flash-lite,twin_redacted,A_cosine_to_real,platt,held_out_crossfit,equal_mass,3,31,0.09904153354632587,0.7459739288929202,0.7718915962810343,0.761101582156738,0.7096774193548387,-0.05142416280189921
gemini-3.5-flash-lite,twin_redacted,A_cosine_to_real,platt,held_out_crossfit,equal_mass,4,31,0.09904153354632587,0.773038974633716,0.7940893957826655,0.7844530124131474,0.8064516129032258,0.0219986004900784
gemini-3.5-flash-lite,twin_redacted,A_cosine_to_real,platt,held_out_crossfit,equal_mass,5,31,0.09904153354632587,0.7951882281588089,0.8096655972133845,0.8020193858933186,0.8387096774193549,0.03669029152603631
gemini-3.5-flash-lite,twin_redacted,A_cosine_to_real,platt,held_out_crossfit,equal_mass,6,31,0.09904153354632587,0.8103854437050373,0.8279189806707118,0.8180839025470723,0.7741935483870968,-0.04389035415997555
gemini-3.5-flash-lite,twin_redacted,A_cosine_to_real,platt,held_out_crossfit,equal_mass,7,31,0.09904153354632587,0.8292106095186931,0.8420633381583338,0.8360918186899785,0.8709677419354839,0.03487592324550537
gemini-3.5-flash-lite,twin_redacted,A_cosine_to_real,platt,held_out_crossfit,equal_mass,8,31,0.09904153354632587,0.8421048837682064,0.8737904297481979,0.8530904885377382,0.8709677419354839,0.017877253397745707
gemini-3.5-flash-lite,twin_redacted,A_cosine_to_real,platt,held_out_crossfit,equal_mass,9,31,0.09904153354632587,0.874329164844695,0.9474016408889692,0.9078363940974411,0.9354838709677419,0.02764747687030078
gemini-3.5-flash-lite,twin_redacted,A_cosine_to_real,platt,naive_full_sample,equal_width,3,1,0.003194888178913738,0.37765271071284773,0.37765271071284773,0.37765271071284773,1.0,0.6223472892871522
gemini-3.5-flash-lite,twin_redacted,A_cosine_to_real,platt,naive_full_sample,equal_width,4,4,0.012779552715654952,0.42916090762293096,0.4883038649968376,0.4641736699150363,0.5,0.03582633008496372
gemini-3.5-flash-lite,twin_redacted,A_cosine_to_real,platt,naive_full_sample,equal_width,5,11,0.03514376996805112,0.5216797539142152,0.5898091776512528,0.5629628799256228,0.6363636363636364,0.07340075643801358
gemini-3.5-flash-lite,twin_redacted,A_cosine_to_real,platt,naive_full_sample,equal_width,6,33,0.10543130990415335,0.6089137476067602,0.6966992023093267,0.6636243233312651,0.696969696969697,0.03334537363843193
gemini-3.5-flash-lite,twin_redacted,A_cosine_to_real,platt,naive_full_sample,equal_width,7,110,0.3514376996805112,0.7026199994203268,0.7987609935805448,0.7557297877784258,0.7272727272727273,-0.028457060505698517
gemini-3.5-flash-lite,twin_redacted,A_cosine_to_real,platt,naive_full_sample,equal_width,8,148,0.4728434504792332,0.8003668926778,0.8986707599511519,0.8451200663654789,0.8445945945945946,-0.0005254717708842449
gemini-3.5-flash-lite,twin_redacted,A_cosine_to_real,platt,naive_full_sample,equal_width,9,6,0.019169329073482427,0.9050779752309133,0.911966305818112,0.9075621416686709,1.0,0.09243785833132911
gemini-3.5-flash-lite,twin_redacted,A_cosine_to_real,platt,naive_full_sample,equal_mass,0,32,0.10223642172523961,0.37765271071284773,0.6617210783526515,0.5857223985623304,0.6875,0.10177760143766956
gemini-3.5-flash-lite,twin_redacted,A_cosine_to_real,platt,naive_full_sample,equal_mass,1,32,0.10223642172523961,0.6645482132259354,0.721228011965363,0.6953661678939933,0.65625,-0.0391161678939933
gemini-3.5-flash-lite,twin_redacted,A_cosine_to_real,platt,naive_full_sample,equal_mass,2,32,0.10223642172523961,0.7245543187145034,0.7484637755773883,0.736706900515885,0.625,-0.11170690051588505
gemini-3.5-flash-lite,twin_redacted,A_cosine_to_real,platt,naive_full_sample,equal_mass,3,31,0.09904153354632587,0.7485273077943773,0.7765450181947007,0.7621037078768351,0.7419354838709677,-0.020168224005867375
gemini-3.5-flash-lite,twin_redacted,A_cosine_to_real,platt,naive_full_sample,equal_mass,4,31,0.09904153354632587,0.7773955029273261,0.7985826067990307,0.7891415327174287,0.8387096774193549,0.049568144701926165
gemini-3.5-flash-lite,twin_redacted,A_cosine_to_real,platt,naive_full_sample,equal_mass,5,31,0.09904153354632587,0.7987609935805448,0.8194724887549785,0.8089776234998124,0.7419354838709677,-0.06704213962884464
gemini-3.5-flash-lite,twin_redacted,A_cosine_to_real,platt,naive_full_sample,equal_mass,6,31,0.09904153354632587,0.8197394980635786,0.8349918959149826,0.8274515913378933,0.7419354838709677,-0.0855161074669255
gemini-3.5-flash-lite,twin_redacted,A_cosine_to_real,platt,naive_full_sample,equal_mass,7,31,0.09904153354632587,0.8353635541375359,0.8556663226876953,0.8448414833465143,0.9032258064516129,0.05838432310509856
gemini-3.5-flash-lite,twin_redacted,A_cosine_to_real,platt,naive_full_sample,equal_mass,8,31,0.09904153354632587,0.8569351255562533,0.8763638650747205,0.8662368176610992,0.9354838709677419,0.06924705330664271
gemini-3.5-flash-lite,twin_redacted,A_cosine_to_real,platt,naive_full_sample,equal_mass,9,31,0.09904153354632587,0.8770008167960699,0.911966305818112,0.8886829249831787,0.9354838709677419,0.04680094598456319
gemini-3.5-flash-lite,twin_redacted,B_perturbation_cosine,isotonic,held_out_crossfit,equal_width,0,15,0.04792332268370607,0.0,0.0,0.0,0.8666666666666667,0.8666666666666667
gemini-3.5-flash-lite,twin_redacted,B_perturbation_cosine,isotonic,held_out_crossfit,equal_width,3,13,0.04153354632587859,0.3333333333333333,0.3333333333333333,0.3333333333333333,0.7692307692307693,0.43589743589743596
gemini-3.5-flash-lite,twin_redacted,B_perturbation_cosine,isotonic,held_out_crossfit,equal_width,6,60,0.19169329073482427,0.6666666666666666,0.6923076923076923,0.6851776878092667,0.5833333333333334,-0.10184435447593332
gemini-3.5-flash-lite,twin_redacted,B_perturbation_cosine,isotonic,held_out_crossfit,equal_width,7,18,0.05750798722044728,0.7333333333333333,0.75,0.735185185185185,0.9444444444444444,0.20925925925925937
gemini-3.5-flash-lite,twin_redacted,B_perturbation_cosine,isotonic,held_out_crossfit,equal_width,8,197,0.6293929712460063,0.8,0.875,0.8365056708716557,0.8121827411167513,-0.024322929754904465
gemini-3.5-flash-lite,twin_redacted,B_perturbation_cosine,isotonic,held_out_crossfit,equal_width,9,10,0.03194888178913738,1.0,1.0,1.0,0.9,-0.09999999999999998
gemini-3.5-flash-lite,twin_redacted,B_perturbation_cosine,isotonic,held_out_crossfit,equal_mass,0,32,0.10223642172523961,0.0,0.6666666666666666,0.21875,0.78125,0.5625
gemini-3.5-flash-lite,twin_redacted,B_perturbation_cosine,isotonic,held_out_crossfit,equal_mass,1,32,0.10223642172523961,0.6666666666666666,0.6842105263157895,0.6836622807017545,0.65625,-0.0274122807017545
gemini-3.5-flash-lite,twin_redacted,B_perturbation_cosine,isotonic,held_out_crossfit,equal_mass,2,32,0.10223642172523961,0.6842105263157895,0.7333333333333333,0.7010458839406208,0.59375,-0.10729588394062084
gemini-3.5-flash-lite,twin_redacted,B_perturbation_cosine,isotonic,held_out_crossfit,equal_mass,3,31,0.09904153354632587,0.7333333333333333,0.8316831683168316,0.7989886085382732,0.8064516129032258,0.007463004364952508
gemini-3.5-flash-lite,twin_redacted,B_perturbation_cosine,isotonic,held_out_crossfit,equal_mass,4,31,0.09904153354632587,0.8316831683168316,0.8316831683168316,0.8316831683168319,0.8709677419354839,0.03928457361865201
gemini-3.5-flash-lite,twin_redacted,B_perturbation_cosine,isotonic,held_out_crossfit,equal_mass,5,31,0.09904153354632587,0.8316831683168316,0.8316831683168316,0.8316831683168319,0.8064516129032258,-0.02523155541360611
gemini-3.5-flash-lite,twin_redacted,B_perturbation_cosine,isotonic,held_out_crossfit,equal_mass,6,31,0.09904153354632587,0.8316831683168316,0.84,0.8330735654210579,0.8387096774193549,0.005636111998296944
gemini-3.5-flash-lite,twin_redacted,B_perturbation_cosine,isotonic,held_out_crossfit,equal_mass,7,31,0.09904153354632587,0.84,0.84,0.84,0.7741935483870968,-0.06580645161290322
gemini-3.5-flash-lite,twin_redacted,B_perturbation_cosine,isotonic,held_out_crossfit,equal_mass,8,31,0.09904153354632587,0.84,0.84,0.84,0.8064516129032258,-0.03354838709677421
gemini-3.5-flash-lite,twin_redacted,B_perturbation_cosine,isotonic,held_out_crossfit,equal_mass,9,31,0.09904153354632587,0.84,1.0,0.9006451612903226,0.8709677419354839,-0.029677419354838697
gemini-3.5-flash-lite,twin_redacted,B_perturbation_cosine,isotonic,naive_full_sample,equal_width,0,1,0.003194888178913738,0.0,0.0,0.0,0.0,0.0
gemini-3.5-flash-lite,twin_redacted,B_perturbation_cosine,isotonic,naive_full_sample,equal_width,6,83,0.26517571884984026,0.6323529411764706,0.6666666666666666,0.6385542168674699,0.6385542168674698,-1.1102230246251565e-16
gemini-3.5-flash-lite,twin_redacted,B_perturbation_cosine,isotonic,naive_full_sample,equal_width,7,4,0.012779552715654952,0.75,0.75,0.75,0.75,0.0
gemini-3.5-flash-lite,twin_redacted,B_perturbation_cosine,isotonic,naive_full_sample,equal_width,8,217,0.6932907348242812,0.8267326732673267,0.8666666666666667,0.8294930875576036,0.8294930875576036,0.0
gemini-3.5-flash-lite,twin_redacted,B_perturbation_cosine,isotonic,naive_full_sample,equal_width,9,8,0.025559105431309903,1.0,1.0,1.0,1.0,0.0
gemini-3.5-flash-lite,twin_redacted,B_perturbation_cosine,isotonic,naive_full_sample,equal_mass,0,32,0.10223642172523961,0.0,0.6323529411764706,0.6125919117647058,0.59375,-0.018841911764705843
gemini-3.5-flash-lite,twin_redacted,B_perturbation_cosine,isotonic,naive_full_sample,equal_mass,1,32,0.10223642172523961,0.6323529411764706,0.6323529411764706,0.6323529411764706,0.59375,-0.03860294117647056
gemini-3.5-flash-lite,twin_redacted,B_perturbation_cosine,isotonic,naive_full_sample,equal_mass,2,32,0.10223642172523961,0.6323529411764706,0.8267326732673267,0.7117383153756551,0.78125,0.06951168462434487
gemini-3.5-flash-lite,twin_redacted,B_perturbation_cosine,isotonic,naive_full_sample,equal_mass,3,31,0.09904153354632587,0.8267326732673267,0.8267326732673267,0.8267326732673266,0.7419354838709677,-0.08479718939635883
gemini-3.5-flash-lite,twin_redacted,B_perturbation_cosine,isotonic,naive_full_sample,equal_mass,4,31,0.09904153354632587,0.8267326732673267,0.8267326732673267,0.8267326732673266,0.8709677419354839,0.044235068668157296
gemini-3.5-flash-lite,twin_redacted,B_perturbation_cosine,isotonic,naive_full_sample,equal_mass,5,31,0.09904153354632587,0.8267326732673267,0.8267326732673267,0.8267326732673266,0.8709677419354839,0.044235068668157296
gemini-3.5-flash-lite,twin_redacted,B_perturbation_cosine,isotonic,naive_full_sample,equal_mass,6,31,0.09904153354632587,0.8267326732673267,0.8267326732673267,0.8267326732673266,0.7419354838709677,-0.08479718939635883
gemini-3.5-flash-lite,twin_redacted,B_perturbation_cosine,isotonic,naive_full_sample,equal_mass,7,31,0.09904153354632587,0.8267326732673267,0.8267326732673267,0.8267326732673266,0.8709677419354839,0.044235068668157296
gemini-3.5-flash-lite,twin_redacted,B_perturbation_cosine,isotonic,naive_full_sample,equal_mass,8,31,0.09904153354632587,0.8267326732673267,0.8267326732673267,0.8267326732673266,0.8709677419354839,0.044235068668157296
gemini-3.5-flash-lite,twin_redacted,B_perturbation_cosine,isotonic,naive_full_sample,equal_mass,9,31,0.09904153354632587,0.8267326732673267,1.0,0.8907697221335037,0.8709677419354839,-0.01980198019801982
gemini-3.5-flash-lite,twin_redacted,B_perturbation_cosine,platt,held_out_crossfit,equal_width,2,2,0.006389776357827476,0.22403069192658867,0.27644427851669173,0.2502374852216402,0.5,0.2497625147783598
gemini-3.5-flash-lite,twin_redacted,B_perturbation_cosine,platt,held_out_crossfit,equal_width,3,3,0.009584664536741214,0.33320475222145146,0.35945729627008244,0.3495802072017467,1.0,0.6504197927982533
gemini-3.5-flash-lite,twin_redacted,B_perturbation_cosine,platt,held_out_crossfit,equal_width,4,6,0.019169329073482427,0.41187909769069225,0.4966986391283558,0.4652797890438655,1.0,0.5347202109561344
gemini-3.5-flash-lite,twin_redacted,B_perturbation_cosine,platt,held_out_crossfit,equal_width,5,15,0.04792332268370607,0.5152769453752852,0.5932113322951051,0.557281756050816,0.7333333333333333,0.1760515772825173
gemini-3.5-flash-lite,twin_redacted,B_perturbation_cosine,platt,held_out_crossfit,equal_width,6,25,0.07987220447284345,0.6005452125713915,0.6932378004424655,0.6553748316187771,0.56,-0.09537483161877702
gemini-3.5-flash-lite,twin_redacted,B_perturbation_cosine,platt,held_out_crossfit,equal_width,7,154,0.49201277955271566,0.7016741256973318,0.7996446743666493,0.7723042682313639,0.7922077922077922,0.01990352397642836
gemini-3.5-flash-lite,twin_redacted,B_perturbation_cosine,platt,held_out_crossfit,equal_width,8,106,0.33865814696485624,0.8000338015838906,0.8994214536253791,0.8361366249807206,0.8018867924528302,-0.03424983252789038
gemini-3.5-flash-lite,twin_redacted,B_perturbation_cosine,platt,held_out_crossfit,equal_width,9,2,0.006389776357827476,0.9022060022080862,0.9084164041597137,0.9053112031838999,1.0,0.0946887968161001
gemini-3.5-flash-lite,twin_redacted,B_perturbation_cosine,platt,held_out_crossfit,equal_mass,0,32,0.10223642172523961,0.22403069192658867,0.6256745849604384,0.5117356231354284,0.78125,0.2695143768645716
gemini-3.5-flash-lite,twin_redacted,B_perturbation_cosine,platt,held_out_crossfit,equal_mass,1,32,0.10223642172523961,0.6338820134390301,0.734969813314785,0.6910069873384563,0.53125,-0.15975698733845634
gemini-3.5-flash-lite,twin_redacted,B_perturbation_cosine,platt,held_out_crossfit,equal_mass,2,32,0.10223642172523961,0.7350340737045101,0.7642247118822665,0.7541667760325512,0.625,-0.12916677603255122
gemini-3.5-flash-lite,twin_redacted,B_perturbation_cosine,platt,held_out_crossfit,equal_mass,3,31,0.09904153354632587,0.7650945469166667,0.7765689898383055,0.770583569084316,0.8709677419354839,0.10038417285116785
gemini-3.5-flash-lite,twin_redacted,B_perturbation_cosine,platt,held_out_crossfit,equal_mass,4,31,0.09904153354632587,0.7766227897848665,0.7861774559495989,0.782216202747487,0.8387096774193549,0.05649347467186783
gemini-3.5-flash-lite,twin_redacted,B_perturbation_cosine,platt,held_out_crossfit,equal_mass,5,31,0.09904153354632587,0.7865094910927781,0.7942025751989811,0.7903551671685659,0.8709677419354839,0.08061257476691797
gemini-3.5-flash-lite,twin_redacted,B_perturbation_cosine,platt,held_out_crossfit,equal_mass,6,31,0.09904153354632587,0.7949859956602269,0.8027347349799023,0.7993820997236225,0.8387096774193549,0.03932757769573236
gemini-3.5-flash-lite,twin_redacted,B_perturbation_cosine,platt,held_out_crossfit,equal_mass,7,31,0.09904153354632587,0.8031020780658557,0.8160639164752287,0.8086687367284182,0.8709677419354839,0.06229900520706566
gemini-3.5-flash-lite,twin_redacted,B_perturbation_cosine,platt,held_out_crossfit,equal_mass,8,31,0.09904153354632587,0.8177496453480256,0.8587903860121993,0.8399350992566245,0.7741935483870968,-0.06574155086952771
gemini-3.5-flash-lite,twin_redacted,B_perturbation_cosine,platt,held_out_crossfit,equal_mass,9,31,0.09904153354632587,0.8589599223828637,0.9084164041597137,0.8810963204939222,0.8064516129032258,-0.07464470759069641
gemini-3.5-flash-lite,twin_redacted,B_perturbation_cosine,platt,naive_full_sample,equal_width,5,3,0.009584664536741214,0.5296750317605274,0.5927161067925031,0.5615029089046846,0.6666666666666666,0.10516375776198206
gemini-3.5-flash-lite,twin_redacted,B_perturbation_cosine,platt,naive_full_sample,equal_width,6,28,0.08945686900958466,0.604091680474525,0.6996407747545662,0.6718799668541993,0.6428571428571429,-0.029022823997056357
gemini-3.5-flash-lite,twin_redacted,B_perturbation_cosine,platt,naive_full_sample,equal_width,7,148,0.4728434504792332,0.7013898060894691,0.7999882613393392,0.7639178399470641,0.777027027027027,0.013109187079962892
gemini-3.5-flash-lite,twin_redacted,B_perturbation_cosine,platt,naive_full_sample,equal_width,8,134,0.4281150159744409,0.8002688156456507,0.8546558098958935,0.8240520369882028,0.8134328358208955,-0.010619201167307302
gemini-3.5-flash-lite,twin_redacted,B_perturbation_cosine,platt,naive_full_sample,equal_mass,0,32,0.10223642172523961,0.5296750317605274,0.7013898060894691,0.6624543001475346,0.65625,-0.006204300147534592
gemini-3.5-flash-lite,twin_redacted,B_perturbation_cosine,platt,naive_full_sample,equal_mass,1,32,0.10223642172523961,0.7059262960628269,0.74211204420551,0.7268028281886274,0.625,-0.1018028281886274
gemini-3.5-flash-lite,twin_redacted,B_perturbation_cosine,platt,naive_full_sample,equal_mass,2,32,0.10223642172523961,0.742115765573251,0.7637598265041081,0.7526836259086374,0.6875,-0.06518362590863735
gemini-3.5-flash-lite,twin_redacted,B_perturbation_cosine,platt,naive_full_sample,equal_mass,3,31,0.09904153354632587,0.7638678491822367,0.7782954020699432,0.77158253637706,0.8387096774193549,0.06712714104229489
gemini-3.5-flash-lite,twin_redacted,B_perturbation_cosine,platt,naive_full_sample,equal_mass,4,31,0.09904153354632587,0.778489266104386,0.793117690334792,0.7865875502027078,0.8709677419354839,0.08438019173277611
gemini-3.5-flash-lite,twin_redacted,B_perturbation_cosine,platt,naive_full_sample,equal_mass,5,31,0.09904153354632587,0.7932867572157783,0.8036175574722424,0.7977699680438081,0.9032258064516129,0.10545583840780481
gemini-3.5-flash-lite,twin_redacted,B_perturbation_cosine,platt,naive_full_sample,equal_mass,6,31,0.09904153354632587,0.8040213647599557,0.8135431457794156,0.8084898331217723,0.8709677419354839,0.062477908813711625
gemini-3.5-flash-lite,twin_redacted,B_perturbation_cosine,platt,naive_full_sample,equal_mass,7,31,0.09904153354632587,0.8139174355976979,0.8245733126487369,0.8200478423616098,0.8064516129032258,-0.013596229458384013
gemini-3.5-flash-lite,twin_redacted,B_perturbation_cosine,platt,naive_full_sample,equal_mass,8,31,0.09904153354632587,0.8251270091693987,0.8355799073596709,0.8303790166845559,0.7096774193548387,-0.12070159732971719
gemini-3.5-flash-lite,twin_redacted,B_perturbation_cosine,platt,naive_full_sample,equal_mass,9,31,0.09904153354632587,0.8356758262931582,0.8546558098958935,0.8444289606724455,0.8387096774193549,-0.005719283253090679
gemini-3.5-flash-lite,zeroinfo_named,A_cosine_to_real,isotonic,held_out_crossfit,equal_width,5,62,0.1901840490797546,0.5,0.6,0.5540092165898618,0.7096774193548387,0.15566820276497695
gemini-3.5-flash-lite,zeroinfo_named,A_cosine_to_real,isotonic,held_out_crossfit,equal_width,6,64,0.19631901840490798,0.6341463414634146,0.6666666666666666,0.6387195121951219,0.5625,-0.07621951219512191
gemini-3.5-flash-lite,zeroinfo_named,A_cosine_to_real,isotonic,held_out_crossfit,equal_width,7,57,0.17484662576687116,0.7575757575757576,0.7575757575757576,0.7575757575757577,0.7894736842105263,0.03189792663476865
gemini-3.5-flash-lite,zeroinfo_named,A_cosine_to_real,isotonic,held_out_crossfit,equal_width,8,132,0.4049079754601227,0.8,0.8888888888888888,0.8215969215969214,0.7803030303030303,-0.04129389129389116
gemini-3.5-flash-lite,zeroinfo_named,A_cosine_to_real,isotonic,held_out_crossfit,equal_width,9,11,0.03374233128834356,1.0,1.0,1.0,0.9090909090909091,-0.09090909090909094
gemini-3.5-flash-lite,zeroinfo_named,A_cosine_to_real,isotonic,held_out_crossfit,equal_mass,0,33,0.10122699386503067,0.5,0.56,0.5381818181818182,0.696969696969697,0.1587878787878788
gemini-3.5-flash-lite,zeroinfo_named,A_cosine_to_real,isotonic,held_out_crossfit,equal_mass,1,33,0.10122699386503067,0.56,0.6341463414634146,0.5795502058916693,0.696969696969697,0.11741949107802774
gemini-3.5-flash-lite,zeroinfo_named,A_cosine_to_real,isotonic,held_out_crossfit,equal_mass,2,33,0.10122699386503067,0.6341463414634146,0.6341463414634146,0.6341463414634146,0.5454545454545454,-0.08869179600886923
gemini-3.5-flash-lite,zeroinfo_named,A_cosine_to_real,isotonic,held_out_crossfit,equal_mass,3,33,0.10122699386503067,0.6341463414634146,0.7575757575757576,0.6654572330847276,0.6060606060606061,-0.05939662702412152
gemini-3.5-flash-lite,zeroinfo_named,A_cosine_to_real,isotonic,held_out_crossfit,equal_mass,4,33,0.10122699386503067,0.7575757575757576,0.7575757575757576,0.7575757575757576,0.7878787878787878,0.030303030303030276
gemini-3.5-flash-lite,zeroinfo_named,A_cosine_to_real,isotonic,held_out_crossfit,equal_mass,5,33,0.10122699386503067,0.7575757575757576,0.8,0.7768595041322314,0.8484848484848485,0.07162534435261714
gemini-3.5-flash-lite,zeroinfo_named,A_cosine_to_real,isotonic,held_out_crossfit,equal_mass,6,32,0.09815950920245399,0.8,0.8,0.8,0.65625,-0.14375000000000004
gemini-3.5-flash-lite,zeroinfo_named,A_cosine_to_real,isotonic,held_out_crossfit,equal_mass,7,32,0.09815950920245399,0.8,0.8,0.8,0.75,-0.050000000000000044
gemini-3.5-flash-lite,zeroinfo_named,A_cosine_to_real,isotonic,held_out_crossfit,equal_mass,8,32,0.09815950920245399,0.8,0.8571428571428571,0.8357142857142857,0.84375,0.008035714285714257
gemini-3.5-flash-lite,zeroinfo_named,A_cosine_to_real,isotonic,held_out_crossfit,equal_mass,9,32,0.09815950920245399,0.8571428571428571,1.0,0.9221230158730158,0.875,-0.04712301587301582
gemini-3.5-flash-lite,zeroinfo_named,A_cosine_to_real,isotonic,naive_full_sample,equal_width,5,7,0.02147239263803681,0.5714285714285714,0.5714285714285714,0.5714285714285713,0.5714285714285714,1.1102230246251565e-16
gemini-3.5-flash-lite,zeroinfo_named,A_cosine_to_real,isotonic,naive_full_sample,equal_width,6,127,0.3895705521472393,0.6025641025641024,0.6956521739130435,0.622047244094488,0.6220472440944882,2.220446049250313e-16
gemini-3.5-flash-lite,zeroinfo_named,A_cosine_to_real,isotonic,naive_full_sample,equal_width,7,123,0.3773006134969325,0.7723577235772358,0.7723577235772358,0.7723577235772354,0.7723577235772358,3.3306690738754696e-16
gemini-3.5-flash-lite,zeroinfo_named,A_cosine_to_real,isotonic,naive_full_sample,equal_width,8,61,0.18711656441717792,0.8444444444444444,0.875,0.8524590163934422,0.8524590163934426,3.3306690738754696e-16
gemini-3.5-flash-lite,zeroinfo_named,A_cosine_to_real,isotonic,naive_full_sample,equal_width,9,8,0.024539877300613498,1.0,1.0,1.0,1.0,0.0
gemini-3.5-flash-lite,zeroinfo_named,A_cosine_to_real,isotonic,naive_full_sample,equal_mass,0,33,0.10122699386503067,0.5714285714285714,0.6025641025641024,0.5959595959595959,0.5454545454545454,-0.0505050505050505
gemini-3.5-flash-lite,zeroinfo_named,A_cosine_to_real,isotonic,naive_full_sample,equal_mass,1,33,0.10122699386503067,0.6025641025641024,0.6025641025641024,0.6025641025641024,0.6060606060606061,0.0034965034965036557
gemini-3.5-flash-lite,zeroinfo_named,A_cosine_to_real,isotonic,naive_full_sample,equal_mass,2,33,0.10122699386503067,0.6025641025641024,0.6153846153846154,0.608003108003108,0.6363636363636364,0.02836052836052838
gemini-3.5-flash-lite,zeroinfo_named,A_cosine_to_real,isotonic,naive_full_sample,equal_mass,3,33,0.10122699386503067,0.6153846153846154,0.6956521739130435,0.6664639708117969,0.6666666666666666,0.00020269585486976105
gemini-3.5-flash-lite,zeroinfo_named,A_cosine_to_real,isotonic,naive_full_sample,equal_mass,4,33,0.10122699386503067,0.6956521739130435,0.7723577235772358,0.7677089023854666,0.8181818181818182,0.0504729157963516
gemini-3.5-flash-lite,zeroinfo_named,A_cosine_to_real,isotonic,naive_full_sample,equal_mass,5,33,0.10122699386503067,0.7723577235772358,0.7723577235772358,0.7723577235772358,0.7272727272727273,-0.04508499630450846
gemini-3.5-flash-lite,zeroinfo_named,A_cosine_to_real,isotonic,naive_full_sample,equal_mass,6,32,0.09815950920245399,0.7723577235772358,0.7723577235772358,0.7723577235772358,0.71875,-0.053607723577235755
gemini-3.5-flash-lite,zeroinfo_named,A_cosine_to_real,isotonic,naive_full_sample,equal_mass,7,32,0.09815950920245399,0.7723577235772358,0.8444444444444444,0.7836212737127372,0.84375,0.060128726287262846
gemini-3.5-flash-lite,zeroinfo_named,A_cosine_to_real,isotonic,naive_full_sample,equal_mass,8,32,0.09815950920245399,0.8444444444444444,0.8444444444444444,0.8444444444444444,0.875,0.030555555555555558
gemini-3.5-flash-lite,zeroinfo_named,A_cosine_to_real,isotonic,naive_full_sample,equal_mass,9,32,0.09815950920245399,0.8444444444444444,1.0,0.8986111111111111,0.875,-0.023611111111111138
gemini-3.5-flash-lite,zeroinfo_named,A_cosine_to_real,platt,held_out_crossfit,equal_width,4,1,0.003067484662576687,0.4620408390520217,0.4620408390520217,0.4620408390520217,1.0,0.5379591609479784
gemini-3.5-flash-lite,zeroinfo_named,A_cosine_to_real,platt,held_out_crossfit,equal_width,5,14,0.04294478527607362,0.5050794009590177,0.5990030702007456,0.5515882193381938,0.7142857142857143,0.1626974949475205
gemini-3.5-flash-lite,zeroinfo_named,A_cosine_to_real,platt,held_out_crossfit,equal_width,6,82,0.25153374233128833,0.6012468645430593,0.6989908417696726,0.6601451012925493,0.5975609756097561,-0.06258412568279326
gemini-3.5-flash-lite,zeroinfo_named,A_cosine_to_real,platt,held_out_crossfit,equal_width,7,188,0.5766871165644172,0.7007482271369492,0.7984938161102766,0.7538549567798188,0.7606382978723404,0.006783341092521544
gemini-3.5-flash-lite,zeroinfo_named,A_cosine_to_real,platt,held_out_crossfit,equal_width,8,41,0.12576687116564417,0.8007436623705113,0.852975215911995,0.819850152756046,0.8536585365853658,0.03380838382931983
gemini-3.5-flash-lite,zeroinfo_named,A_cosine_to_real,platt,held_out_crossfit,equal_mass,0,33,0.10122699386503067,0.4620408390520217,0.6336414949636573,0.5845908892937915,0.7272727272727273,0.14268183797893574
gemini-3.5-flash-lite,zeroinfo_named,A_cosine_to_real,platt,held_out_crossfit,equal_mass,1,33,0.10122699386503067,0.6360422425136721,0.6722484827084293,0.6576739478423281,0.5454545454545454,-0.11221940238778272
gemini-3.5-flash-lite,zeroinfo_named,A_cosine_to_real,platt,held_out_crossfit,equal_mass,2,33,0.10122699386503067,0.6728178297450742,0.7023628543403778,0.6886225961139748,0.5757575757575758,-0.112865020356399
gemini-3.5-flash-lite,zeroinfo_named,A_cosine_to_real,platt,held_out_crossfit,equal_mass,3,33,0.10122699386503067,0.702561680245043,0.7259293403729259,0.7163870914892627,0.6666666666666666,-0.04972042482259609
gemini-3.5-flash-lite,zeroinfo_named,A_cosine_to_real,platt,held_out_crossfit,equal_mass,4,33,0.10122699386503067,0.7260558241504655,0.7421715635963728,0.7338204876069097,0.8181818181818182,0.08436133057490858
gemini-3.5-flash-lite,zeroinfo_named,A_cosine_to_real,platt,held_out_crossfit,equal_mass,5,33,0.10122699386503067,0.7425279998782526,0.7577580639551093,0.7506903751732867,0.7878787878787878,0.037188412705501106
gemini-3.5-flash-lite,zeroinfo_named,A_cosine_to_real,platt,held_out_crossfit,equal_mass,6,32,0.09815950920245399,0.7581533555084202,0.772089476873068,0.7654271426913939,0.84375,0.07832285730860611
gemini-3.5-flash-lite,zeroinfo_named,A_cosine_to_real,platt,held_out_crossfit,equal_mass,7,32,0.09815950920245399,0.7723140364142125,0.7863646392948036,0.7793791687874064,0.625,-0.15437916878740643
gemini-3.5-flash-lite,zeroinfo_named,A_cosine_to_real,platt,held_out_crossfit,equal_mass,8,32,0.09815950920245399,0.789052043857521,0.8100279421898545,0.7972033993883345,0.84375,0.04654660061166549
gemini-3.5-flash-lite,zeroinfo_named,A_cosine_to_real,platt,held_out_crossfit,equal_mass,9,32,0.09815950920245399,0.8111258461905462,0.852975215911995,0.8237979317964379,0.875,0.0512020682035621
gemini-3.5-flash-lite,zeroinfo_named,A_cosine_to_real,platt,naive_full_sample,equal_width,4,2,0.006134969325153374,0.47705940398434904,0.4966553824861221,0.4868573932352356,1.0,0.5131426067647644
gemini-3.5-flash-lite,zeroinfo_named,A_cosine_to_real,platt,naive_full_sample,equal_width,5,12,0.03680981595092025,0.5180471375750857,0.5952563790127655,0.5592087152881081,0.6666666666666666,0.10745795137855851
gemini-3.5-flash-lite,zeroinfo_named,A_cosine_to_real,platt,naive_full_sample,equal_width,6,82,0.25153374233128833,0.6038381547385745,0.6991417869296406,0.6597606377482372,0.5975609756097561,-0.06219966213848116
gemini-3.5-flash-lite,zeroinfo_named,A_cosine_to_real,platt,naive_full_sample,equal_width,7,185,0.5674846625766872,0.7009047143889392,0.7986095523414544,0.7531810706589767,0.7567567567567568,0.0035756860977801397
gemini-3.5-flash-lite,zeroinfo_named,A_cosine_to_real,platt,naive_full_sample,equal_width,8,45,0.13803680981595093,0.8012031478519168,0.8590792967975378,0.8191782527537158,0.8666666666666667,0.04748841391295089
gemini-3.5-flash-lite,zeroinfo_named,A_cosine_to_real,platt,naive_full_sample,equal_mass,0,33,0.10122699386503067,0.47705940398434904,0.6346153864409921,0.5880834445022034,0.696969696969697,0.10888625246749362
gemini-3.5-flash-lite,zeroinfo_named,A_cosine_to_real,platt,naive_full_sample,equal_mass,1,33,0.10122699386503067,0.6362137560721183,0.6749531749470908,0.6585731474826803,0.5454545454545454,-0.11311860202813484
gemini-3.5-flash-lite,zeroinfo_named,A_cosine_to_real,platt,naive_full_sample,equal_mass,2,33,0.10122699386503067,0.6756908184624315,0.7015182026701892,0.6893583331708141,0.6060606060606061,-0.083297727110208
gemini-3.5-flash-lite,zeroinfo_named,A_cosine_to_real,platt,naive_full_sample,equal_mass,3,33,0.10122699386503067,0.7019161651767339,0.7270101721357763,0.7170296819066632,0.6666666666666666,-0.050363015239996534
gemini-3.5-flash-lite,zeroinfo_named,A_cosine_to_real,platt,naive_full_sample,equal_mass,4,33,0.10122699386503067,0.7271301988790565,0.7431961802342155,0.7344447957804525,0.8181818181818182,0.08373702240136571
gemini-3.5-flash-lite,zeroinfo_named,A_cosine_to_real,platt,naive_full_sample,equal_mass,5,33,0.10122699386503067,0.7435740858439897,0.7578226894540666,0.7513623895409326,0.7878787878787878,0.03651639833785525
gemini-3.5-flash-lite,zeroinfo_named,A_cosine_to_real,platt,naive_full_sample,equal_mass,6,32,0.09815950920245399,0.7587894598443622,0.7719568748627273,0.7662396015846811,0.8125,0.046260398415318926
gemini-3.5-flash-lite,zeroinfo_named,A_cosine_to_real,platt,naive_full_sample,equal_mass,7,32,0.09815950920245399,0.7727499474550079,0.7884664788315707,0.7801205223324537,0.65625,-0.12387052233245366
gemini-3.5-flash-lite,zeroinfo_named,A_cosine_to_real,platt,naive_full_sample,equal_mass,8,32,0.09815950920245399,0.7886662184563584,0.8095293770493744,0.7977397564688671,0.84375,0.04601024353113292
gemini-3.5-flash-lite,zeroinfo_named,A_cosine_to_real,platt,naive_full_sample,equal_mass,9,32,0.09815950920245399,0.8117590806548245,0.8590792967975378,0.824775180940482,0.875,0.05022481905951803
gemini-3.5-flash-lite,zeroinfo_redacted,A_cosine_to_real,isotonic,held_out_crossfit,equal_width,2,14,0.045307443365695796,0.21428571428571427,0.21428571428571427,0.21428571428571433,0.5714285714285714,0.3571428571428571
gemini-3.5-flash-lite,zeroinfo_redacted,A_cosine_to_real,isotonic,held_out_crossfit,equal_width,3,5,0.016181229773462782,0.3333333333333333,0.3333333333333333,0.3333333333333333,0.6,0.26666666666666666
gemini-3.5-flash-lite,zeroinfo_redacted,A_cosine_to_real,isotonic,held_out_crossfit,equal_width,5,164,0.5307443365695793,0.5,0.5945945945945946,0.5746234038916965,0.5792682926829268,0.004644888791230262
gemini-3.5-flash-lite,zeroinfo_redacted,A_cosine_to_real,isotonic,held_out_crossfit,equal_width,6,53,0.1715210355987055,0.6666666666666666,0.6956521739130435,0.6838690431799536,0.6037735849056604,-0.08009545827429321
gemini-3.5-flash-lite,zeroinfo_redacted,A_cosine_to_real,isotonic,held_out_crossfit,equal_width,7,23,0.0744336569579288,0.7333333333333333,0.7333333333333333,0.7333333333333332,0.7391304347826086,0.005797101449275477
gemini-3.5-flash-lite,zeroinfo_redacted,A_cosine_to_real,isotonic,held_out_crossfit,equal_width,8,31,0.10032362459546926,0.8,0.8461538461538461,0.8208436724565759,0.7741935483870968,-0.046650124069479104
gemini-3.5-flash-lite,zeroinfo_redacted,A_cosine_to_real,isotonic,held_out_crossfit,equal_width,9,19,0.061488673139158574,1.0,1.0,1.0,0.8947368421052632,-0.10526315789473684
gemini-3.5-flash-lite,zeroinfo_redacted,A_cosine_to_real,isotonic,held_out_crossfit,equal_mass,0,31,0.10032362459546926,0.21428571428571427,0.5000000000000001,0.34408602150537637,0.45161290322580644,0.10752688172043007
gemini-3.5-flash-lite,zeroinfo_redacted,A_cosine_to_real,isotonic,held_out_crossfit,equal_mass,1,31,0.10032362459546926,0.5000000000000001,0.5675675675675675,0.5414123801220577,0.6774193548387096,0.1360069747166519
gemini-3.5-flash-lite,zeroinfo_redacted,A_cosine_to_real,isotonic,held_out_crossfit,equal_mass,2,31,0.10032362459546926,0.5675675675675675,0.5925925925925926,0.5820982272595174,0.5806451612903226,-0.0014530659691948111
gemini-3.5-flash-lite,zeroinfo_redacted,A_cosine_to_real,isotonic,held_out_crossfit,equal_mass,3,31,0.10032362459546926,0.5925925925925926,0.5925925925925926,0.5925925925925923,0.5483870967741935,-0.04420549581839883
gemini-3.5-flash-lite,zeroinfo_redacted,A_cosine_to_real,isotonic,held_out_crossfit,equal_mass,4,31,0.10032362459546926,0.5925925925925926,0.5945945945945946,0.5932383996900124,0.5806451612903226,-0.012593238399689732
gemini-3.5-flash-lite,zeroinfo_redacted,A_cosine_to_real,isotonic,held_out_crossfit,equal_mass,5,31,0.10032362459546926,0.5945945945945946,0.6666666666666666,0.6015693112467306,0.5806451612903226,-0.02092414995640801
gemini-3.5-flash-lite,zeroinfo_redacted,A_cosine_to_real,isotonic,held_out_crossfit,equal_mass,6,31,0.10032362459546926,0.6666666666666666,0.6956521739130435,0.6783118704577332,0.6774193548387096,-0.0008925156190235928
gemini-3.5-flash-lite,zeroinfo_redacted,A_cosine_to_real,isotonic,held_out_crossfit,equal_mass,7,31,0.10032362459546926,0.6956521739130435,0.7333333333333333,0.7102384291725107,0.6774193548387096,-0.032819074333801046
gemini-3.5-flash-lite,zeroinfo_redacted,A_cosine_to_real,isotonic,held_out_crossfit,equal_mass,8,31,0.10032362459546926,0.7333333333333333,0.8461538461538461,0.7808105872622002,0.7096774193548387,-0.07113316790736146
gemini-3.5-flash-lite,zeroinfo_redacted,A_cosine_to_real,isotonic,held_out_crossfit,equal_mass,9,30,0.0970873786407767,0.8461538461538461,1.0,0.9435897435897436,0.8666666666666667,-0.07692307692307687
gemini-3.5-flash-lite,zeroinfo_redacted,A_cosine_to_real,isotonic,naive_full_sample,equal_width,3,21,0.06796116504854369,0.3333333333333333,0.3333333333333333,0.33333333333333326,0.3333333333333333,5.551115123125783e-17
gemini-3.5-flash-lite,zeroinfo_redacted,A_cosine_to_real,isotonic,naive_full_sample,equal_width,5,127,0.4110032362459547,0.5,0.581081081081081,0.5669291338582676,0.5669291338582677,1.1102230246251565e-16
gemini-3.5-flash-lite,zeroinfo_redacted,A_cosine_to_real,isotonic,naive_full_sample,equal_width,6,79,0.255663430420712,0.6111111111111112,0.6557377049180327,0.6455696202531644,0.6455696202531646,1.1102230246251565e-16
gemini-3.5-flash-lite,zeroinfo_redacted,A_cosine_to_real,isotonic,naive_full_sample,equal_width,7,53,0.1715210355987055,0.7058823529411765,0.75,0.7358490566037735,0.7358490566037735,0.0
gemini-3.5-flash-lite,zeroinfo_redacted,A_cosine_to_real,isotonic,naive_full_sample,equal_width,8,19,0.061488673139158574,0.8947368421052632,0.8947368421052632,0.8947368421052632,0.8947368421052632,0.0
gemini-3.5-flash-lite,zeroinfo_redacted,A_cosine_to_real,isotonic,naive_full_sample,equal_width,9,10,0.032362459546925564,1.0,1.0,1.0,1.0,0.0
gemini-3.5-flash-lite,zeroinfo_redacted,A_cosine_to_real,isotonic,naive_full_sample,equal_mass,0,31,0.10032362459546926,0.3333333333333333,0.5490196078431373,0.3997469955724225,0.3225806451612903,-0.07716635041113218
gemini-3.5-flash-lite,zeroinfo_redacted,A_cosine_to_real,isotonic,naive_full_sample,equal_mass,1,31,0.10032362459546926,0.5490196078431373,0.5490196078431373,0.5490196078431374,0.6129032258064516,0.06388361796331421
gemini-3.5-flash-lite,zeroinfo_redacted,A_cosine_to_real,isotonic,naive_full_sample,equal_mass,2,31,0.10032362459546926,0.5490196078431373,0.581081081081081,0.5686701882147802,0.6129032258064516,0.04423303759167141
gemini-3.5-flash-lite,zeroinfo_redacted,A_cosine_to_real,isotonic,naive_full_sample,equal_mass,3,31,0.10032362459546926,0.581081081081081,0.581081081081081,0.5810810810810809,0.5806451612903226,-0.000435919790758299
gemini-3.5-flash-lite,zeroinfo_redacted,A_cosine_to_real,isotonic,naive_full_sample,equal_mass,4,31,0.10032362459546926,0.581081081081081,0.6111111111111112,0.587862055603991,0.4838709677419355,-0.10399108786205546
gemini-3.5-flash-lite,zeroinfo_redacted,A_cosine_to_real,isotonic,naive_full_sample,equal_mass,5,31,0.10032362459546926,0.6111111111111112,0.6557377049180327,0.6399024619542861,0.7419354838709677,0.10203302191668162
gemini-3.5-flash-lite,zeroinfo_redacted,A_cosine_to_real,isotonic,naive_full_sample,equal_mass,6,31,0.10032362459546926,0.6557377049180327,0.6557377049180327,0.6557377049180325,0.6451612903225806,-0.010576414595451888
gemini-3.5-flash-lite,zeroinfo_redacted,A_cosine_to_real,isotonic,naive_full_sample,equal_mass,7,31,0.10032362459546926,0.6557377049180327,0.75,0.6953992596509785,0.6774193548387096,-0.017979904812268854
gemini-3.5-flash-lite,zeroinfo_redacted,A_cosine_to_real,isotonic,naive_full_sample,equal_mass,8,31,0.10032362459546926,0.75,0.75,0.75,0.7741935483870968,0.024193548387096753
gemini-3.5-flash-lite,zeroinfo_redacted,A_cosine_to_real,isotonic,naive_full_sample,equal_mass,9,30,0.0970873786407767,0.75,1.0,0.925,0.9,-0.025000000000000022
gemini-3.5-flash-lite,zeroinfo_redacted,A_cosine_to_real,platt,held_out_crossfit,equal_width,2,2,0.006472491909385114,0.28409727963450276,0.2931484773260245,0.28862287848026363,1.0,0.7113771215197364
gemini-3.5-flash-lite,zeroinfo_redacted,A_cosine_to_real,platt,held_out_crossfit,equal_width,3,7,0.022653721682847898,0.32731312488941217,0.39247685806104915,0.3750186897269144,0.42857142857142855,0.05355273884451417
gemini-3.5-flash-lite,zeroinfo_redacted,A_cosine_to_real,platt,held_out_crossfit,equal_width,4,26,0.08414239482200647,0.40660875495980636,0.4983899657728566,0.4625585745159991,0.4230769230769231,-0.039481651439076004
gemini-3.5-flash-lite,zeroinfo_redacted,A_cosine_to_real,platt,held_out_crossfit,equal_width,5,70,0.22653721682847897,0.5033955036189951,0.599677192286951,0.5513706406518367,0.5571428571428572,0.005772216491020443
gemini-3.5-flash-lite,zeroinfo_redacted,A_cosine_to_real,platt,held_out_crossfit,equal_width,6,113,0.3656957928802589,0.6047828432817375,0.6995400539539556,0.6528718174022384,0.6460176991150443,-0.0068541182871941775
gemini-3.5-flash-lite,zeroinfo_redacted,A_cosine_to_real,platt,held_out_crossfit,equal_width,7,88,0.284789644012945,0.7003327372091656,0.7970577813502754,0.7446009795850134,0.7386363636363636,-0.005964615948649721
gemini-3.5-flash-lite,zeroinfo_redacted,A_cosine_to_real,platt,held_out_crossfit,equal_width,8,3,0.009708737864077669,0.8003921205764374,0.8097240142427163,0.8061203344376117,1.0,0.19387966556238834
gemini-3.5-flash-lite,zeroinfo_redacted,A_cosine_to_real,platt,held_out_crossfit,equal_mass,0,31,0.10032362459546926,0.28409727963450276,0.49194880864346735,0.4272417104992236,0.41935483870967744,-0.007886871789546168
gemini-3.5-flash-lite,zeroinfo_redacted,A_cosine_to_real,platt,held_out_crossfit,equal_mass,1,31,0.10032362459546926,0.49480885295612315,0.5361228223425868,0.5185475844725209,0.5483870967741935,0.02983951230167259
gemini-3.5-flash-lite,zeroinfo_redacted,A_cosine_to_real,platt,held_out_crossfit,equal_mass,2,31,0.10032362459546926,0.5375900354764556,0.5835950889293997,0.5612647706728885,0.6451612903225806,0.08389651964969214
gemini-3.5-flash-lite,zeroinfo_redacted,A_cosine_to_real,platt,held_out_crossfit,equal_mass,3,31,0.10032362459546926,0.5885175258823693,0.620089281225091,0.6046236869420022,0.5161290322580645,-0.08849465468393769
gemini-3.5-flash-lite,zeroinfo_redacted,A_cosine_to_real,platt,held_out_crossfit,equal_mass,4,31,0.10032362459546926,0.6204275953529035,0.6483487867053732,0.6331663672674701,0.6774193548387096,0.04425298757123952
gemini-3.5-flash-lite,zeroinfo_redacted,A_cosine_to_real,platt,held_out_crossfit,equal_mass,5,31,0.10032362459546926,0.6487352254206435,0.6748667457526194,0.6612125364583361,0.5483870967741935,-0.1128254396841426
gemini-3.5-flash-lite,zeroinfo_redacted,A_cosine_to_real,platt,held_out_crossfit,equal_mass,6,31,0.10032362459546926,0.6750646837393264,0.6994929571778864,0.6874859140292507,0.7419354838709677,0.054449569841717005
gemini-3.5-flash-lite,zeroinfo_redacted,A_cosine_to_real,platt,held_out_crossfit,equal_mass,7,31,0.10032362459546926,0.6995400539539556,0.7267570659715051,0.7145764276315902,0.6129032258064516,-0.10167320182513861
gemini-3.5-flash-lite,zeroinfo_redacted,A_cosine_to_real,platt,held_out_crossfit,equal_mass,8,31,0.10032362459546926,0.7272021170573008,0.7589722335868216,0.743613297878907,0.7741935483870968,0.0305802505081898
gemini-3.5-flash-lite,zeroinfo_redacted,A_cosine_to_real,platt,held_out_crossfit,equal_mass,9,30,0.0970873786407767,0.7610594730020392,0.8097240142427163,0.7812968589974187,0.8666666666666667,0.08536980766924795
gemini-3.5-flash-lite,zeroinfo_redacted,A_cosine_to_real,platt,naive_full_sample,equal_width,2,1,0.003236245954692557,0.2624559899580386,0.2624559899580386,0.2624559899580386,1.0,0.7375440100419615
gemini-3.5-flash-lite,zeroinfo_redacted,A_cosine_to_real,platt,naive_full_sample,equal_width,3,9,0.02912621359223301,0.31158532126005833,0.3999124123707804,0.3725432030867124,0.4444444444444444,0.07190124135773202
gemini-3.5-flash-lite,zeroinfo_redacted,A_cosine_to_real,platt,naive_full_sample,equal_width,4,21,0.06796116504854369,0.40595800817664335,0.4985167691616315,0.459931214374439,0.38095238095238093,-0.07897883342205808
gemini-3.5-flash-lite,zeroinfo_redacted,A_cosine_to_real,platt,naive_full_sample,equal_width,5,72,0.23300970873786409,0.500305761991047,0.5998261581209114,0.5515531587831651,0.5833333333333334,0.03178017455016824
gemini-3.5-flash-lite,zeroinfo_redacted,A_cosine_to_real,platt,naive_full_sample,equal_width,6,111,0.3592233009708738,0.6001522835376926,0.6995426402206236,0.6508955611525096,0.6216216216216216,-0.02927393953088797
gemini-3.5-flash-lite,zeroinfo_redacted,A_cosine_to_real,platt,naive_full_sample,equal_width,7,91,0.29449838187702265,0.7009582479788199,0.7947586705907141,0.741902848456988,0.7472527472527473,0.005349898795759311
gemini-3.5-flash-lite,zeroinfo_redacted,A_cosine_to_real,platt,naive_full_sample,equal_width,8,4,0.012944983818770227,0.805379457967839,0.817507973564951,0.8111038640622877,1.0,0.18889613593771226
gemini-3.5-flash-lite,zeroinfo_redacted,A_cosine_to_real,platt,naive_full_sample,equal_mass,0,31,0.10032362459546926,0.2624559899580386,0.4985167691616315,0.4281903328903764,0.41935483870967744,-0.008835494180698955
gemini-3.5-flash-lite,zeroinfo_redacted,A_cosine_to_real,platt,naive_full_sample,equal_mass,1,31,0.10032362459546926,0.500305761991047,0.5456437178796202,0.5246048218170052,0.5806451612903226,0.056040339473317435
gemini-3.5-flash-lite,zeroinfo_redacted,A_cosine_to_real,platt,naive_full_sample,equal_mass,2,31,0.10032362459546926,0.5456947598230152,0.588971833962708,0.564250787750924,0.5483870967741935,-0.01586369097673046
gemini-3.5-flash-lite,zeroinfo_redacted,A_cosine_to_real,platt,naive_full_sample,equal_mass,3,31,0.10032362459546926,0.5904982601425988,0.6157715824654713,0.6036651071568768,0.5806451612903226,-0.023019945866554203
gemini-3.5-flash-lite,zeroinfo_redacted,A_cosine_to_real,platt,naive_full_sample,equal_mass,4,31,0.10032362459546926,0.6208636679102993,0.6516199802381573,0.6365576558752191,0.5806451612903226,-0.055912494584896444
gemini-3.5-flash-lite,zeroinfo_redacted,A_cosine_to_real,platt,naive_full_sample,equal_mass,5,31,0.10032362459546926,0.6520131465580827,0.6705749356342259,0.6621345556125108,0.7096774193548387,0.04754286374232797
gemini-3.5-flash-lite,zeroinfo_redacted,A_cosine_to_real,platt,naive_full_sample,equal_mass,6,31,0.10032362459546926,0.670698372162159,0.7038460084816558,0.6883844243374421,0.6129032258064516,-0.07548119853099045
gemini-3.5-flash-lite,zeroinfo_redacted,A_cosine_to_real,platt,naive_full_sample,equal_mass,7,31,0.10032362459546926,0.7060251540533897,0.7324637166364639,0.7160292423108309,0.6774193548387096,-0.03860988747212124
gemini-3.5-flash-lite,zeroinfo_redacted,A_cosine_to_real,platt,naive_full_sample,equal_mass,8,31,0.10032362459546926,0.7325951069918959,0.7598710232502274,0.7419437556200281,0.7419354838709677,-8.271749060373423e-06
gemini-3.5-flash-lite,zeroinfo_redacted,A_cosine_to_real,platt,naive_full_sample,equal_mass,9,30,0.0970873786407767,0.7604603344008132,0.817507973564951,0.7818042840415188,0.9,0.11819571595848122
