canonical_name,long_tail,wiki_status,recommendation,n_guest_quotes,n_staff_quotes,guest_strong,guest_medium,staff_strong,staff_medium,staff_weak,guest_score,staff_score,flag_public_radio,flag_other_network,exclusion_trigger_label,exclusion_marker,summary_filter_verdict,top_guest_quote,top_guest_source,top_staff_quote,top_staff_source,subst_dedup,n_dates_dedup,span_days_dedup,npr_share,n_programs,first_date,last_date,transcript_ids
Robert Traynham,1,long-tail,RE-ADMIT,38,1,19,19,0,0,1,20,1,0,0,"ROBERT TRAYNHAM, HOST, ""ROLL CALL WITH ROBERT TRAYNHAM""",HOST,no,"ROBERT TRAYNHAM, D.C. BUREAU CHIEF, COMCAST NETWORK",label:CNN-167677;CNN-170486;CNN-174042,"First, here's political analyst Robert Traynham.","utterance[FARAI CHIDEYA, host]:NPR-31",25,25,797,0.67,5,2005-07-07,2007-09-12,CNN-117297;CNN-118212;CNN-118933;CNN-124467;CNN-130317;CNN-154962;CNN-167677;CNN-168991;CNN-170486;CNN-171797;CNN-172803;CNN-174042;CNN-174346;CNN-175286;NPR-1635;NPR-2546;NPR-2617;NPR-2731;NPR-2935;NPR-3038;NPR-31;NPR-3181;NPR-3238;NPR-3425;NPR-3827
Omar Gallaga,1,long-tail,RE-ADMIT,25,0,15,10,0,0,0,20,0,0,0,"Mr. OMAR GALLAGA (Reporter, Austin American-Statesman)",REPORTER,no,"Mr. OMAR GALLAGA (Reporter, Austin American-Statesman)",label:NPR-35923;NPR-36333;NPR-36380,,,15,15,2301,1.0,1,2008-07-08,2014-10-26,NPR-25963;NPR-33591;NPR-34888;NPR-35280;NPR-35492;NPR-35553;NPR-35797;NPR-36312;NPR-36364;NPR-36647;NPR-36666;NPR-37338;NPR-37470;NPR-37532;NPR-37765;NPR-37922;NPR-37994;NPR-5959;NPR-6676
Margie Omero,1,long-tail,RE-ADMIT,28,1,8,20,0,0,1,20,1,0,0,"MARGIE OMERO, CO-HOST, ""THE POLLSTERS"" PODCAST",HOST,no,"Ms. MARGIE OMERO (Founder, Momentum Analysis)",label:NPR-3795,"The morning after the third and last presidential debate, David Greene talks to Republican pollster Jim Hobart and Democratic analyst Margie Omero.",summary:NPR-18263,10,10,3088,0.24,14,2010-11-03,2019-04-18,CNN-194042;CNN-194134;CNN-194813;CNN-195411;CNN-222100;CNN-261954;CNN-266471;CNN-274879;CNN-277393;CNN-280657;CNN-283356;CNN-290146;CNN-291103;CNN-291974;CNN-295395;CNN-344195;CNN-350270;CNN-350879;CNN-352304;CNN-353761;CNN-354037;CNN-362760;CNN-363554;CNN-363555;CNN-363556
Kim Goldman,1,long-tail,RE-ADMIT,18,0,5,13,0,0,0,20,0,0,0,"KIM GOLDMAN, RON GOLDMAN'S SISTER, HOST, ""CONFRONTING O.J. SIMPSON"" PODCAST",HOST,no,"KIM GOLDMAN, AUTHOR, CAN'T FORGIVE",label:CNN-230198,,,4,4,998,0.0,12,2004-06-19,2007-03-14,CNN-110074;CNN-112088;CNN-112158;CNN-112179;CNN-112316;CNN-112358;CNN-115257;CNN-115902;CNN-119943;CNN-119944;CNN-119945;CNN-119958;CNN-119959;CNN-119975;CNN-131248;CNN-132996;CNN-132999;CNN-133011;CNN-133015;CNN-133022;CNN-133107;CNN-133518;CNN-133578;CNN-137150;CNN-204682
Kathie Obradovich,1,long-tail,RE-ADMIT,25,0,15,10,0,0,0,20,0,0,0,"KATHIE OBRADOVICH, POLITICAL COLUMNIST, DES MOINES REPORTER",REPORTER,no,"KATHIE OBRADOVICH, POLITICAL COLUMNIST, DES MOINES REPORTER",label:CNN-307588,,,3,3,2650,0.21,8,2005-10-29,2013-01-30,CNN-122565;CNN-168181;CNN-253214;CNN-261977;CNN-267400;CNN-267559;CNN-272882;CNN-273663;CNN-273813;CNN-274770;CNN-275059;CNN-358858;CNN-359546;CNN-383976;CNN-391920;NPR-11766;NPR-43442;NPR-708;NPR-9667
Mark Schleifstein,1,long-tail,RE-ADMIT,9,1,4,5,0,0,1,20,1,0,0,"MARK SCHLEIFSTEIN, ENVIRONMENT REPORTER, TIMES-PICAYUNE",REPORTER,no,"MARK SCHLEIFSTEIN, ENVIRONMENT REPORTER, TIMES-PICAYUNE",label:CNN-130248,We've been talking with reporter Mark Schleifstein of the New Orleans Times-Picayune about the oil spill on the Mississippi River.,"utterance[MELISSA BLOCK, host]:NPR-39404",3,3,2555,0.75,2,2005-08-29,2012-08-27,CNN-151499;NPR-30985;NPR-39404;NPR-43755
Micheline Maynard,1,long-tail,RE-ADMIT,36,0,33,3,0,0,0,18,0,0,0,"MICHELINE MAYNARD (Senior Business Correspondent, New York Times)",CORRESPONDENT,no,"MICHELINE MAYNARD, AUTHOR",label:CNN-77666;CNN-77704,,,6,6,1948,0.58,7,2006-01-23,2011-05-25,CNN-144620;CNN-217336;CNN-77666;CNN-77704;CNN-95264;NPR-13045;NPR-1875;NPR-31208;NPR-3669;NPR-41163;NPR-42972;NPR-5081
Wayne Slater,1,long-tail,RE-ADMIT,52,0,49,3,0,0,0,18,0,0,0,"WAYNE SLATER, SENIOR POLITICAL REPORTER, DALLAS MORNING NEWS",REPORTER,no,"WAYNE SLATER, ""DALLAS MORNING NEWS""",label:CNN-11540;CNN-12491;CNN-19292,,,3,3,2296,0.05,31,2006-02-15,2012-05-30,CNN-104387;CNN-104401;CNN-106019;CNN-106021;CNN-107979;CNN-11540;CNN-119074;CNN-119086;CNN-119089;CNN-119091;CNN-119095;CNN-119097;CNN-123869;CNN-124287;CNN-124288;CNN-12491;CNN-138401;CNN-148486;CNN-148518;CNN-148528;CNN-148538;CNN-148906;CNN-162273;CNN-167371;CNN-170606
Allison Samuels,1,long-tail,RE-ADMIT,68,0,67,1,0,0,0,14,0,0,0,"Ms. ALLISON SAMUELS (National Correspondent, Newsweek)",CORRESPONDENT,review,"ALLISON SAMUELS, ""NEWSWEEK""",label:CNN-124630;CNN-129419;CNN-132690,,,4,4,329,0.25,8,2007-05-04,2008-03-28,CNN-124630;CNN-129419;CNN-132690;CNN-132691;CNN-132725;CNN-132779;CNN-133582;CNN-181025;CNN-181088;CNN-181089;CNN-192137;CNN-95323;NPR-10733;NPR-12731;NPR-1657;NPR-1771
Greg Jaffe,1,long-tail,RE-ADMIT,28,2,27,1,0,0,2,14,2,0,0,"GREG JAFFE, MILITARY REPORTER, ""THE WASHINGTON POST""",REPORTER,no,"GREG JAFFE, MILITARY REPORTER, ""THE WASHINGTON POST""",label:CNN-143917;CNN-144461,"Post reporter Greg Jaffe saw an early draft of that history in the summer of 2009, and he reports that it's markedly different from the final version that was released late this year.",summary:NPR-34104,4,3,3455,0.67,4,2010-04-15,2019-09-30,CNN-144967;CNN-175649;NPR-31826;NPR-526;NPR-8424;NPR-8427
Kavitha Davidson,1,long-tail,RE-ADMIT,17,0,16,1,0,0,0,14,0,0,1,"KAVITHA DAVIDSON, SPORTS BUSINESS REPORTER, ""THE ATHLETICS""",REPORTER,no,"KAVITHA DAVIDSON, SPORTS COLUMNIST, BLOOMBERG VIEW",label:CNN-238661;CNN-238924;CNN-247774,,,3,3,311,0.33,3,2015-04-01,2016-02-06,CNN-238661;CNN-238924;CNN-244348;CNN-247774;CNN-257991;CNN-293848;NPR-22240;NPR-23793;NPR-7408
Kevin Arnovitz,1,long-tail,RE-ADMIT,6,2,5,1,0,2,0,14,4,0,0,KEVIN ARNOVITZ reporting,REPORTING,no,NPR's Robert Siegel talks to ESPN's Kevin Arnovitz about Westbrook's heroic effort this season.,summary:NPR-5500,KEVIN ARNOVITZ reporting,label:NPR-17466,3,3,3944,1.0,2,2007-06-26,2018-04-13,NPR-17466;NPR-4002;NPR-47653;NPR-5500
Nicole Perlroth,1,long-tail,RE-ADMIT,11,0,10,1,0,0,0,14,0,0,0,"NICOLE PERLROTH, CYBERSECURITY REPORTER, NEW YORK TIMES",REPORTER,no,"NICOLE PERLROTH, ""NEW YORK TIMES""",label:CNN-200370,,,3,3,1610,0.75,3,2013-01-31,2017-06-29,CNN-200370;NPR-17621;NPR-26597;NPR-27953
Sudarsan Raghavan,1,long-tail,RE-ADMIT,26,1,26,0,0,0,1,12,1,0,0,"SUDARSAN RAGHAVAN, FOREIGN CORRESPONDENT, WASHINGTON POST (via telephone)",CORRESPONDENT,review,Mr. SUDARSAN RAGHAVAN (Washington Post),label:NPR-29741,"But as Post reporter Sudarsan Raghavan found, several months into the mission, it's not yet clear what exactly these U.S.","utterance[AUDIE CORNISH, HOST]:NPR-31788",7,7,3192,0.89,3,2010-07-12,2019-04-08,CNN-167322;NPR-11123;NPR-14950;NPR-26659;NPR-29741;NPR-31788;NPR-33520;NPR-33578;NPR-6174
Kimberly Atkins,1,long-tail,RE-ADMIT,23,0,23,0,0,0,0,12,0,0,0,"KIMBERLY ATKINS, REPORTER, BOSTON HERALD",REPORTER,no,"KIMBERLY ATKINS, ""BOSTON HERALD""",label:CNN-322056;CNN-323880;CNN-324278,,,6,6,546,0.55,2,2017-05-26,2018-11-23,CNN-322056;CNN-322057;CNN-323880;CNN-323881;CNN-324278;NPR-13335;NPR-17375;NPR-18191;NPR-1960;NPR-3604;NPR-48292
Martin Chulov,1,long-tail,RE-ADMIT,20,2,20,0,0,0,2,12,2,0,0,"MARTIN CHULOV, CORRESPONDENT, THE GUARDIAN",CORRESPONDENT,no,"MARTIN CHULOV, CORRESPONDENT, THE GUARDIAN",label:CNN-245168;CNN-263523;CNN-323854,"""Guardian"" Reporter Martin Chulov interviewed a senior ISIS commander.",utterance[TODD]:CNN-245168,4,4,2062,0.8,3,2013-01-16,2018-09-09,CNN-269669;NPR-22985;NPR-27021;NPR-30076;NPR-4325
Adeed Dawisha,1,long-tail,RE-ADMIT,12,2,12,0,0,1,1,12,3,0,0,ADEED DAWISHA reporting,REPORTING,no,Professor ADEED DAWISHA (Miami University of Ohio),label:NPR-5330;NPR-39885,ADEED DAWISHA reporting,label:NPR-42075,4,4,839,1.0,3,2005-12-13,2008-03-31,NPR-39885;NPR-40476;NPR-42075;NPR-5330
Ellen Knickmeyer,1,long-tail,RE-ADMIT,16,0,16,0,0,0,0,12,0,0,0,"ELLEN KNICKMEYER, WASHINGTON POST REPORTER",REPORTER,review,Ms. ELLEN KNICKMEYER (The Washington Post),label:NPR-40023;NPR-41030,,,4,4,3230,1.0,3,2005-05-25,2014-03-29,NPR-12151;NPR-28245;NPR-40023;NPR-41030
Peter Spiegel,1,long-tail,RE-ADMIT,21,0,21,0,0,0,0,12,0,0,0,"PETER SPIEGEL, PENTAGON CORRESPONDENT, ""THE LOS ANGELES TIMES""",CORRESPONDENT,no,"PETER SPIEGEL, PENTAGON CORRESPONDENT, ""THE LOS ANGELES TIMES""",label:CNN-111980,,,3,3,1300,0.5,3,2015-06-30,2019-01-20,CNN-177335;CNN-177408;CNN-180229;CNN-411880;NPR-21213;NPR-21634;NPR-6127;NPR-7951
Devlin Barrett,1,long-tail,RE-ADMIT,22,0,22,0,0,0,0,12,0,0,0,"DEVLIN BARRETT, NATIONAL SECURITY REPORTER, ""WASHINGTON POST""",REPORTER,no,"DEVLIN BARRETT, THE WASHINGTON POST",label:CNN-308607;CNN-312938;CNN-315279,,,3,3,1641,0.3,7,2015-01-31,2019-07-30,CNN-243267;CNN-243316;CNN-308607;CNN-312938;CNN-315279;CNN-316686;CNN-331721;NPR-14823;NPR-25199;NPR-9569
Ben Hubbard,1,long-tail,RE-ADMIT,13,0,13,0,0,0,0,12,0,0,0,"BEN HUBBARD, NEW YORK TIMES REPORTER",REPORTER,review,"BEN HUBBARD, NEW YORK TIMES REPORTER",label:CNN-237161;CNN-238011,,,3,3,1237,0.75,3,2015-06-16,2018-11-04,CNN-339350;NPR-24361;NPR-2857;NPR-7997
Joe Flint,1,long-tail,RE-ADMIT,19,0,19,0,0,0,0,12,0,0,0,"JOE FLINT, MEDIA REPORTER, LOS ANGELES TIMES",REPORTER,review,Mr. JOE FLINT (Los Angeles Times),label:NPR-13494,,,3,3,2484,0.57,5,2011-01-23,2017-11-11,CNN-100391;CNN-147229;CNN-183658;NPR-13494;NPR-14932;NPR-20575;NPR-25031
Julia Ioffe,0,has-page,RE-ADMIT,63,2,48,15,0,1,1,20,3,0,0,"JULIA IOFFE, CORRESPONDENT, GQ MAGAZINE",REPORTER,review,"JULIA IOFFE, STAFF WRITER, THE ATLANTIC",label:CNN-316197;CNN-316896;CNN-319234,"JULIA IOFFE, CORRESPONDENT, GQ",label:CNN-345327;CNN-379219;CNN-388370,10,10,2476,0.15,19,2010-08-09,2017-05-20,CNN-161258;CNN-178293;CNN-209572;CNN-211662;CNN-213965;CNN-214039;CNN-214415;CNN-214453;CNN-225300;CNN-225448;CNN-225523;CNN-226052;CNN-226197;CNN-226203;CNN-228675;CNN-229484;CNN-235011;CNN-236227;CNN-243467;CNN-250225;CNN-251186;CNN-261961;CNN-263424;CNN-265095;CNN-266143
Jeffrey Goldberg,0,has-page,RE-ADMIT,68,0,62,6,0,0,0,20,0,0,0,"JEFFREY GOLDBERG, NATIONAL CORRESPONDENT, ""THE ATLANTIC""",CORRESPONDENT,no,"JEFFREY GOLDBERG, EDITOR-IN-CHIEF, THE ATLANTIC",label:CNN-297734;CNN-395789;CNN-406386,,,10,10,3398,0.19,23,2006-08-16,2015-12-05,CNN-111206;CNN-133897;CNN-155506;CNN-166191;CNN-182183;CNN-203355;CNN-208210;CNN-213870;CNN-214382;CNN-222387;CNN-224234;CNN-226051;CNN-236458;CNN-280128;CNN-297734;CNN-343015;CNN-351505;CNN-359890;CNN-379221;CNN-381301;CNN-385805;CNN-395789;CNN-406386;CNN-410059;CNN-410071
Anthony Shadid,0,has-page,RE-ADMIT,66,2,62,4,0,0,2,20,2,0,0,"Mr. ANTHONY SHADID (Foreign Correspondent, New York Times)",CORRESPONDENT,review,Mr. ANTHONY SHADID (The Washington Post),label:NPR-42123;NPR-43448;NPR-44106,Interview With 'Post' Reporter Anthony Shadid,summary:CNN-74732,9,9,2278,0.39,11,2005-06-10,2011-09-05,CNN-164108;CNN-164146;CNN-164186;CNN-164195;CNN-166030;CNN-177238;CNN-181255;CNN-181262;CNN-201806;CNN-69638;CNN-79003;CNN-83576;CNN-83595;CNN-91744;NPR-1407;NPR-2833;NPR-31082;NPR-32522;NPR-37569;NPR-42123;NPR-43448;NPR-44106;NPR-44119
Katrina Vanden Heuvel,0,has-page,RE-ADMIT,50,0,45,5,0,0,0,20,0,0,0,"KATRINA VANDEN HEUVEL, GUEST CO-HOST",HOST,no,"KATRINA VANDEN HEUVEL, EDITOR, ""THE NATION""",label:CNN-22793;CNN-27898;CNN-34886,,,6,6,1050,0.07,31,2011-07-29,2014-06-13,CNN-100811;CNN-102810;CNN-103941;CNN-108526;CNN-121653;CNN-121654;CNN-124086;CNN-124311;CNN-125131;CNN-126241;CNN-126765;CNN-126771;CNN-128201;CNN-131108;CNN-131814;CNN-132692;CNN-138330;CNN-138334;CNN-138337;CNN-138350;CNN-148611;CNN-156519;CNN-157508;CNN-159750;CNN-162175
Gustavo Arellano,0,has-page,RE-ADMIT,18,3,10,8,0,1,2,20,4,0,0,GUSTAVO ARELLANO reporting,REPORTING,review,"Keli Goff, political correspondent, The Root Gustavo Arellano, editor, OC Weekly Paul Taylor, executive vice president, Pew Research Center",summary:NPR-9791,GUSTAVO ARELLANO reporting,label:NPR-16987,6,6,3293,0.64,5,2009-07-16,2018-07-22,CNN-104510;CNN-105787;CNN-106565;CNN-107145;CNN-107324;NPR-15070;NPR-16987;NPR-18535;NPR-20928;NPR-228;NPR-45483;NPR-46107;NPR-46833;NPR-9791
Dan Murphy,0,has-page,RE-ADMIT,38,0,31,7,0,0,0,20,0,0,0,"Mr. DAN MURPHY (Reporter, Christian Science Monitor)",REPORTER,review,Mr. DAN MURPHY (The Christian Science Monitor),label:NPR-15267;NPR-15370;NPR-15839,,,6,6,221,0.69,8,2005-08-22,2006-03-31,CNN-122505;CNN-165867;CNN-172026;CNN-249984;CNN-58310;NPR-14000;NPR-15267;NPR-15370;NPR-15839;NPR-15970;NPR-16402;NPR-18509;NPR-34097;NPR-43353;NPR-43459;NPR-48581
Steven Erlanger,0,has-page,RE-ADMIT,58,0,54,4,0,0,0,20,0,0,0,"STEVEN ERLANGER, NEW YORK TIMES CHIEF DIPLOMATIC CORRESPONDENT",CORRESPONDENT,no,"STEVEN ERLANGER, ""THE NEW YORK TIMES""",label:CNN-313187;CNN-315206;CNN-317883,,,5,5,2205,0.1,6,2007-03-26,2013-04-08,CNN-307823;CNN-312728;CNN-313187;CNN-315206;CNN-315796;CNN-317883;CNN-320476;CNN-322460;CNN-323100;CNN-324205;CNN-324773;CNN-325840;CNN-328576;CNN-329100;CNN-329500;CNN-330952;CNN-331522;CNN-331977;CNN-333132;CNN-333700;CNN-336527;CNN-337119;CNN-337624;CNN-338195;CNN-338749
Ron Cowen,0,has-page,RE-ADMIT,13,2,9,4,0,0,2,20,2,0,0,"Mr. RON COWEN (Astronomy and Space Science Reporter, Science News)",REPORTER,review,"Mr. RON COWEN (Astronomy and Space Science Reporter, Science News)",label:NPR-45049,Science News reporter Ron Cowen talks about this and other news from a meeting of the American Astronomical Society's Division for Planetary Sciences.,summary:NPR-3994,5,5,924,0.83,2,2010-07-09,2013-01-18,CNN-53041;NPR-1646;NPR-231;NPR-3994;NPR-5077;NPR-9758
Ari Shavit,0,has-page,RE-ADMIT,27,0,20,7,0,0,0,20,0,0,0,"ARI SHAVIT, SR. CORRESPONDENT, ""HAARETZ""",CORRESPONDENT,no,"ARI SHAVIT, HA'ARETZ NEWSPAPER",label:CNN-50849;CNN-99850,,,5,5,444,0.18,18,2013-12-26,2015-03-15,CNN-101215;CNN-104341;CNN-111949;CNN-134901;CNN-134909;CNN-234109;CNN-234470;CNN-235624;CNN-25046;CNN-25093;CNN-25189;CNN-254577;CNN-50849;CNN-56261;CNN-89704;CNN-90192;CNN-91225;CNN-92291;CNN-92292;CNN-92309;CNN-97028;CNN-99262;CNN-99850;NPR-23374;NPR-24512
Ana Kasparian,0,has-page,RE-ADMIT,13,0,8,5,0,0,0,20,0,0,0,"ANA KASPARIAN, HOST & EXECUTIVE PRODUCER, ""THE YOUNG TURKS""",HOST,no,"NPR's Ari Shapiro speaks with Bre Payton of The Federalist, and Ana Kasparian of the Young Turks Network about President Trump's rhetoric on the Mueller investigation and the upcoming confirmation hearings for Supreme Court nominee Brett Kavanaugh.",summary:NPR-4599,,,5,5,532,1.0,1,2017-12-15,2019-05-31,NPR-10266;NPR-14280;NPR-3729;NPR-4599;NPR-49015
John Burns,0,has-page,RE-ADMIT,62,3,55,7,0,1,2,20,4,0,0,"JOHN BURNS, POOL REPORTER",REPORTER,no,"JOHN BURNS, ""THE NEW YORK TIMES""",label:CNN-70150;CNN-70208;CNN-79761,"JOHN BURNS, POOL REPORTER",label:CNN-85885;CNN-85886,4,4,2545,0.12,14,2006-06-09,2013-05-28,CNN-107264;CNN-107808;CNN-113328;CNN-113340;CNN-113374;CNN-113396;CNN-113399;CNN-113451;CNN-113489;CNN-113669;CNN-113932;CNN-113934;CNN-114140;CNN-114289;CNN-114297;CNN-117111;CNN-117194;CNN-117196;CNN-117533;CNN-117534;CNN-117570;CNN-128112;CNN-167239;CNN-167240;CNN-168928
Tina Brown,0,has-page,RE-ADMIT,55,0,48,7,0,0,0,20,0,0,0,"TINA BROWN, JOURNALIST, MAGAZINE EDITOR, COLUMNIST, TALK-SHOW HOST, AND AUTHOR",HOST,no,"TINA BROWN, FOUNDER, DAILYBEAST.COM",label:CNN-137565;CNN-141109,,,4,4,1527,0.1,18,2009-07-01,2013-09-05,CNN-117540;CNN-131493;CNN-135515;CNN-136581;CNN-136634;CNN-136646;CNN-136647;CNN-137565;CNN-138054;CNN-140188;CNN-140194;CNN-141109;CNN-142611;CNN-145302;CNN-146239;CNN-146355;CNN-146528;CNN-147564;CNN-158248;CNN-158389;CNN-208553;CNN-212911;CNN-216003;CNN-227526;CNN-249144
Thomas Ricks,0,has-page,RE-ADMIT,39,1,35,4,0,1,0,20,2,0,0,"THOMAS RICKS, MILITARY CORRESPONDENT",CORRESPONDENT,no,"THOMAS RICKS, ""THE WASHINGTON POST""",label:CNN-110291;CNN-110294;CNN-110819,"THOMAS RICKS, MILITARY CORRESPONDENT",label:CNN-110819;CNN-111392;CNN-111408,4,4,1486,0.24,12,2006-08-07,2010-09-01,CNN-108676;CNN-108867;CNN-109009;CNN-110286;CNN-110291;CNN-110294;CNN-110319;CNN-110819;CNN-111392;CNN-111408;CNN-112920;CNN-135775;CNN-144348;CNN-165963;CNN-318669;CNN-318870;NPR-16790;NPR-17869;NPR-4394;NPR-47729;NPR-48336
Kevin Powell,0,has-page,RE-ADMIT,41,1,36,5,0,1,0,20,2,0,0,"KEVIN POWELL, POLITICAL & SOCIAL COMMENTATOR & HIP HOP HISTORIAN & AUTHOR",COMMENTATOR,no,"KEVIN POWELL, ACTIVIST, WRITER, PUBLIC SPEAKER",label:CNN-237351;CNN-237354;CNN-237369,"And so a Kevin Powell has the opportunity--for instance, when Kevin had his manhood conference here in Chicago, I put it on the front page.","utterance[Mr. ROLAND MARTIN (Executive Editor, Chicago Defender)]:NPR-47213",4,4,2973,0.27,9,2005-06-03,2013-07-24,CNN-115972;CNN-118683;CNN-135952;CNN-136141;CNN-185035;CNN-196775;CNN-20733;CNN-236929;CNN-237351;CNN-237354;CNN-237369;CNN-237443;CNN-244801;CNN-251203;CNN-261702;CNN-376824;NPR-25629;NPR-28656;NPR-39399;NPR-47213;NPR-47583;NPR-47853
Mark Bowden,0,has-page,RE-ADMIT,51,0,44,7,0,0,0,20,0,0,0,"MARK BOWDEN, BRITISH CORRESPONDENT (on camera)",CORRESPONDENT,no,"MARK BOWDEN, AUTHOR, ""KILLING PABLO""",label:CNN-32721;CNN-46417,,,4,4,2455,0.22,17,2012-10-23,2019-07-14,CNN-105855;CNN-107824;CNN-169434;CNN-194474;CNN-198220;CNN-241924;CNN-32721;CNN-41117;CNN-46417;CNN-47163;CNN-61811;CNN-65345;CNN-67411;CNN-68218;CNN-68413;CNN-68787;CNN-68844;CNN-77644;CNN-80409;CNN-84316;CNN-89882;NPR-10150;NPR-25359;NPR-29173;NPR-4940
Jerry Mitchell,0,has-page,RE-ADMIT,19,3,12,7,0,2,1,20,5,0,0,"JERRY MITCHELL, REPORTER, CLARION LEDGER",REPORTER,no,"JERRY MITCHELL, REPORTER, CLARION LEDGER",label:CNN-30679;CNN-31325,"JERRY MITCHELL, FOUNDER, MISSISSIPPI CENTER FOR INVESTIGATIVE REPORTING",label:CNN-375819;CNN-375927,4,4,4545,0.44,7,2007-02-14,2019-07-26,CNN-28510;CNN-28724;CNN-375819;CNN-375927;CNN-95546;NPR-1384;NPR-2322;NPR-45789;NPR-9677
Evan Osnos,0,has-page,RE-ADMIT,32,0,28,4,0,0,0,20,0,0,0,"EVAN OSNOS, CHINA CORRESPONDENT, ""THE NEW YORKER""",CORRESPONDENT,no,"EVAN OSNOS, STAFF WRITER, ""THE NEW YORKER""",label:CNN-306521;CNN-331582,,,4,4,1360,0.33,6,2014-12-20,2018-09-10,CNN-296728;CNN-306521;CNN-331582;CNN-342957;CNN-362879;CNN-390234;CNN-399529;CNN-400962;NPR-20804;NPR-22723;NPR-25526;NPR-4326
Greg Miller,0,has-page,RE-ADMIT,71,2,63,8,0,2,0,20,4,0,0,"GREG MILLER, NATIONAL SECURITY CORRESPONDENT, ""THE WASHINGTON POST""",REPORTER,no,"GREG MILLER, NATIONAL SECURITY CORRESPONDENT, ""THE WASHINGTON POST""",label:CNN-305061;CNN-305079;CNN-305123,"GREG MILLER, REPORTER, KDRO",label:CNN-253562,4,4,758,0.23,17,2017-03-05,2019-04-02,CNN-11836;CNN-176577;CNN-176636;CNN-270152;CNN-299330;CNN-299333;CNN-299339;CNN-299357;CNN-299361;CNN-304357;CNN-304457;CNN-312389;CNN-312392;CNN-312413;CNN-312415;CNN-312417;CNN-36509;CNN-36514;CNN-55079;CNN-87494;NPR-11197;NPR-11336;NPR-16772;NPR-28153;NPR-37152
Carol Leonnig,0,has-page,RE-ADMIT,38,0,34,4,0,0,0,20,0,0,0,"CAROL LEONNIG, NATIONAL REPORTER, ""WASHINGTON POST""",REPORTER,no,"CAROL LEONNIG, ""THE WASHINGTON POST""",label:CNN-175582;CNN-202344;CNN-251109,,,4,4,4038,0.36,9,2008-03-31,2019-04-21,CNN-175582;CNN-202344;CNN-239917;CNN-251070;CNN-251109;CNN-251781;CNN-318009;NPR-10557;NPR-40489;NPR-49175;NPR-7893
Ronald Kessler,0,has-page,RE-ADMIT,72,2,68,4,0,1,1,20,3,0,0,"RONALD KESSLER, INVESTIGATIVE REPORTER",CORRESPONDENT,no,"RONALD KESSLER, AUTHOR",label:CNN-30234;CNN-54988;CNN-83759,"RONALD KESSLER, INVESTIGATIVE REPORTER",label:CNN-186614;CNN-239421;CNN-243253,3,3,3412,0.06,28,2005-06-01,2014-10-04,CNN-104654;CNN-105689;CNN-105695;CNN-111100;CNN-121350;CNN-121958;CNN-121961;CNN-122406;CNN-123178;CNN-123189;CNN-145584;CNN-184374;CNN-184378;CNN-184380;CNN-184383;CNN-184385;CNN-184389;CNN-184393;CNN-184436;CNN-184514;CNN-185234;CNN-186675;CNN-195509;CNN-195522;CNN-22055
David Gardner,0,has-page,RE-ADMIT,21,0,11,10,0,0,0,20,0,0,0,"DAVID GARDNER, HOST ""MOTLEY FOOL""",HOST,no,"Mr. DAVID GARDNER (Co-Founder, The Motley Fool)",label:NPR-14947,,,3,3,553,0.5,4,2006-06-01,2007-12-06,CNN-23051;CNN-32621;CNN-48668;NPR-14947;NPR-16497;NPR-18195
Kim Zetter,0,has-page,RE-ADMIT,31,0,24,7,0,0,0,20,0,0,0,"KIM ZETTER, SENIOR REPORTER, WIRED.COM",REPORTER,no,"KIM ZETTER, ""PC WORLD"" MAGAZINE",label:CNN-2515;CNN-4680;CNN-7074,,,3,3,237,0.12,9,2012-06-08,2013-01-31,CNN-14243;CNN-16848;CNN-18798;CNN-18800;CNN-22705;CNN-23526;CNN-2515;CNN-25417;CNN-255364;CNN-27721;CNN-3698;CNN-4680;CNN-6672;CNN-6673;CNN-7074;CNN-7075;CNN-7529;CNN-817;CNN-8926;CNN-93656;CNN-93686;CNN-93792;NPR-30636;NPR-7497;NPR-9656
Ronen Bergman,0,has-page,RE-ADMIT,35,0,27,8,0,0,0,20,0,0,0,"RONEN BERGMAN, CORRESPONDENT, YEDIOTH AHRONOTH",CORRESPONDENT,no,"RONEN BERGMAN, STAFF WRITER, NEW YORK TIMES MAGAZINE",label:CNN-379841;CNN-380855,,,3,3,2758,0.29,7,2011-01-18,2018-08-07,CNN-180653;CNN-181047;CNN-182007;CNN-182183;CNN-338838;CNN-340543;CNN-354529;CNN-354533;CNN-372616;CNN-379841;CNN-380855;CNN-408269;NPR-12488;NPR-23584;NPR-3006;NPR-35356;NPR-44531
Lynn Toler,0,has-page,RE-ADMIT,16,0,8,8,0,0,0,20,0,0,0,"JUDGE LYNN TOLER, HOST, ""DIVORCE COURT,"" MYNETWORKTV'S ""DECISION HOUSE""",HOST,no,"Ms. LYNN TOLER (Judge, ""Divorce Court""; Author, ""My Mother's Rules: A Practical Guide to Becoming an Emotional Genius"")",label:NPR-1808,,,3,3,650,0.3,5,2007-04-19,2009-01-28,CNN-126111;CNN-136721;CNN-148339;CNN-192447;CNN-194709;CNN-202909;CNN-225271;NPR-10649;NPR-1808;NPR-8786
Marc Ambinder,0,has-page,RE-ADMIT,20,0,16,4,0,0,0,20,0,0,0,"Mr. MARC AMBINDER (Reporter, National Journal)",REPORTER,no,"Mr. MARC AMBINDER (Reporter, National Journal)",label:NPR-3397,,,3,3,3111,0.43,6,2008-08-14,2017-02-19,CNN-117081;CNN-203498;CNN-251781;CNN-298828;NPR-12971;NPR-39206;NPR-45044
Ben Domenech,0,has-page,RE-ADMIT,15,0,10,5,0,0,0,20,0,0,0,"BEN DOMENECH, HOST, THE FEDERALIST RADIO HOUR",HOST,no,"BEN DOMENECH, CO-FOUNDER AND PUBLISHER, THE FEDERALIST",label:CNN-357052,,,3,3,1169,0.38,4,2016-02-20,2019-05-04,CNN-259898;CNN-261592;CNN-339337;CNN-357052;CNN-381617;NPR-10473;NPR-22795;NPR-45667
David Jackson,0,has-page,RE-ADMIT,26,0,19,7,0,0,0,20,0,0,0,"DAVID JACKSON, WHITE HOUSE CORRESPONDENT, ""USA TODAY""",CORRESPONDENT,no,"Mr. DAVID JACKSON (Director, Voice of America)",label:NPR-40093;NPR-49406,,,3,3,233,0.33,11,2005-10-03,2006-05-24,CNN-103343;CNN-108222;CNN-117281;CNN-135195;CNN-189872;CNN-223706;CNN-27122;CNN-29413;CNN-368198;CNN-72689;NPR-19373;NPR-40093;NPR-43359;NPR-43580;NPR-49406
Adam Winkler,0,has-page,RE-ADMIT,26,1,21,5,0,1,0,20,2,0,0,"ADAM WINKLER, KEYE REPORTER",REPORTER,no,"PROF. ADAM WINKLER, UCLA LAW SCHOOL",label:CNN-120055;CNN-120057,"ADAM WINKLER, KEYE REPORTER",label:CNN-205261,3,3,1008,0.56,8,2016-06-16,2019-03-21,CNN-120055;CNN-120057;CNN-199394;CNN-273374;CNN-273443;CNN-274073;CNN-325642;CNN-382725;NPR-11961;NPR-14691;NPR-20653;NPR-20899;NPR-21712;NPR-23966;NPR-28930;NPR-7341;NPR-7941;NPR-8703
Joe Nocera,0,has-page,RE-ADMIT,85,1,82,3,0,1,0,18,2,0,0,JOE NOCERA reporting,REPORTING,review,Mr. JOE NOCERA (New York Times),label:NPR-13768;NPR-15472;NPR-19514,JOE NOCERA reporting,label:NPR-49215,25,25,4368,0.65,13,2005-05-21,2017-05-06,CNN-131337;CNN-131341;CNN-131399;CNN-131672;CNN-171158;CNN-173344;CNN-173380;CNN-175078;CNN-176406;CNN-265109;CNN-265498;CNN-272708;CNN-38959;CNN-402661;CNN-9694;NPR-11468;NPR-12246;NPR-12303;NPR-12360;NPR-12388;NPR-12399;NPR-12423;NPR-12489;NPR-13525;NPR-13768
Fred Kaplan,0,has-page,RE-ADMIT,50,1,47,3,0,1,0,18,2,0,0,FRED KAPLAN reporting,REPORTING,review,FRED KAPLAN (Slate),label:NPR-7559;NPR-15268;NPR-16501,FRED KAPLAN reporting,label:NPR-15739,11,11,3974,0.5,13,2005-06-16,2016-05-03,CNN-109535;CNN-147874;CNN-195452;CNN-195509;CNN-195522;CNN-195584;CNN-25559;CNN-283903;CNN-301404;CNN-68692;CNN-68724;CNN-68747;NPR-10080;NPR-12681;NPR-15268;NPR-15739;NPR-15974;NPR-16501;NPR-16820;NPR-22144;NPR-22441;NPR-40857;NPR-7559;NPR-7725
Robert Costa,0,has-page,RE-ADMIT,61,0,58,3,0,0,0,18,0,0,0,"ROBERT COSTA, POLITICAL REPORTER, THE WASHINGTON POST",REPORTER,review,"ROBERT COSTA, ""THE WASHINGTON POST""",label:CNN-225074;CNN-225936;CNN-226426,,,9,9,1103,0.2,7,2015-12-15,2018-12-22,CNN-199270;CNN-225074;CNN-225936;CNN-226426;CNN-226651;CNN-227107;CNN-228974;CNN-230057;CNN-230332;CNN-230488;CNN-230839;CNN-230911;CNN-230912;CNN-232454;CNN-233566;CNN-235427;CNN-235894;CNN-238847;CNN-239347;CNN-241792;CNN-242390;CNN-244761;CNN-245261;CNN-245696;CNN-245715
Anna Fifield,0,has-page,RE-ADMIT,38,1,35,3,0,0,1,18,1,0,0,"ANNA FIFIELD, REPORTER, WASHINGTON POST",REPORTER,no,"ANNA FIFIELD, AUTHOR, ""THE GREAT SUCCESSOR: THE DIVINELY PERFECT DESTINY OF BRILLIANT COMRADE KIM JONG-UN""",label:CNN-372260;CNN-379008;CNN-383143,"""Post"" reporter Anna Fifield interviewed Ko and her husband Ri Gong after uncovering their existence through a lawsuit they filed in South Korea.",utterance[TODD]:CNN-285240,7,7,1360,0.29,7,2014-09-06,2018-05-28,CNN-285240;CNN-290150;CNN-290155;CNN-290163;CNN-290199;CNN-372139;CNN-372260;CNN-372280;CNN-372450;CNN-372468;CNN-379008;CNN-383143;CNN-383160;CNN-383407;CNN-383936;CNN-383943;CNN-392886;NPR-14778;NPR-20111;NPR-20370;NPR-22672;NPR-25523;NPR-26323;NPR-44852
Matt Bai,0,has-page,RE-ADMIT,52,0,49,3,0,0,0,18,0,0,0,"MATT BAI, NATIONAL CORRESPONDENT, ""NEWSWEEK""",CORRESPONDENT,no,"MATT BAI, NATIONAL POLITICAL COLUMNIST, ""YAHOO NEWS""",label:CNN-224085;CNN-229314,,,6,6,1550,0.5,5,2008-01-20,2012-04-18,CNN-224085;CNN-224539;CNN-226261;CNN-229314;CNN-241235;CNN-8713;NPR-12483;NPR-13465;NPR-17115;NPR-45489;NPR-471;NPR-6622
Alan Blinder,0,has-page,RE-ADMIT,52,0,49,3,0,0,0,18,0,0,0,"ALAN BLINDER, REPORTER, NEW YORK TIMES (through phone)",REPORTER,no,"ALAN BLINDER, FORMER FEDERAL RESERVE VICE CHAIRMAN",label:CNN-33548;CNN-33619;CNN-37690,,,4,4,3442,0.38,15,2008-07-19,2017-12-21,CNN-123299;CNN-124738;CNN-128882;CNN-130703;CNN-130908;CNN-130913;CNN-135687;CNN-141637;CNN-28725;CNN-291156;CNN-33548;CNN-33619;CNN-348522;CNN-34893;CNN-37690;CNN-37771;CNN-404407;CNN-404428;CNN-404437;CNN-404445;CNN-85853;CNN-85932;CNN-85947;NPR-14171;NPR-14539
Alex Perry,0,has-page,RE-ADMIT,28,1,25,3,0,1,0,18,2,0,0,ALEX PERRY reporting,CORRESPONDENT,no,"ALEX PERRY, ""TIME"" MAGAZINE",label:CNN-58574;CNN-62165;CNN-68665,ALEX PERRY reporting,label:NPR-40264,3,3,4342,0.45,8,2007-09-11,2019-08-01,CNN-108165;CNN-58574;CNN-62165;CNN-68655;CNN-68665;CNN-68674;NPR-11973;NPR-40264;NPR-824;NPR-827;NPR-9613
Alex Wagner,0,has-page,RE-ADMIT,22,0,19,3,0,0,0,18,0,0,1,"ALEX WAGNER, WHITE HOUSE CORRESPONDENT, ""POLITICS DAILY""",CORRESPONDENT,no,"ALEX WAGNER, EDITOR-IN-CHIEF, ""FADER MAGAZINE""",label:CNN-122437;CNN-122650,,,3,3,350,0.21,4,2016-02-12,2017-01-27,CNN-122437;CNN-122650;CNN-132816;CNN-133560;CNN-133667;CNN-133766;CNN-142666;CNN-146384;CNN-224151;CNN-229818;CNN-351583;NPR-19422;NPR-20505;NPR-22870
Eric Schmitt,0,has-page,RE-ADMIT,20,0,17,3,0,0,0,18,0,0,0,"ERIC SCHMITT, SENIOR WRITER AND TERRORISM CORRESPONDENT, NEW YORK TIMES",CORRESPONDENT,no,"ERIC SCHMITT, ""THE NEW YORK TIMES""",label:CNN-68504;CNN-77555;CNN-403893,,,3,3,1268,0.36,5,2011-07-05,2014-12-24,CNN-170706;CNN-195906;CNN-259238;CNN-301335;CNN-403893;CNN-68504;CNN-77555;NPR-21439;NPR-25506;NPR-27682;NPR-32882
Iona Craig,0,has-page,RE-ADMIT,10,2,3,7,0,1,1,17,3,0,0,"IONA CRAIG, THE INTERCEPT INTERNATIONA CORRESPONDENT",CORRESPONDENT,no,"IONA CRAIG, THE INTERCEPT INTERNATIONA CORRESPONDENT",label:CNN-307318,"Iona Craig reporting for the Times of London from Sana'a, the capital of Yemen.","utterance[AUDIE CORNISH, HOST]:NPR-23466",4,4,598,0.5,7,2013-08-07,2015-03-28,CNN-307322;CNN-326513;CNN-326559;CNN-326561;CNN-326587;NPR-23466;NPR-24780;NPR-25298;NPR-25399;NPR-29483
Steven Greenhouse,0,has-page,RE-ADMIT,55,0,53,2,0,0,0,16,0,0,0,"Mr. STEVEN GREENHOUSE (Labor and Workplace Correspondent, New York Times)",CORRESPONDENT,no,Mr. STEVEN GREENHOUSE (New York Times),label:NPR-2771;NPR-3524,,,10,10,932,0.83,2,2010-11-30,2013-06-19,CNN-127845;CNN-127867;NPR-10140;NPR-1391;NPR-2030;NPR-2771;NPR-3524;NPR-496;NPR-7278;NPR-8286;NPR-8756;NPR-9498
David Pogue,0,has-page,RE-ADMIT,40,1,38,2,0,1,0,16,2,0,0,DAVID POGUE reporting,REPORTING,review,Mr. DAVID POGUE (The New York Times),label:NPR-39736;NPR-40058;NPR-40689,DAVID POGUE reporting,label:NPR-39673,9,9,448,0.93,3,2005-05-16,2006-08-07,CNN-55648;NPR-3246;NPR-38181;NPR-38971;NPR-39004;NPR-39021;NPR-39673;NPR-39736;NPR-40058;NPR-40343;NPR-40689;NPR-41020;NPR-41049;NPR-6857
Jacqueline Charles,0,has-page,RE-ADMIT,30,0,28,2,0,0,0,16,0,0,0,"JACQUELINE CHARLES, CARIBBEAN CORRESPONDENT, MIAMI HERALD",CORRESPONDENT,review,"JACQUELINE CHARLES, CARIBBEAN CORRESPONDENT, MIAMI HERALD",label:CNN-362405;CNN-362420,,,8,8,3325,1.0,3,2010-01-13,2019-02-20,NPR-12995;NPR-13005;NPR-18454;NPR-19327;NPR-2412;NPR-24687;NPR-26121;NPR-32226;NPR-45495
Dexter Filkins,0,has-page,RE-ADMIT,65,3,63,2,0,1,2,16,4,0,0,"Mr. DEXTER FILKINS (Foreign Correspondent, The New York Times)",CORRESPONDENT,review,"DEXTER FILKINS, STAFF WRITER, THE NEW YORKER",label:CNN-213439;CNN-370789;CNN-387585,DEXTER FILKINS reporting,label:NPR-49004,7,7,3436,0.35,12,2005-08-15,2015-01-11,CNN-101840;CNN-192976;CNN-213439;CNN-262222;CNN-302447;CNN-336996;CNN-370789;CNN-387585;CNN-389310;CNN-389549;CNN-389664;CNN-68287;CNN-68945;CNN-75526;CNN-88961;NPR-12667;NPR-15871;NPR-16043;NPR-25358;NPR-29610;NPR-3858;NPR-49004;NPR-6009
Tom Ricks,0,has-page,RE-ADMIT,44,0,42,2,0,0,0,16,0,0,0,"TOM RICKS, SPECIAL MILITARY CORRESPONDENT, AUTHOR, ""THE GAMBLE""",CORRESPONDENT,no,"Mr. TOM RICKS (Senior Fellow, Center for a New American Security)",label:NPR-2126;NPR-2375,,,6,6,721,0.33,12,2011-03-28,2013-03-18,CNN-110275;CNN-119393;CNN-143601;CNN-144412;CNN-144524;CNN-144613;CNN-148264;CNN-148525;CNN-148716;CNN-195829;CNN-196505;CNN-196642;CNN-46843;CNN-69012;NPR-14802;NPR-2126;NPR-2375;NPR-27039;NPR-27173;NPR-611;NPR-9262
Pablo Torre,0,has-page,RE-ADMIT,26,2,24,2,0,0,2,16,2,0,0,"PABLO TORRE, REPORTER, SPORTS ILLUSTRATED",REPORTER,review,"PABLO TORRE, SPORTS ILLUSTRATED",label:CNN-165262;CNN-169147;CNN-179809,"Well, sports commentator Pablo Torre says you can now pay an even bigger premium for the mere potential of star power cache.","utterance[STEVE INSKEEP, HOST]:NPR-15058",5,5,2318,0.4,5,2011-07-20,2017-11-23,CNN-143090;CNN-165262;CNN-169147;CNN-179809;CNN-181012;CNN-181030;CNN-188673;CNN-189078;CNN-190926;NPR-15058;NPR-15284;NPR-15311;NPR-29179;NPR-48097;NPR-798
Borzou Daragahi,0,has-page,RE-ADMIT,42,2,40,2,0,1,1,16,3,0,0,"Mr. BORZOU DARAGAHI (Reporter, Los Angeles Times)",REPORTER,review,Mr. BORZOU DARAGAHI (Los Angeles Times),label:NPR-14854;NPR-32662;NPR-40211,BORZOU DARAGAHI reporting,label:NPR-40210,5,5,3649,0.54,6,2006-01-05,2016-01-02,CNN-101554;CNN-139841;CNN-163887;CNN-257470;CNN-312036;CNN-352829;NPR-14429;NPR-14854;NPR-23195;NPR-32662;NPR-40210;NPR-40211;NPR-7742
David Rennie,0,has-page,RE-ADMIT,23,0,21,2,0,0,0,16,0,0,0,"Mr. DAVID RENNIE (European Union Correspondent, Economist Magazine)",CORRESPONDENT,no,"DAVID RENNIE, WASHINGTON BUREAU CHIEF, THE ECONOMIST",label:CNN-299440;CNN-334633,,,4,4,945,0.56,4,2016-12-27,2019-07-30,CNN-299440;CNN-334633;CNN-398884;CNN-406247;NPR-11003;NPR-16682;NPR-17238;NPR-19260;NPR-5820
Elisabeth Rosenthal,0,has-page,RE-ADMIT,13,0,11,2,0,0,0,16,0,0,0,"Ms. ELISABETH ROSENTHAL (Environment Reporter, New York Times)",REPORTER,no,"Ms. ELISABETH ROSENTHAL (Environment Reporter, New York Times)",label:NPR-34635,,,4,4,2602,0.57,5,2011-12-06,2019-01-20,CNN-394720;CNN-401175;CNN-402709;NPR-11265;NPR-6180;NPR-626;NPR-7952
Rajiv Chandrasekaran,0,has-page,RE-ADMIT,53,2,51,2,0,0,2,16,2,0,0,"Mr. RAJIV CHANDRASEKARAN (Associate Editor, Senior Correspondent, Washington Post)",CORRESPONDENT,no,"RAJIV CHANDRASEKARAN, ""WASHINGTON POST""",label:CNN-65342;CNN-83669;CNN-87231,The latest this morning comes to us from Baghdad from reporter Rajiv Chandrasekaran.,utterance[O'BRIEN]:CNN-84990,3,3,617,0.18,12,2010-06-22,2012-02-29,CNN-101872;CNN-104453;CNN-104531;CNN-109298;CNN-111662;CNN-112372;CNN-112568;CNN-116346;CNN-155063;CNN-212812;CNN-65342;CNN-79712;CNN-83669;CNN-84990;CNN-87231;CNN-87461;CNN-90423;CNN-91257;NPR-12794;NPR-1414;NPR-35303;NPR-44433
Philip Gourevitch,0,has-page,RE-ADMIT,18,0,16,2,0,0,0,16,0,0,0,"PHILIP GOUREVITCH, POLITICAL CORRESPONDENT, ""THE NEW YORKER""",CORRESPONDENT,no,"Mr. PHILIP GOUREVITCH (Staff Writer, The New Yorker)",label:NPR-2033,,,3,3,4987,0.5,6,2005-08-13,2019-04-09,CNN-145216;CNN-146443;CNN-78461;CNN-83588;NPR-11107;NPR-2033;NPR-40035;NPR-43853
Jonathan Alter,0,has-page,RE-ADMIT,21,2,19,2,0,0,2,16,2,0,1,"JONATHAN ALTER, NBC NEWS CORRESPONDENT",CORRESPONDENT,no,"JONATHAN ALTER, NBC NEWS CORRESPONDENT",label:CNN-14666;CNN-21399,"Reporter, columnist and TV analyst Jonathan Alter talks about his new political satire Alpha House, and what's changed in how entertainment television does politics.",summary:NPR-8800,3,3,1624,0.42,8,2008-11-19,2013-05-01,CNN-14265;CNN-151797;CNN-209575;CNN-209813;CNN-210116;CNN-21425;CNN-82760;NPR-24747;NPR-28242;NPR-35057;NPR-48858;NPR-8800
Alan Schwarz,0,has-page,RE-ADMIT,30,0,28,2,0,0,0,16,0,0,0,"Mr. ALAN SCHWARZ (Correspondent, The New York Times)",CORRESPONDENT,review,"Mr. ALAN SCHWARZ (Correspondent, The New York Times)",label:NPR-4543,,,3,3,1821,0.67,4,2006-09-13,2011-09-08,CNN-218427;CNN-218449;NPR-1392;NPR-16885;NPR-47330;NPR-5832
Jonathan Landay,0,has-page,RE-ADMIT,17,2,15,2,0,0,2,16,2,0,0,"Mr. JONATHAN LANDAY (National Security Correspondent, McClatchy Newspapers)",CORRESPONDENT,no,"JONATHAN LANDAY, MCCLATCHY",label:CNN-245025;CNN-245036,"Knight-Ridder correspondent Jonathan Landay says the Taliban is offering stiff resistance, despite the U.S.",summary:NPR-40676,3,3,2368,0.5,6,2005-08-16,2012-02-09,CNN-17357;CNN-203322;CNN-245025;CNN-245036;NPR-13000;NPR-1414;NPR-40639;NPR-40676
Andrew Revkin,0,has-page,RE-ADMIT,31,0,29,2,0,0,0,16,0,0,0,"Mr. ANDREW REVKIN (Reporter, New York Times)",REPORTER,review,"Mr. ANDREW REVKIN (Reporter, New York Times)",label:NPR-8380;NPR-36309,,,3,3,1864,0.5,4,2005-06-08,2010-07-16,CNN-117441;CNN-346340;CNN-351162;NPR-15346;NPR-17012;NPR-4970
Brian Bennett,0,has-page,RE-ADMIT,38,0,36,2,0,0,0,16,0,0,0,"BRIAN BENNETT, NATIONAL CORRESPONDENT, ""TIME""",CORRESPONDENT,no,"BRIAN BENNETT, ""TIME"" MAGAZINE",label:CNN-74387;CNN-79262;CNN-80238,,,3,3,597,0.18,13,2014-04-18,2015-12-06,CNN-103182;CNN-111071;CNN-112485;CNN-248089;CNN-248184;CNN-248199;CNN-74387;CNN-79262;CNN-80238;CNN-83691;CNN-84106;CNN-84939;CNN-87291;CNN-89943;NPR-23407;NPR-26856;NPR-5893
Amy Sullivan,0,has-page,RE-ADMIT,16,0,14,2,0,0,0,16,0,0,0,"AMY SULLIVAN, NATIONAL CORRESPONDENT, ""TIME""",CORRESPONDENT,no,"AMY SULLIVAN, ""TIME"" MAGAZINE",label:CNN-124854;CNN-124874;CNN-124890,,,3,3,847,0.3,6,2013-08-02,2015-11-27,CNN-102621;CNN-107845;CNN-124854;CNN-124874;CNN-124890;CNN-125780;CNN-138359;NPR-23503;NPR-28529;NPR-28580
Luke Harding,0,has-page,RE-ADMIT,23,0,21,2,0,0,0,16,0,0,0,"LUKE HARDING, FOREIGN CORRESPONDENT, ""THE GUARDIAN""",CORRESPONDENT,no,"LUKE HARDING, AUTHOR, ""COLLUSION""",label:CNN-328620;CNN-333153,,,3,3,771,0.38,7,2016-06-04,2018-07-15,CNN-106969;CNN-294210;CNN-327600;CNN-328620;CNN-333153;NPR-11303;NPR-21858;NPR-8077
Josh White,0,has-page,RE-ADMIT,19,0,17,2,0,0,0,16,0,0,0,"Mr. JOSH WHITE (Reporter, The Washington Post)",REPORTER,review,Mr. JOSH WHITE (The Washington Post),label:NPR-16176;NPR-16283,,,3,3,230,0.43,4,2005-08-03,2006-03-21,CNN-272382;CNN-272392;CNN-272406;CNN-272426;NPR-16176;NPR-16283;NPR-5437
Tariq Panja,0,has-page,RE-ADMIT,10,0,8,2,0,0,0,16,0,0,0,"TARIQ PANJA, GLOBAL SPORTS REPORTER, ""NEW YORK TIMES""",REPORTER,review,"TARIQ PANJA, GLOBAL SPORTS REPORTER, ""NEW YORK TIMES""",label:CNN-363789,,,3,3,227,1.0,2,2018-06-13,2019-01-26,NPR-46322;NPR-46377;NPR-9719
Ta-Nehisi Coates,0,has-page,RE-ADMIT,38,0,37,1,0,0,0,14,0,0,0,"TA-NEHISI COATES, NATIONAL CORRESPONDENT, ""THE ATLANTIC""",CORRESPONDENT,no,"TA-NEHISI COATES, ""THE ATLANTIC""",label:CNN-372727;CNN-372798,,,6,6,1720,0.35,7,2010-12-29,2015-09-14,CNN-343343;CNN-372727;CNN-372739;CNN-372798;CNN-372866;CNN-372867;CNN-372869;CNN-373140;CNN-381509;CNN-389210;CNN-409443;NPR-12584;NPR-24034;NPR-24501;NPR-27463;NPR-3219;NPR-8570
Carol Rosenberg,0,has-page,RE-ADMIT,39,0,38,1,0,0,0,14,0,0,0,"Ms. CAROL ROSENBERG (Reporter, Miami Herald)",REPORTER,review,"Ms. CAROL ROSENBERG (Reporter, Miami Herald)",label:NPR-31271,,,6,6,1819,0.78,6,2012-01-11,2017-01-03,CNN-151499;CNN-392319;NPR-17072;NPR-25352;NPR-26027;NPR-26953;NPR-44703;NPR-6954;NPR-9111
Mark Potok,0,has-page,RE-ADMIT,54,1,53,1,0,1,0,14,2,0,0,"MARK POTOK, ""INTELLIGENCE REPORTER""",REPORTER,no,"MARK POTOK, SOUTHERN POVERTY LAW CENTER",label:CNN-4473;CNN-5352;CNN-30615,"MARK POTOK, ""INTELLIGENCE REPORTER""",label:CNN-50416,5,5,3065,0.11,34,2006-11-27,2015-04-19,CNN-103141;CNN-112856;CNN-113035;CNN-113246;CNN-117185;CNN-120378;CNN-120395;CNN-120433;CNN-121066;CNN-130134;CNN-132349;CNN-134328;CNN-134341;CNN-134409;CNN-135394;CNN-135414;CNN-137075;CNN-137093;CNN-137112;CNN-139264;CNN-139285;CNN-139287;CNN-139293;CNN-139296;CNN-139299
Julian Barnes,0,has-page,RE-ADMIT,36,0,35,1,0,0,0,14,0,0,0,"Mr. JULIAN BARNES (Reporter, Los Angeles Times)",REPORTER,review,Mr. JULIAN BARNES (Wall Street Journal),label:NPR-2026,,,5,5,3034,0.83,3,2011-05-09,2019-08-29,CNN-305832;NPR-2026;NPR-8283;NPR-9031;NPR-9520;NPR-9753
Barbara Demick,0,has-page,RE-ADMIT,33,1,32,1,0,0,1,14,1,0,0,"Ms. BARBARA DEMICK (Reporter, The New Yorker)",REPORTER,no,Ms. BARBARA DEMICK (Los Angeles Times),label:NPR-30474;NPR-44068,Reporter Barbara Demick has traveled regularly to China's border with North Korea to seek out North Korean escapees to get a glimpse of what's happening inside their mysterious country.,"utterance[RENEE MONTAGNE, host]:NPR-31285",5,5,4696,0.33,9,2005-07-03,2018-05-12,CNN-209137;CNN-315063;CNN-315192;CNN-328766;CNN-328929;CNN-330081;CNN-334714;CNN-336587;CNN-341076;CNN-342433;NPR-29468;NPR-30474;NPR-4163;NPR-44068;NPR-5219
Michael Schmidt,0,has-page,RE-ADMIT,65,1,64,1,0,1,0,14,2,0,1,"MICHAEL SCHMIDT, REPORTER, ""THE NEW YORK TIMES""",REPORTER,no,"MICHAEL SCHMIDT, ""THE NEW YORK TIMES""",label:CNN-226856;CNN-226920;CNN-227049,"MICHAEL SCHMIDT, NYT REPORTER",label:CNN-317204,4,4,1872,0.19,9,2012-09-18,2017-11-03,CNN-177180;CNN-226856;CNN-226920;CNN-227049;CNN-227163;CNN-227241;CNN-227317;CNN-227451;CNN-243192;CNN-247965;CNN-256226;CNN-257456;CNN-318318;CNN-335087;CNN-335212;CNN-346222;CNN-348533;CNN-361373;CNN-361379;CNN-364190;CNN-412983;NPR-10279;NPR-14352;NPR-26379;NPR-48503
David Carr,0,has-page,RE-ADMIT,40,0,39,1,0,0,0,14,0,0,0,"DAVID CARR, MEDIA REPORTER, ""THE NEW YORK TIMES""",REPORTER,no,"DAVID CARR, ""THE NEW YORK TIMES""",label:CNN-73978;CNN-118491,,,4,4,2536,0.29,11,2006-03-06,2013-02-13,CNN-102269;CNN-118491;CNN-129560;CNN-157949;CNN-168893;CNN-211180;CNN-245523;CNN-249087;CNN-249268;CNN-249312;CNN-249331;CNN-73978;NPR-12584;NPR-14296;NPR-27374;NPR-7686;NPR-9506
Robert Worth,0,has-page,RE-ADMIT,18,2,17,1,0,0,2,14,2,0,0,"Mr. ROBERT WORTH (Correspondent, The New York Times)",CORRESPONDENT,review,"Mr. ROBERT WORTH (Correspondent, The New York Times)",label:NPR-5055,Reporter Robert Worth returned to Aleppo after years of urban warfare destroyed the once beautiful Syrian city.,summary:NPR-14944,4,4,4258,0.8,5,2005-10-04,2017-06-01,CNN-284778;NPR-14944;NPR-15401;NPR-32154;NPR-975
Carlotta Gall,0,has-page,RE-ADMIT,33,0,32,1,0,0,0,14,0,0,0,"Ms. CARLOTTA GALL (Reporter, New York Times)",REPORTER,no,Ms. CARLOTTA GALL (The New York Times),label:NPR-16799;NPR-39623;NPR-41018,,,4,4,4094,0.62,6,2005-06-01,2016-08-16,CNN-241926;CNN-244569;CNN-80024;NPR-16799;NPR-18968;NPR-39623;NPR-41018;NPR-44065
Ezra Klein,0,has-page,RE-ADMIT,30,0,29,1,0,0,0,14,0,0,0,"EZRA KLEIN, HOST, THE EZRA KLEIN SHOW",HOST,no,"EZRA KLEIN, AUTHOR, ""WHY WE'RE POLARIZED""",label:CNN-388145;CNN-391710,,,3,3,294,0.38,5,2010-04-27,2011-02-15,CNN-299151;CNN-314945;CNN-367645;CNN-388145;CNN-391710;NPR-2775;NPR-3988;NPR-45041
Kurt Eichenwald,0,has-page,RE-ADMIT,40,1,39,1,0,1,0,14,2,0,0,"Mr. KURT EICHENWALD (Reporter, New York Times)",REPORTER,no,"KURT EICHENWALD, ""NEW YORK TIMES""",label:CNN-40952;CNN-101296;CNN-109582,"KURT EICHENWALD, INVESTIGATIVE REPORTER",label:CNN-110924,3,3,3905,0.13,14,2006-02-02,2016-10-12,CNN-100912;CNN-101296;CNN-104580;CNN-104594;CNN-104598;CNN-109582;CNN-112918;CNN-238632;CNN-267019;CNN-278060;CNN-278068;CNN-294035;CNN-294069;CNN-295199;CNN-295206;CNN-295934;CNN-297476;CNN-297659;CNN-354461;CNN-40952;NPR-14293;NPR-14660;NPR-18359
William Jelani Cobb,0,has-page,RE-ADMIT,19,2,18,1,0,0,2,14,2,0,0,Professor WILLIAM JELANI COBB (commentator and professor of history at Spelman College in Atlanta),COMMENTATOR,no,"WILLIAM JELANI COBB, AUTHOR, ""THE SUBSTANCE OF HOPE""",label:CNN-153234;CNN-153238;CNN-153265,"Commentator William Jelani Cobb says African-Americans should support the plight of Latino immigrants, considering the history of African-Americans in the American workplace.",summary:NPR-44767,3,3,238,0.3,6,2006-08-14,2007-04-09,CNN-102566;CNN-102567;CNN-153234;CNN-153238;CNN-153265;CNN-154319;CNN-99327;NPR-1856;NPR-4188;NPR-4291
Ghaith Abdul-Ahad,0,has-page,RE-ADMIT,11,0,10,1,0,0,0,14,0,0,0,"GHAITH ABDUL-AHAD, REPORTER, THE GUARDIAN",REPORTER,no,"GHAITH ABDUL-AHAD, REPORTER, THE GUARDIAN",label:CNN-390158,,,3,3,802,1.0,2,2012-05-29,2014-08-09,NPR-10906;NPR-28509;NPR-28708;NPR-7136
Jon Miller,0,has-page,RE-ADMIT,10,1,9,1,0,1,0,14,2,0,1,"JON MILLER, ESPN COMMENTATOR",COMMENTATOR,no,Mr. JON MILLER (ESPN Announcer),label:NPR-40179,"From Ithaca, New York, Jon Miller reports.","utterance[LIANE HANSEN, host]:NPR-16905",3,3,1160,1.0,3,2005-10-21,2008-12-24,NPR-16905;NPR-40179;NPR-48511
George Packer,0,has-page,RE-ADMIT,31,0,30,1,0,0,0,14,0,0,0,"GEORGE PACKER, ""NEW YORKER"" MAGAZINE STAFF REPORTER",REPORTER,no,"GEORGE PACKER, ""THE NEW YORKER""",label:CNN-98816;CNN-112806,,,3,3,440,0.23,8,2005-10-14,2006-12-28,CNN-104548;CNN-112806;CNN-145599;CNN-318513;CNN-327008;CNN-369164;CNN-374009;CNN-67281;CNN-96104;CNN-98816;NPR-43264;NPR-46451;NPR-6916
Rukmini Callimachi,0,has-page,RE-ADMIT,18,0,17,1,0,0,0,14,0,0,0,"RUKMINI CALLIMACHI, TERROR CORRESPONDENT, THE NEW YORK TIMES",CORRESPONDENT,review,"RUKMINI CALLIMACHI, ""THE NEW YORK TIMES""",label:CNN-241834;CNN-248588;CNN-262118,,,3,3,698,0.43,3,2016-03-23,2018-02-19,CNN-241834;CNN-248588;CNN-262118;CNN-411641;NPR-22432;NPR-22482;NPR-48930
Joby Warrick,0,has-page,RE-ADMIT,43,0,43,0,0,0,0,12,0,0,0,"JOBY WARRICK, NATIONAL SECURITY REPORTER, WASHINGTON POST",REPORTER,no,"JOBY WARRICK, WASHINGTON POST",label:CNN-242608;CNN-242684,,,5,5,4493,0.43,9,2006-04-12,2018-07-31,CNN-242608;CNN-242666;CNN-242684;CNN-266206;CNN-267893;CNN-270557;CNN-346414;CNN-378064;NPR-18839;NPR-21184;NPR-24927;NPR-4233;NPR-42537;NPR-977
Glenn Kessler,0,has-page,RE-ADMIT,43,2,43,0,0,1,1,12,3,0,0,"Mr. GLENN KESSLER (Diplomatic Correspondent, The Washington Post)",CORRESPONDENT,no,"GLENN KESSLER, THE FACT CHECKER COLUMNIST, ""THE WASHINGTON POST""",label:CNN-363825;CNN-368315,"GLENN KESSLER, DIPLOMATIC CORRESPONDENT",label:CNN-257525,4,4,2634,0.24,11,2005-06-14,2012-08-30,CNN-122049;CNN-176429;CNN-242407;CNN-350208;CNN-352629;CNN-363825;CNN-368267;CNN-368315;CNN-371017;CNN-371018;CNN-386277;CNN-386300;CNN-89139;NPR-1883;NPR-30946;NPR-358;NPR-44107
Jamelle Bouie,0,has-page,RE-ADMIT,24,0,24,0,0,0,0,12,0,0,0,"JAMELLE BOUIE, CHIEF POLITICAL CORRESPONDENT, SLATE",CORRESPONDENT,no,"JAMELLE BOUIE, CHIEF POLITICAL CORRESPONDENT, SLATE",label:CNN-263162;CNN-263799;CNN-267180,,,4,4,586,0.44,5,2016-01-06,2017-08-14,CNN-220800;CNN-236648;CNN-257740;CNN-258108;CNN-263615;NPR-13664;NPR-19728;NPR-20046;NPR-23155
Motoko Rich,0,has-page,RE-ADMIT,21,0,21,0,0,0,0,12,0,0,0,"Ms. MOTOKO RICH (Correspondent, The New York Times)",CORRESPONDENT,no,"Ms. MOTOKO RICH (Correspondent, The New York Times)",label:NPR-45511,,,3,3,5105,0.75,4,2005-05-09,2019-05-01,CNN-289742;NPR-10493;NPR-13024;NPR-48140
Jonathan Freedland,0,has-page,RE-ADMIT,14,1,14,0,0,0,1,12,1,0,0,"Mr. JONATHAN FREEDLAND (Reporter, The Guardian)",REPORTER,no,"Mr. JONATHAN FREEDLAND (Reporter, The Guardian)",label:NPR-13372,"And for more on that, let's bring in Guardian columnist Jonathan Freedland, who is in London.","utterance[MARY LOUISE KELLY, HOST]:NPR-9804",3,3,5078,0.6,3,2005-08-26,2019-07-22,CNN-128112;CNN-317370;NPR-15861;NPR-35458;NPR-9804
Lydia Polgreen,0,has-page,RE-ADMIT,24,0,24,0,0,0,0,12,0,0,0,"Ms. LYDIA POLGREEN (Correspondent, The New York Times)",CORRESPONDENT,no,"LYDIA POLGREEN, EDITOR-IN-CHIEF, HUFFINGTON POST",label:CNN-304153;CNN-307966;CNN-310089,,,3,3,2751,0.43,3,2006-05-26,2013-12-06,CNN-304153;CNN-307966;CNN-310089;CNN-319962;NPR-24633;NPR-29902;NPR-42341
Scott Shane,0,has-page,RE-ADMIT,23,1,23,0,0,0,1,12,1,0,0,"Mr. SCOTT SHANE (Reporter, New York Times)",REPORTER,no,"SCOTT SHANE, ""NEW YORK TIMES""",label:CNN-135128;CNN-165805,"Reporter Scott Shane has been hashing through them for the Times, and he joins us from his very busy desk today at the New York Times.","utterance[TONY COX, host]:NPR-3527",3,3,2099,0.5,5,2011-04-25,2017-01-22,CNN-135128;CNN-165802;CNN-165805;NPR-19479;NPR-2168;NPR-46173
Annabelle Gurwitch,0,has-page,RE-ADMIT,5,1,2,3,0,0,1,12,1,0,0,"ANNABELLE GURWITCH, HOST, ""MEOW TV""",HOST,no,"ANNABELLE GURWITCH, CO-AUTHOR, ""YOU SAY TOMATO, I SAY SHUT UP""",label:CNN-149434,"It's actress, writer and DAY TO DAY contributor Annabelle Gurwitch.","utterance[MADELEINE BRAND, host]:NPR-17203",3,3,645,0.62,2,2005-05-24,2007-02-28,CNN-149434;CNN-159205;CNN-160061;NPR-16064;NPR-16808;NPR-17203;NPR-1902;NPR-45623
Sabrina Tavernise,0,has-page,RE-ADMIT,13,1,13,0,0,1,0,12,2,0,0,SABRINA TAVERNISE reporting,REPORTING,no,Ms. SABRINA TAVERNISE (The New York Times),label:NPR-43317;NPR-44216,SABRINA TAVERNISE reporting,label:NPR-48986,3,3,3342,1.0,3,2005-05-24,2014-07-18,NPR-23820;NPR-43317;NPR-44216;NPR-48986
Aryn Baker,0,has-page,RE-ADMIT,12,0,12,0,0,0,0,12,0,0,0,"ARYN BAKER, CORRESPONDENT, TIME MAGAZINE",CORRESPONDENT,no,"ARYN BAKER, TIME MIDDLE EAST BUREAU CHIEF",label:CNN-206948,,,3,3,1500,0.75,3,2014-05-16,2018-06-24,CNN-206948;NPR-16112;NPR-46207;NPR-7393
Andrew Wallenstein,1,long-tail,AMBIGUOUS,47,40,36,11,2,3,35,20,16,0,0,ANDREW WALLENSTEIN reporting,REPORTER,review,"ANDREW WALLENSTEIN, ""THE HOLLYWOOD REPORTER""",label:CNN-96424;CNN-97394,"When ""30 Rock"" got started, though, our critic Andrew Wallenstein was not a big fan of Fey's performance.","utterance[ALEX COHEN, host]:NPR-8489",22,22,1974,0.86,6,2005-05-04,2010-09-29,CNN-245243;CNN-245252;CNN-245303;CNN-245355;CNN-245427;CNN-256310;CNN-256830;NPR-10078;NPR-13405;NPR-14068;NPR-14186;NPR-14252;NPR-14298;NPR-14924;NPR-15260;NPR-15564;NPR-15668;NPR-15874;NPR-15980;NPR-16511;NPR-16986;NPR-16989;NPR-17175;NPR-17266;NPR-17465
Jeff Obafemi Carr,1,long-tail,AMBIGUOUS,67,7,59,8,1,0,6,20,7,0,0,"Mr. JEFF OBAFEMI CARR (Host, ""Freestyle"")",HOST,no,"Mr. JEFF OBAFEMI CARR (Founding Artistic Director, Amun Ra Theatre)",label:NPR-47215;NPR-47886,"Guests: Mary Frances Berry, professor of history at the University of Pennsylvania; Roland Martin, executive editor of The Chicago Defender; and radio host Jeff Obafemi Carr.",summary:NPR-45324,13,13,939,1.0,1,2005-06-02,2007-12-28,NPR-12924;NPR-2283;NPR-3;NPR-31;NPR-46236;NPR-46894;NPR-47215;NPR-47370;NPR-47421;NPR-47437;NPR-47588;NPR-47858;NPR-47886;NPR-86
Begin Videotape,1,long-tail,AMBIGUOUS,187,13,17,170,12,1,0,20,14,0,1,"BEGIN VIDEOTAPE, ""THE SITUATION ROOM"") WOLF BLITZER, CNN ANCHOR",CORRESPONDENT,no,"BEGIN VIDEOTAPE, SEPTEMBER 19, 2001) HOWARD LUTNICK, CHAIRMAN & CEO, CANTOR FITZGERALD",label:CNN-40742;CNN-42611,"BEGIN VIDEOTAPE, ""THE SITUATION ROOM"") WOLF BLITZER, CNN ANCHOR",label:CNN-111535;CNN-126348,10,10,295,0.0,21,2001-01-27,2001-11-18,CNN-101166;CNN-1062;CNN-107501;CNN-107522;CNN-110721;CNN-113314;CNN-121812;CNN-12809;CNN-129465;CNN-130341;CNN-13064;CNN-13706;CNN-13908;CNN-14151;CNN-15310;CNN-15936;CNN-189764;CNN-22726;CNN-24502;CNN-25019;CNN-26264;CNN-27984;CNN-28037;CNN-28482;CNN-29032
Ruben Navarrette,1,long-tail,AMBIGUOUS,24,16,16,8,13,1,2,20,16,0,0,"RUBEN NAVARRETTE, CNN CONTRIBUTOR",COMMENTATOR,no,"RUBEN NAVARRETTE, ""DALLAS MORNING NEWS""",label:CNN-25337;CNN-68710,"RUBEN NAVARRETTE, CNN CONTRIBUTOR",label:CNN-178700;CNN-178745;CNN-178779,5,5,4343,0.13,14,2006-03-15,2018-02-03,CNN-132305;CNN-132349;CNN-138284;CNN-138295;CNN-144143;CNN-153028;CNN-170225;CNN-173172;CNN-173251;CNN-175611;CNN-177697;CNN-178641;CNN-178642;CNN-178674;CNN-178675;CNN-178700;CNN-178745;CNN-178779;CNN-178780;CNN-178787;CNN-178836;CNN-178839;CNN-178877;CNN-178880;CNN-180342
Roben Farzad,1,long-tail,AMBIGUOUS,41,1,32,9,1,0,0,20,3,0,0,"ROBEN FARZAD, BYLINE",BYLINE,no,"ROBEN FARZAD, ""SMART MONEY"" MAGAZINE",label:CNN-73568;CNN-73758;CNN-84458,"ROBEN FARZAD, BYLINE",label:NPR-14552,5,5,1149,0.26,11,2008-10-10,2011-12-03,CNN-130919;CNN-150364;CNN-221994;CNN-52887;CNN-73568;CNN-73758;CNN-77669;CNN-80163;CNN-82956;CNN-84458;CNN-88545;CNN-96891;CNN-99166;CNN-99559;NPR-13646;NPR-35077;NPR-38617;NPR-47008;NPR-5630
Tara Wall,1,long-tail,AMBIGUOUS,52,6,25,27,3,0,3,20,12,0,0,"TARA WALL, CNN POLITICAL CONTRIBUTOR",COMMENTATOR,no,"Ms. TARA WALL (Director of Outreach Communications, Republican National      Committee)",label:NPR-46656;NPR-48137,"TARA WALL, CNN POLITICAL CONTRIBUTOR",label:CNN-130311;CNN-130315;CNN-130380,3,3,435,0.06,16,2005-07-14,2006-09-22,CNN-114064;CNN-125718;CNN-125898;CNN-126240;CNN-126271;CNN-126341;CNN-126581;CNN-126811;CNN-127272;CNN-127801;CNN-128346;CNN-128358;CNN-128602;CNN-128702;CNN-128809;CNN-128892;CNN-128942;CNN-128969;CNN-128975;CNN-129178;CNN-129181;CNN-129223;CNN-129240;CNN-129434;CNN-129548
Alfonso Aguilar,1,long-tail,AMBIGUOUS,25,1,19,6,1,0,0,20,3,0,0,"ALFONSO AGUILAR, CNN LEGAL ANALYST",CNN,no,"ALFONSO AGUILAR, PRESIDENT, LATINO PARTNERSHIP FOR CONSERVATIVE PRINCIPLES",label:CNN-285784;CNN-292145;CNN-292337,"ALFONSO AGUILAR, CNN LEGAL ANALYST",label:CNN-320576,3,3,783,0.08,9,2017-08-06,2019-09-28,CNN-153674;CNN-260086;CNN-263648;CNN-264760;CNN-269078;CNN-271155;CNN-277637;CNN-285135;CNN-285784;CNN-292145;CNN-292337;CNN-292642;CNN-292907;CNN-292915;CNN-293368;CNN-301741;CNN-306566;CNN-320539;CNN-320541;CNN-320576;CNN-339832;CNN-343057;CNN-343060;CNN-347947;CNN-347948
Anyi Howell,1,long-tail,AMBIGUOUS,8,0,5,3,0,0,0,18,0,1,0,"Mr. ANYI HOWELL (Reporter, Youth Radio)",REPORTER,no,"Mr. ANYI HOWELL (Reporter, Youth Radio)",label:NPR-4653,,,3,3,584,1.0,2,2006-01-03,2007-08-10,NPR-1077;NPR-2619;NPR-46137;NPR-8224
Ruth Levy Guyer,1,long-tail,AMBIGUOUS,7,11,5,2,1,1,9,16,9,0,0,RUTH LEVY GUYER reporting,REPORTING,review,Ruth Levy Guyer is a scientist and bioethicist.,"utterance[JACKI LYDEN, host]:NPR-6938","Our commentator, Ruth Levy Guyer, communes with nature in her breezy back yard, which has her contemplating the wind.","utterance[DEBBIE ELLIOTT, host]:NPR-42228",7,7,637,1.0,1,2005-05-28,2007-02-24,NPR-41345;NPR-42018;NPR-42228;NPR-42481;NPR-43424;NPR-43783;NPR-44193;NPR-6938
Adam Entous,1,long-tail,AMBIGUOUS,67,4,66,1,4,0,0,14,12,0,0,"ADAM ENTOUS, CNN CONTRIBUTOR",REPORTER,review,"ADAM ENTOUS, ""THE WASHINGTON POST""",label:CNN-311761;CNN-314178;CNN-315206,"ADAM ENTOUS, CNN CONTRIBUTOR",label:CNN-317211;CNN-317214;CNN-318219,4,4,1016,0.08,15,2016-12-10,2019-09-22,CNN-305283;CNN-305361;CNN-305372;CNN-309210;CNN-311761;CNN-312515;CNN-312529;CNN-312876;CNN-312985;CNN-313197;CNN-314178;CNN-314427;CNN-315072;CNN-315093;CNN-315137;CNN-315139;CNN-315178;CNN-315206;CNN-317211;CNN-317214;CNN-317316;CNN-317317;CNN-317318;CNN-317320;CNN-317323
Janet Babin,1,long-tail,AMBIGUOUS,21,3,21,0,1,2,0,12,7,1,0,JANET BABIN reporting,BYLINE,no,Ms. JANET BABIN (Marketplace),label:NPR-13879,"JANET BABIN, BYLINE",label:NPR-29938,11,11,929,1.0,1,2006-04-06,2008-10-21,NPR-10275;NPR-10644;NPR-1302;NPR-1303;NPR-1307;NPR-13879;NPR-14408;NPR-14907;NPR-220;NPR-338;NPR-45000;NPR-6584;NPR-97
Marcus Mabry,1,long-tail,AMBIGUOUS,43,1,43,0,1,0,0,12,3,0,0,"MARCUS MABRY, CNN CONTRIBUTOR",CNN,no,"MARCUS MABRY, ""NEWSWEEK""",label:CNN-81109;CNN-88537;CNN-111833,"MARCUS MABRY, CNN CONTRIBUTOR",label:CNN-133618,4,4,606,0.17,10,2007-05-07,2009-01-02,CNN-111621;CNN-111657;CNN-111833;CNN-112458;CNN-126466;CNN-126617;CNN-127462;CNN-127464;CNN-128168;CNN-130855;CNN-132079;CNN-132500;CNN-133618;CNN-133680;CNN-23777;CNN-48922;CNN-81109;CNN-88537;CNN-88737;NPR-12726;NPR-1736;NPR-360;NPR-9106
Nick Miroff,1,long-tail,AMBIGUOUS,20,11,20,0,1,7,3,12,14,0,0,"NICK MIROFF, NATIONAL SECURITY REPORTER, WASHINGTON POST",BYLINE,no,"NICK MIROFF, NATIONAL SECURITY REPORTER, WASHINGTON POST",label:CNN-341007;CNN-355519;CNN-378776,"NICK MIROFF, BYLINE",label:NPR-27201;NPR-28144,4,4,1878,1.0,4,2010-09-03,2015-10-25,NPR-1696;NPR-19431;NPR-30969;NPR-33376;NPR-33673;NPR-34847
Pat Duggins,1,long-tail,AMBIGUOUS,20,2,20,0,0,1,1,12,3,1,0,PAT DUGGINS reporting,REPORTING,no,"Mr. PAT DUGGINS (Author, ""Trailblazing Mars"")",label:NPR-2163;NPR-4083,PAT DUGGINS reporting,label:NPR-16509,3,3,1147,1.0,4,2008-03-01,2011-04-22,NPR-16509;NPR-2163;NPR-40694;NPR-4083;NPR-5383
David Chanatry,1,long-tail,AMBIGUOUS,4,3,4,0,1,2,0,12,7,0,0,"DAVID CHANATRY, BYLINE",BYLINE,no,"David Chanatry of the New York Reporting Project at Utica College reports, the Dryden's ban is the issue in next week's town board elections.",summary:NPR-28601,"DAVID CHANATRY, BYLINE",label:NPR-26365;NPR-32077,3,3,1808,1.0,1,2006-11-21,2011-11-03,NPR-28601;NPR-28958;NPR-37435;NPR-39500
Desiree Cooper,1,long-tail,AMBIGUOUS,4,8,3,1,0,1,7,11,6,0,0,DESIREE COOPER reporting,REPORTING,review,Desiree Cooper is a columnist for the Detroit Free Press.,summary:NPR-43022,DESIREE COOPER reporting,label:NPR-42220;NPR-42284,5,5,329,1.0,1,2005-08-01,2006-06-26,NPR-42220;NPR-42284;NPR-43022;NPR-43212;NPR-43932
Lucy Craft,1,long-tail,AMBIGUOUS,4,10,2,2,1,4,5,10,15,0,0,"LUCY CRAFT, BYLINE",BYLINE,no,"LUCY CRAFT, FREELANCE REPORTER, TOKYO (via telephone)",label:CNN-163223,"LUCY CRAFT, BYLINE",label:NPR-26583;NPR-31307,5,4,1648,1.0,2,2006-09-05,2011-03-11,NPR-29849;NPR-31522;NPR-32129;NPR-33099;NPR-37235;NPR-37963;NPR-7241
Amelia Shaw,1,long-tail,AMBIGUOUS,4,13,1,3,0,7,6,9,12,0,0,AMELIA SHAW reporting,REPORTING,review,"Carrie Kahn, NPR correspondent Frantz-Antoine Leconte, Haitian-American writer and professor at City University of New York Madison Smartt Bell, English professor at Goucher College Amelia Shaw, UN staff worker",summary:NPR-45898,AMELIA SHAW reporting,label:NPR-14892;NPR-19046;NPR-39376,4,4,1441,1.0,6,2006-02-03,2010-01-14,NPR-14665;NPR-14666;NPR-14892;NPR-19046;NPR-39376;NPR-39413;NPR-39452;NPR-40090;NPR-42835;NPR-42901;NPR-43055;NPR-45767;NPR-45776;NPR-45898
Matt Sepic,1,long-tail,AMBIGUOUS,3,3,1,2,1,0,2,7,5,1,0,"MATT SEPIC, BYLINE",BYLINE,no,"Mr. MATT SEPIC (Reporter, KWMU)",label:NPR-14793,"MATT SEPIC, BYLINE",label:NPR-12644;NPR-14945,3,3,2846,1.0,2,2007-01-15,2014-10-31,NPR-37110;NPR-39568;NPR-7634
Jay Field,1,long-tail,AMBIGUOUS,2,9,2,0,1,8,0,6,11,0,0,"JAY FIELD, BYLINE",BYLINE,review,Maine Public Broadcasting's Jay Field and the Las Vegas Review-Journal's Steve Sebelius preview the caucuses that begin Saturday in those states.,summary:NPR-147,"JAY FIELD, BYLINE",label:NPR-147;NPR-5193;NPR-29150,4,4,1634,1.0,2,2006-10-25,2011-04-16,NPR-33840;NPR-35895;NPR-41724;NPR-43437;NPR-48316
Vicki Barker,1,long-tail,AMBIGUOUS,1,18,1,0,1,17,0,3,11,0,0,"VICKI BARKER, BYLINE",BYLINE,no,"But Europe's financial center lies in London, and as Vicki Barker reports, the British government is likely to veto such a plan.","utterance[DAVID GREENE, Host]:NPR-28783","VICKI BARKER, BYLINE",label:NPR-6905;NPR-13054;NPR-13060,11,11,1247,1.0,3,2008-04-03,2011-09-02,NPR-14373;NPR-28783;NPR-28828;NPR-28896;NPR-30604;NPR-30626;NPR-30959;NPR-31281;NPR-31616;NPR-31968;NPR-32576;NPR-32582;NPR-32799;NPR-32816;NPR-33359;NPR-33395;NPR-33726;NPR-34972;NPR-35645;NPR-35910;NPR-36190;NPR-40473
Keegan Hamilton,1,long-tail,AMBIGUOUS,1,3,0,1,0,1,2,2,4,0,0,"KEEGAN HAMILTON, VICE REPORTER",REPORTER,no,NPR's Steve Inskeep talks to Keegan Hamilton of Vice News about the power vacuum he leaves behind.,summary:NPR-9874,"KEEGAN HAMILTON, VICE REPORTER",label:CNN-361080,3,3,188,1.0,1,2019-01-11,2019-07-18,NPR-426;NPR-777;NPR-9874
John Mccann,0,has-page-fuzzy,AMBIGUOUS,25,34,16,9,1,1,32,20,9,0,0,JOHN McCANN reporting,COMMENTATOR,review,"Mr. JOHN MCCANN (Columnist, The Herald-Sun)",label:NPR-3090;NPR-3794;NPR-4079,"As it carries on its mission, our commentator John McCann wonders whether the billions of dollars spent on this shuttle mission could have been utilized better.","utterance[ED GORDON, host]:NPR-47373",21,21,844,0.77,3,2005-09-29,2008-01-21,CNN-116766;CNN-119692;CNN-119903;CNN-119905;CNN-119907;CNN-119909;CNN-119915;NPR-12723;NPR-1859;NPR-2561;NPR-2737;NPR-3090;NPR-3099;NPR-3434;NPR-3633;NPR-3794;NPR-4079;NPR-4435;NPR-44452;NPR-44548;NPR-44976;NPR-45179;NPR-45311;NPR-45835;NPR-46641
Howard Bryant,0,has-page,AMBIGUOUS,72,1,66,6,1,0,0,20,3,0,1,"HOWARD BRYANT, BYLINE",BYLINE,no,"Mr. HOWARD BRYANT (Senior Writer, ESPN.com)",label:NPR-15237;NPR-17723,"HOWARD BRYANT, BYLINE",label:NPR-8870;NPR-20760,21,21,3810,0.96,3,2005-08-11,2016-01-16,CNN-409358;NPR-11779;NPR-12217;NPR-12313;NPR-13524;NPR-13770;NPR-13954;NPR-14336;NPR-14437;NPR-15237;NPR-16053;NPR-16460;NPR-16651;NPR-16653;NPR-16918;NPR-17319;NPR-17590;NPR-17712;NPR-17723;NPR-17810;NPR-47006;NPR-47011;NPR-47015;NPR-6411
Lester Spence,0,has-page,AMBIGUOUS,29,18,24,5,1,1,16,20,9,0,0,LESTER SPENCE reporting,REPORTING,review,"Professor LESTER SPENCE (Political Science, Johns Hopkins University)",label:NPR-2476;NPR-2988;NPR-3083,"A new film company aimed at black audiences is in the works, but its giving our commentator Lester Spence a sense of déjà vu.","utterance[TONY COX, host]:NPR-3972",18,18,1787,1.0,3,2005-09-06,2010-07-29,NPR-22067;NPR-2476;NPR-2988;NPR-3083;NPR-3157;NPR-35032;NPR-3776;NPR-3785;NPR-3909;NPR-3972;NPR-4209;NPR-4306;NPR-44557;NPR-46907;NPR-47042;NPR-47294;NPR-4927;NPR-5128;NPR-5274;NPR-6797;NPR-7319;NPR-7654
John Feinstein,0,has-page,AMBIGUOUS,45,14,27,18,0,1,13,20,6,0,0,JOHN FEINSTEIN reporting,COMMENTATOR,review,"JOHN FEINSTEIN, AUTHOR, ""THE MAJORS""",label:CNN-2460;CNN-10220;CNN-12450,JOHN FEINSTEIN reporting,label:NPR-7589;NPR-38082;NPR-39257,17,17,3923,0.49,20,2005-06-16,2016-03-13,CNN-10220;CNN-12450;CNN-15594;CNN-15628;CNN-15652;CNN-19794;CNN-2460;CNN-27738;CNN-28108;CNN-31455;CNN-4801;CNN-49383;CNN-63071;CNN-63805;CNN-64225;CNN-71174;CNN-72237;CNN-77723;CNN-8107;CNN-8195;CNN-87527;CNN-9803;NPR-17378;NPR-22587;NPR-32235
Betty Baye,0,has-page-fuzzy,AMBIGUOUS,21,39,17,4,0,0,39,20,4,0,0,Ms. BETTY BAYE (Commentator),COMMENTATOR,review,"Ms. BETTY BAYE (Columnist, The Courier-Journal, Louisville, Kentucky)",label:NPR-4713;NPR-5139;NPR-5216,Ms. BETTY BAYE (Commentator),label:NPR-45875,15,15,814,1.0,1,2005-07-06,2007-09-28,NPR-2010;NPR-2732;NPR-31;NPR-3166;NPR-44453;NPR-44644;NPR-44777;NPR-4556;NPR-45983;NPR-46133;NPR-46156;NPR-46532;NPR-4713;NPR-47203;NPR-47368;NPR-47594;NPR-47610;NPR-47916;NPR-4988;NPR-5139;NPR-5216;NPR-5272;NPR-5960;NPR-6365;NPR-657
Daria Dolan,0,has-page,AMBIGUOUS,21,3,4,17,3,0,0,20,9,0,0,"DARIA DOLAN, CO-HOST, ""DOLANS UNSCRIPTED""",HOST,no,"DARIA DOLAN, PERSONAL FINANCE AUTHOR",label:CNN-144088;CNN-144117,"DARIA DOLAN, CO-HOST",label:CNN-92091;CNN-92280;CNN-92469,14,12,2429,0.0,5,2005-04-23,2011-12-17,CNN-144088;CNN-144117;CNN-145988;CNN-145990;CNN-146208;CNN-146837;CNN-146871;CNN-147276;CNN-147524;CNN-150327;CNN-150328;CNN-150744;CNN-150749;CNN-153299;CNN-158770;CNN-159064;CNN-161150;CNN-161151;CNN-161205;CNN-162609;CNN-162613;CNN-165514;CNN-166165;CNN-166775;CNN-166776
Melissa Harris-Lacewell,0,has-page,AMBIGUOUS,60,4,56,4,0,1,3,20,5,0,0,"MELISSA HARRIS-LACEWELL, reporting",REPORTING,no,"Professor MELISSA HARRIS-LACEWELL (Politics and African-American Studies, Princeton University)",label:NPR-1852;NPR-2533;NPR-6427,"MELISSA HARRIS-LACEWELL, reporting",label:NPR-45451,14,14,1538,0.59,6,2006-01-23,2010-04-10,CNN-116320;CNN-125015;CNN-126307;CNN-126309;CNN-126310;CNN-132806;CNN-133894;CNN-134063;CNN-134253;CNN-134255;CNN-134500;CNN-137632;NPR-12922;NPR-1852;NPR-2182;NPR-2311;NPR-2312;NPR-2479;NPR-2533;NPR-2804;NPR-3304;NPR-35712;NPR-45451;NPR-4555;NPR-45579
Reihan Salam,0,has-page,AMBIGUOUS,60,4,55,5,4,0,0,20,12,0,0,"REIHAN SALAM, CNN CONTRIBUTOR",CORRESPONDENT,no,"REIHAN SALAM, CO-AUTHOR, ""GRAND NEW PARTY""",label:CNN-170238;CNN-179499;CNN-179504,"REIHAN SALAM, CNN CONTRIBUTOR",label:CNN-187276;CNN-187808;CNN-188042,10,10,3762,0.15,16,2008-09-02,2018-12-21,CNN-138557;CNN-141035;CNN-141233;CNN-147848;CNN-147852;CNN-149875;CNN-154541;CNN-154940;CNN-156519;CNN-157450;CNN-170238;CNN-178005;CNN-179499;CNN-179504;CNN-180404;CNN-180724;CNN-181147;CNN-181384;CNN-182542;CNN-182673;CNN-183013;CNN-183215;CNN-183751;CNN-183810;CNN-183877
Jon Wertheim,0,has-page,AMBIGUOUS,71,2,67,4,2,0,0,20,6,0,0,"JON WERTHEIM, SENIOR INVESTIGATIVE REPORTER, SPORTS ILLUSTRATED",REPORTER,no,"JON WERTHEIM, SENIOR INVESTIGATIVE REPORTER, SPORTS ILLUSTRATED",label:CNN-166204;CNN-174972;CNN-175813,"JON WERTHEIM, CNN SPORTS ILLUSTRATED",label:CNN-14846,10,10,3748,0.24,19,2008-07-06,2018-10-10,CNN-123664;CNN-125353;CNN-145478;CNN-145573;CNN-145576;CNN-145579;CNN-14846;CNN-153132;CNN-164253;CNN-164925;CNN-165856;CNN-166535;CNN-169876;CNN-172162;CNN-172172;CNN-173360;CNN-174997;CNN-176668;CNN-176669;CNN-182309;CNN-185330;CNN-204277;CNN-204395;CNN-204412;CNN-212960
Callie Crossley,0,has-page,AMBIGUOUS,71,3,66,5,1,0,2,20,5,1,0,"Ms. CALLIE CROSSLEY (Social and Cultural Commentator, Beat the Press)",COMMENTATOR,no,"Ms. CALLIE CROSSLEY (Social and Cultural Commentator, Beat the Press)",label:NPR-2009;NPR-4294;NPR-4473,"CALLIE CROSSLEY, NPR COMMENTATOR",label:CNN-62333,10,10,258,0.86,4,2005-05-12,2006-01-25,CNN-120456;CNN-97452;NPR-18090;NPR-45868;NPR-46342;NPR-46378;NPR-46476;NPR-46637;NPR-46869;NPR-47407;NPR-47555;NPR-47905;NPR-47976;NPR-48138
Todd Boyd,0,has-page,AMBIGUOUS,40,17,35,5,0,0,17,20,4,0,0,Mr. TODD BOYD (Commentator),COMMENTATOR,review,"TODD BOYD, UNIVERSITY OF SOUTHERN CALIFORNIA",label:CNN-26840;CNN-140782;CNN-140877,Mr. TODD BOYD (Commentator),label:NPR-4439,10,10,897,0.41,10,2005-05-23,2007-11-06,CNN-112628;CNN-140782;CNN-140877;CNN-145787;CNN-148055;CNN-263635;CNN-26840;CNN-32392;CNN-35162;CNN-359299;CNN-359344;CNN-375350;CNN-375369;CNN-375483;CNN-376037;CNN-38654;CNN-43403;NPR-2402;NPR-3976;NPR-4095;NPR-4296;NPR-4427;NPR-46864;NPR-47148;NPR-47298
Linda Chavez,0,has-page,AMBIGUOUS,53,4,47,6,0,0,4,20,4,0,0,"LINDA CHAVEZ, CONSERVATIVE COMMENTATOR",COMMENTATOR,no,"LINDA CHAVEZ, FORMER LABOR SECRETARY NOMINEE",label:CNN-23230;CNN-23233;CNN-23292,"LINDA CHAVEZ, CONSERVATIVE COMMENTATOR",label:CNN-386300,9,9,980,0.17,21,2010-05-24,2013-01-28,CNN-22850;CNN-22911;CNN-23153;CNN-23230;CNN-23233;CNN-23235;CNN-23284;CNN-23291;CNN-23292;CNN-23300;CNN-23301;CNN-23309;CNN-23325;CNN-23333;CNN-23339;CNN-23348;CNN-23362;CNN-23450;CNN-23458;CNN-23536;CNN-23556;CNN-296432;CNN-318108;CNN-331539;CNN-334244
Mona Charen,0,has-page,AMBIGUOUS,36,7,28,8,1,0,6,20,7,0,0,"MONA CHAREN, CNN POLITICAL COMMENTATOR",COMMENTATOR,review,"MONA CHAREN, ETHICS AND PUBLIC POLICY CENTER",label:CNN-348336;CNN-350976;CNN-351513,"MONA CHAREN, CNN POLITICAL COMMENTATOR",label:CNN-353405,9,9,2633,0.23,11,2012-07-13,2019-09-28,CNN-14170;CNN-23301;CNN-274557;CNN-275433;CNN-275604;CNN-275605;CNN-275705;CNN-277613;CNN-277617;CNN-333718;CNN-333720;CNN-333724;CNN-333746;CNN-335425;CNN-338218;CNN-344432;CNN-348336;CNN-348338;CNN-350976;CNN-350978;CNN-351513;CNN-352423;CNN-353404;CNN-357933;CNN-358017
Jean Lee,0,has-page,AMBIGUOUS,59,6,53,6,6,0,0,20,12,0,0,"JEAN LEE, CNN CORRESPONDENT",CORRESPONDENT,no,"JEAN LEE, FELLOW, WILSON CENTER",label:CNN-311923;CNN-318500;CNN-320560,"JEAN LEE, CNN CORRESPONDENT",label:CNN-320152;CNN-325359;CNN-332538,8,8,703,0.21,12,2017-02-14,2019-01-18,CNN-241151;CNN-300484;CNN-310081;CNN-311923;CNN-318500;CNN-320425;CNN-320486;CNN-320493;CNN-320560;CNN-338741;CNN-341035;CNN-341144;CNN-341243;CNN-341308;CNN-341390;CNN-341665;CNN-341671;CNN-341756;CNN-342392;CNN-342427;CNN-342431;CNN-342479;CNN-342787;CNN-366879;CNN-367874
Keith Devlin,0,has-page,AMBIGUOUS,14,4,9,5,2,2,0,20,10,0,0,"KEITH DEVLIN, BYLINE",BYLINE,no,Professor KEITH DEVLIN (Stanford University),label:NPR-31880;NPR-49499,"KEITH DEVLIN, BYLINE",label:NPR-46661;NPR-47037,8,8,3381,1.0,3,2007-11-10,2017-02-11,NPR-11521;NPR-12149;NPR-12212;NPR-14122;NPR-1532;NPR-17803;NPR-18951;NPR-31880;NPR-49499
Amy Alexander,0,has-page,AMBIGUOUS,18,17,14,4,0,1,16,20,6,0,0,AMY ALEXANDER reporting,COMMENTATOR,review,Ms. AMY ALEXANDER (Author and Media Critic),label:NPR-4803;NPR-5118,AMY ALEXANDER reporting,label:NPR-44643;NPR-45271,8,8,363,1.0,1,2006-01-10,2007-01-08,NPR-2711;NPR-44643;NPR-45164;NPR-45271;NPR-46079;NPR-46830;NPR-47027;NPR-4803;NPR-4979;NPR-5118
Leroy Sievers,0,has-page,AMBIGUOUS,8,15,4,4,0,1,14,20,6,0,0,LEROY SIEVERS reporting,REPORTING,review,"Author Leroy Sievers talks about his My Cancer blog, chemotherapy, the holidays, and what he's thankful for.",summary:NPR-17119,LEROY SIEVERS reporting,label:NPR-39362,8,8,577,1.0,2,2005-07-08,2007-02-05,NPR-13358;NPR-17119;NPR-36964;NPR-37409;NPR-38256;NPR-39362;NPR-40095;NPR-40504;NPR-40677;NPR-40908
Ross Douthat,0,has-page,AMBIGUOUS,50,6,45,5,5,0,1,20,13,0,0,"ROSS DOUTHAT, CNN POLITICAL COMMENTATOR",COMMENTATOR,review,"ROSS DOUTHAT, OP-ED COLUMNIST, NEW YORK TIMES",label:CNN-273264;CNN-278875;CNN-279146,"ROSS DOUTHAT, CNN POLITICAL COMMENTATOR",label:CNN-214262;CNN-217091;CNN-217096,6,6,931,0.09,18,2009-11-23,2012-06-11,CNN-133047;CNN-133053;CNN-191756;CNN-191818;CNN-191869;CNN-191974;CNN-192105;CNN-192161;CNN-192219;CNN-193667;CNN-193720;CNN-193755;CNN-193928;CNN-194134;CNN-194276;CNN-194424;CNN-194745;CNN-194813;CNN-195113;CNN-195285;CNN-195323;CNN-195325;CNN-195411;CNN-195472;CNN-196267
Ll Cool J,0,has-page-fuzzy,AMBIGUOUS,24,1,9,15,1,0,0,20,3,0,0,"LL COOL J, HOST, 54TH ANNUAL GRAMMY AWARDS",HOST,no,"LL COOL J, ACTOR/MUSICIAN",label:CNN-188231;CNN-189003;CNN-189095,"LL COOL J, GRAMMY HOST",label:CNN-200919,6,6,3412,0.1,18,2004-09-18,2014-01-21,CNN-120422;CNN-150955;CNN-151793;CNN-152984;CNN-15614;CNN-15855;CNN-159969;CNN-16073;CNN-165601;CNN-17012;CNN-173374;CNN-173375;CNN-180908;CNN-180909;CNN-180933;CNN-180972;CNN-180990;CNN-180991;CNN-181005;CNN-181020;CNN-181033;CNN-181034;CNN-18449;CNN-187675;CNN-188231
Michael Isikoff,0,has-page,AMBIGUOUS,86,1,80,6,1,0,0,20,3,0,0,"MICHAEL ISIKOFF, CHIEF INVESTIGATIVE CORRESPONDENT, YAHOO NEWS",REPORTER,review,"MICHAEL ISIKOFF, ""NEWSWEEK""",label:CNN-2529;CNN-22728;CNN-32999,"Yahoo News chief investigative correspondent Michael Isikoff sat down with Bashar al-Assad, the first in-depth interview the Syrian president has given to an American reporter since President Trump's inauguration.","utterance[ROBERT SIEGEL, HOST]:NPR-19350",6,6,4531,0.1,32,2005-10-26,2018-03-23,CNN-103800;CNN-205007;CNN-22728;CNN-2529;CNN-308607;CNN-32999;CNN-335084;CNN-335255;CNN-335350;CNN-33931;CNN-34451;CNN-345277;CNN-34720;CNN-355935;CNN-356007;CNN-356522;CNN-37916;CNN-37974;CNN-385749;CNN-38986;CNN-39655;CNN-40921;CNN-41305;CNN-42171;CNN-45385
Jon Ralston,0,has-page,AMBIGUOUS,21,5,13,8,0,1,4,20,6,0,0,"JON RALSTON, POLITICAL REPORTER",REPORTER,review,"Robert Siegel talks to Jon Ralston, columnist for the Las Vegas Sun, about the GOP Senate primary in Nevada on Tuesday, in which voters will choose an opponent for Democratic Senate Majority Leader Harry Reid.",summary:NPR-35327,"JON RALSTON, POLITICAL REPORTER",label:CNN-122804,6,6,2081,0.57,7,2010-06-07,2016-02-17,CNN-122972;CNN-122988;CNN-144569;CNN-149443;CNN-155266;CNN-165537;NPR-2142;NPR-22826;NPR-34588;NPR-35327;NPR-3842;NPR-44380;NPR-5380;NPR-8030
Patrick Smith,0,has-page,AMBIGUOUS,41,2,24,17,1,0,1,20,4,0,0,"PATRICK SMITH, BYLINE",BYLINE,no,"Mr. PATRICK SMITH (Pilot; Columnist, Salon.com)",label:NPR-36990,"PATRICK SMITH, BYLINE",label:NPR-2433;NPR-2891;NPR-9885,6,6,2169,0.24,14,2008-04-04,2014-03-13,CNN-105101;CNN-134810;CNN-138265;CNN-139074;CNN-139561;CNN-158058;CNN-202072;CNN-210369;CNN-210373;CNN-226485;CNN-226551;CNN-226875;CNN-229477;CNN-235271;CNN-246694;CNN-27171;CNN-276628;CNN-359775;CNN-71328;NPR-13034;NPR-36990;NPR-40372;NPR-40472;NPR-5638;NPR-7074
Reza Aslan,0,has-page,AMBIGUOUS,58,6,49,9,6,0,0,20,12,0,1,"REZA ASLAN, CNN HOST, ""BELIEVER""",HOST,no,"REZA ASLAN, AUTHOR, ""HOW TO WIN A COSMIC WAR""",label:CNN-137289;CNN-139289;CNN-139487,"REZA ASLAN, CNN HOST, ""BELIEVER""",label:CNN-306699;CNN-306827;CNN-307414,5,5,3453,0.12,15,2005-07-28,2015-01-10,CNN-110251;CNN-112373;CNN-112375;CNN-112406;CNN-112408;CNN-112839;CNN-113046;CNN-113196;CNN-113329;CNN-117196;CNN-120732;CNN-128457;CNN-128655;CNN-133699;CNN-133706;CNN-133742;CNN-133743;CNN-133768;CNN-133873;CNN-134440;CNN-134442;CNN-136720;CNN-136751;CNN-137254;CNN-137289
Tom Goldstein,0,has-page,AMBIGUOUS,54,1,36,18,1,0,0,20,3,0,0,"TOM GOLDSTEIN, BYLINE",BYLINE,no,"TOM GOLDSTEIN, CO-FOUNDER, SCOTUS BLOG",label:CNN-207475;CNN-207511;CNN-207539,"TOM GOLDSTEIN, BYLINE",label:NPR-17670,5,5,1463,0.19,24,2012-06-26,2016-06-28,CNN-100151;CNN-100161;CNN-117848;CNN-128037;CNN-138699;CNN-138700;CNN-138706;CNN-138720;CNN-138728;CNN-138760;CNN-138775;CNN-138925;CNN-138943;CNN-138963;CNN-149926;CNN-152526;CNN-156417;CNN-156448;CNN-156452;CNN-16958;CNN-173354;CNN-173386;CNN-173406;CNN-173416;CNN-179881
Eugene Robinson,0,has-page,AMBIGUOUS,22,1,18,4,1,0,0,20,3,0,0,"EUGENE ROBINSON, CNN POLITICAL COMMENTATOR",COMMENTATOR,review,"EUGENE ROBINSON, ""WASHINGTON POST""",label:CNN-102773;CNN-116270,"EUGENE ROBINSON, CNN POLITICAL COMMENTATOR",label:CNN-298225,5,5,3734,0.4,6,2007-04-10,2017-06-30,CNN-102773;CNN-110017;CNN-116270;CNN-119937;CNN-127367;CNN-363443;CNN-365066;CNN-511;CNN-78729;NPR-16206;NPR-17612;NPR-26258;NPR-27286;NPR-27661;NPR-43533
Carol Marin,0,has-page,AMBIGUOUS,35,2,18,17,1,0,1,20,4,0,1,"Ms. CAROL MARIN (Reporter, Chicago Sun-Times)",REPORTER,review,"Ms. CAROL MARIN (Reporter, Chicago Sun-Times)",label:NPR-34780,"CAROL MARIN, CNN CORRESPONDENT (voice-over)",label:CNN-90624,5,5,2058,0.4,5,2010-12-18,2016-08-06,CNN-115780;CNN-133137;CNN-133151;CNN-133662;CNN-134514;CNN-143605;CNN-143641;CNN-86454;CNN-89093;NPR-11432;NPR-11647;NPR-11802;NPR-11952;NPR-48118;NPR-49115
David Miliband,0,has-page,AMBIGUOUS,67,1,59,8,1,0,0,20,3,0,0,"DAVID MILIBAND, CNN CORRESPONDENT",CORRESPONDENT,no,"DAVID MILIBAND, PRESIDENT AND CEO, INTERNATIONAL RESCUE COMMITTEE",label:CNN-263666;CNN-296089;CNN-315019,"DAVID MILIBAND, CNN CORRESPONDENT",label:CNN-322787,4,4,526,0.18,17,2016-02-12,2017-07-22,CNN-118358;CNN-118436;CNN-120258;CNN-132795;CNN-139793;CNN-139850;CNN-140072;CNN-140107;CNN-140118;CNN-146520;CNN-147458;CNN-168857;CNN-182741;CNN-214289;CNN-219208;CNN-229023;CNN-238637;CNN-255818;CNN-256974;CNN-263666;CNN-264093;CNN-264539;CNN-269384;CNN-270425;CNN-270499
Franklin Graham,0,has-page,AMBIGUOUS,59,1,37,22,1,0,0,20,3,0,0,"REV. FRANKLIN GRAHAM, CNN HEROES PANELIST",CNN,no,"REV. FRANKLIN GRAHAM, BILLY GRAHAM EVANGELISTIC ASSOCIATION",label:CNN-24052;CNN-67582,"REV. FRANKLIN GRAHAM, CNN HEROES PANELIST",label:CNN-131352,4,4,5505,0.03,35,2000-12-21,2016-01-17,CNN-100724;CNN-107794;CNN-108146;CNN-110204;CNN-110231;CNN-115870;CNN-116176;CNN-116180;CNN-116852;CNN-116891;CNN-116894;CNN-117030;CNN-126692;CNN-131352;CNN-141354;CNN-150279;CNN-154615;CNN-154621;CNN-163501;CNN-166617;CNN-181462;CNN-181466;CNN-194467;CNN-202959;CNN-203998
John Ridley,0,has-page,AMBIGUOUS,35,23,25,10,15,0,8,20,16,1,1,"JOHN RIDLEY, COMMENTATOR, NATIONAL PUBLIC RADIO",BYLINE,review,"JOHN RIDLEY, FILM DIRECTOR/ACTOR/WRITER",label:CNN-114701;CNN-116055;CNN-124464,"JOHN RIDLEY, NPR CONTRIBUTOR",label:CNN-139086;CNN-139163;CNN-139384,4,4,1035,0.19,15,2005-08-12,2008-06-12,CNN-114701;CNN-116055;CNN-120281;CNN-123168;CNN-124464;CNN-124725;CNN-132126;CNN-132481;CNN-134287;CNN-139086;CNN-139163;CNN-139384;CNN-140194;CNN-154368;CNN-154465;CNN-154468;CNN-154522;CNN-154525;CNN-157657;CNN-158045;CNN-166887;CNN-216909;CNN-221076;CNN-402354;CNN-402355
Walter Cronkite,0,has-page,AMBIGUOUS,50,13,17,33,5,5,3,20,23,0,1,"WALTER CRONKITE, FORMER CBS NEWS ANCHOR",ANCHOR,review,"WALTER CRONKITE, CBS NEWS",label:CNN-79467;CNN-104629;CNN-140532,"WALTER CRONKITE, GUEST HOST",label:CNN-55169;CNN-55205,4,4,1524,0.24,17,2005-05-16,2009-07-18,CNN-104623;CNN-104629;CNN-104729;CNN-108301;CNN-116550;CNN-116598;CNN-140532;CNN-140534;CNN-140565;CNN-140577;CNN-140581;CNN-140878;CNN-146612;CNN-187118;CNN-187159;CNN-187172;CNN-2379;CNN-375308;CNN-393522;CNN-41305;CNN-44502;CNN-50576;CNN-66243;CNN-79467;CNN-85165
Seth Waxman,0,has-page,AMBIGUOUS,33,3,28,5,3,0,0,20,9,0,0,"SETH WAXMAN, CNN LEGAL ANALYST",CNN,no,"SETH WAXMAN, CRIMINAL DEFENSE ATTORNEY",label:CNN-333117;CNN-334254;CNN-339013,"SETH WAXMAN, CNN LEGAL ANALYST",label:CNN-357044,4,4,225,0.24,8,2018-08-11,2019-03-24,CNN-121900;CNN-329990;CNN-331631;CNN-333117;CNN-333880;CNN-334254;CNN-335404;CNN-337252;CNN-338243;CNN-339013;CNN-340254;CNN-340910;CNN-341708;CNN-342761;CNN-346185;CNN-346518;CNN-347182;CNN-347592;CNN-348351;CNN-357044;CNN-92544;CNN-92554;NPR-12825;NPR-29630;NPR-34120
Michael Graham,0,has-page,AMBIGUOUS,21,6,8,13,6,0,0,20,12,0,0,"MICHAEL GRAHAM, RADIO TALK SHOW HOST",REPORTER,no,"MICHAEL GRAHAM, WTNT RADIO REPORTER",label:CNN-62027,"MICHAEL GRAHAM, HOST",label:CNN-127776;CNN-127987;CNN-128027,4,4,288,0.38,8,2016-10-15,2017-07-30,CNN-1031;CNN-12210;CNN-335;CNN-343211;CNN-5834;CNN-65273;CNN-9585;CNN-9785;NPR-10705;NPR-11435;NPR-11505;NPR-11608;NPR-7477
Adam Frank,0,has-page,AMBIGUOUS,11,2,6,5,1,0,1,20,4,0,0,"ADAM FRANK, BYLINE",BYLINE,no,"We're talking with Adam Frank, co-founder and contributor of NPR's 13.7 Cosmos and Culture blog, about the cycles of our lives.","utterance[NEAL CONAN, HOST]:NPR-524","ADAM FRANK, BYLINE",label:NPR-524;NPR-3465;NPR-20086,4,4,1090,1.0,1,2012-12-26,2015-12-21,NPR-23305;NPR-23533;NPR-27248;NPR-30205
Mike Murphy,0,has-page,AMBIGUOUS,54,2,19,35,2,0,0,20,6,0,0,"MIKE MURPHY, GUEST CO-HOST",HOST,no,"MIKE MURPHY, CENTER FOR MISSING AND EXPLOITED CHILDREN",label:CNN-259302,"MIKE MURPHY, GUEST HOST",label:CNN-32764,3,3,831,0.11,31,2009-07-10,2011-10-19,CNN-111536;CNN-111783;CNN-112454;CNN-11370;CNN-11422;CNN-117330;CNN-117331;CNN-117341;CNN-117367;CNN-117369;CNN-117386;CNN-12427;CNN-12812;CNN-12950;CNN-1326;CNN-14665;CNN-15095;CNN-16137;CNN-1779;CNN-203593;CNN-205095;CNN-205109;CNN-205112;CNN-2145;CNN-25504
Cynthia Tucker,0,has-page,AMBIGUOUS,32,4,25,7,2,0,2,20,8,0,0,"CYNTHIA TUCKER, CNN CONVENTION ANALYST",CNN,no,"CYNTHIA TUCKER, ""ATLANTA JOURNAL-CONSTITUTION""",label:CNN-17240;CNN-45991;CNN-61427,"CYNTHIA TUCKER, CNN CONVENTION ANALYST",label:CNN-13165;CNN-13922;CNN-13954,3,3,707,0.06,18,2011-04-22,2013-03-29,CNN-11974;CNN-1290;CNN-13091;CNN-13165;CNN-132472;CNN-13466;CNN-13922;CNN-13954;CNN-151262;CNN-1597;CNN-1598;CNN-17240;CNN-17258;CNN-18182;CNN-1843;CNN-19373;CNN-19555;CNN-20865;CNN-21909;CNN-24210;CNN-24662;CNN-34139;CNN-37042;CNN-4074;CNN-43388
Keli Goff,0,has-page,AMBIGUOUS,46,5,35,11,0,1,4,20,6,0,0,"KELI GOFF, BLOGGER/POLITICAL COMMENTATOR",COMMENTATOR,no,"KELI GOFF, BLOGGER/POLITICAL COMMENTATOR",label:CNN-123455;CNN-123523;CNN-123862,"KELI GOFF, POLITICAL CORRESPONDENT",label:CNN-195272,3,3,1100,0.12,8,2010-01-11,2013-01-15,CNN-121816;CNN-123391;CNN-123865;CNN-124099;CNN-124253;CNN-124906;CNN-125551;CNN-131866;CNN-134025;CNN-140558;CNN-178744;CNN-194207;CNN-196724;CNN-199270;CNN-206047;CNN-210755;CNN-228360;CNN-234652;CNN-236857;CNN-257544;CNN-257559;CNN-274564;CNN-276381;NPR-45889;NPR-5627
John Campbell,0,has-page,AMBIGUOUS,47,3,22,25,3,0,0,20,9,0,0,"JOHN CAMPBELL, CNN LAW ENFORCEMENT ANALYST AND FORMER FBI SPECIAL AGENT",CORRESPONDENT,no,Mr. JOHN CAMPBELL (Former Ambassador to Nigeria),label:NPR-29840,"JOHN CAMPBELL, CNN LAW ENFORCEMENT ANALYST AND FORMER FBI SPECIAL AGENT",label:CNN-335342,3,3,2793,0.21,24,2005-11-17,2013-07-11,CNN-100387;CNN-108244;CNN-123298;CNN-136088;CNN-136095;CNN-140863;CNN-140878;CNN-147611;CNN-147614;CNN-157844;CNN-157845;CNN-157943;CNN-160086;CNN-160134;CNN-162993;CNN-168362;CNN-180671;CNN-190845;CNN-198765;CNN-202317;CNN-230184;CNN-265956;CNN-265958;CNN-265973;CNN-265997
David Walker,0,has-page,AMBIGUOUS,46,2,22,24,2,0,0,20,6,0,0,"DAVID WALKER, CNN ANCHOR",ANCHOR,no,"DAVID WALKER, CEO, COMEBACK AMERICA INITIATIVE",label:CNN-161195;CNN-161225;CNN-162330,"DAVID WALKER, CNN ANCHOR",label:CNN-1279;CNN-9218;CNN-95004,3,3,3214,0.08,20,2008-08-09,2017-05-28,CNN-116550;CNN-116598;CNN-119607;CNN-119659;CNN-119708;CNN-120305;CNN-127755;CNN-127761;CNN-127815;CNN-128758;CNN-131087;CNN-134985;CNN-135112;CNN-135325;CNN-135401;CNN-135516;CNN-135558;CNN-135830;CNN-135833;CNN-141228;CNN-145497;CNN-145591;CNN-145638;CNN-147581;CNN-148267
Eugene Fidell,0,has-page,AMBIGUOUS,52,1,41,11,1,0,0,20,3,0,0,"EUGENE FIDELL, CNN MILITARY LEGAL ANALYST",CNN,no,"EUGENE FIDELL, MILITARY LAW ATTORNEY",label:CNN-46304;CNN-83923;CNN-83926,"EUGENE FIDELL, CNN MILITARY LEGAL ANALYST",label:CNN-211453,3,3,2120,0.13,32,2007-02-06,2012-11-26,CNN-1001;CNN-101639;CNN-103576;CNN-103579;CNN-103598;CNN-108084;CNN-112539;CNN-114321;CNN-114322;CNN-117593;CNN-120168;CNN-122742;CNN-122837;CNN-128728;CNN-144759;CNN-146267;CNN-146667;CNN-211453;CNN-211989;CNN-213214;CNN-223083;CNN-232316;CNN-233033;CNN-234714;CNN-234722
Zeke Emanuel,0,has-page,AMBIGUOUS,24,6,9,15,6,0,0,20,12,0,0,"DR. ZEKE EMANUEL, CNN CONTRIBUTOR",CNN,no,"DR. ZEKE EMANUEL, FORMER WHITE HOUSE HEALTH POLICY ADVISER UNDER PRESIDENT OBAMA",label:CNN-394009;CNN-394391;CNN-394803,"DR. ZEKE EMANUEL, CNN CONTRIBUTOR",label:CNN-323413;CNN-323565;CNN-323792,3,3,1157,0.07,11,2016-05-31,2019-08-01,CNN-323413;CNN-323565;CNN-323792;CNN-323999;CNN-326079;CNN-334068;CNN-339813;CNN-339930;CNN-353847;CNN-357154;CNN-365882;CNN-393676;CNN-394009;CNN-394060;CNN-394063;CNN-394114;CNN-394265;CNN-394391;CNN-394803;CNN-395239;CNN-395262;CNN-395289;CNN-395511;CNN-402983;CNN-402984
Mary Robinson,0,has-page,AMBIGUOUS,38,2,25,13,2,0,0,20,6,0,0,"MARY ROBINSON, CNN HERO",CNN,no,"Ms. MARY ROBINSON (Former President, Ireland)",label:NPR-4276,"MARY ROBINSON, CNN HERO",label:CNN-364589;CNN-364615;CNN-364624,3,3,2499,0.14,22,2010-06-08,2017-04-11,CNN-11830;CNN-31849;CNN-364481;CNN-364589;CNN-364615;CNN-364624;CNN-364715;CNN-370471;CNN-370506;CNN-370546;CNN-377901;CNN-38661;CNN-386879;CNN-38701;CNN-38728;CNN-387430;CNN-39047;CNN-403830;CNN-403984;CNN-43712;CNN-4392;CNN-44061;CNN-44083;CNN-47451;CNN-5605
John Harwood,0,has-page,AMBIGUOUS,46,14,36,10,11,2,1,20,17,0,0,"JOHN HARWOOD, CNN WHITE HOUSE CORRESPONDENT",CORRESPONDENT,no,"JOHN HARWOOD, ""THE WALL STREET JOURNAL""",label:CNN-28149;CNN-86198;CNN-86618,"JOHN HARWOOD, CNN WHITE HOUSE CORRESPONDENT",label:CNN-390957;CNN-391002;CNN-391026,3,3,4298,0.09,17,2005-10-13,2017-07-20,CNN-126554;CNN-127561;CNN-174979;CNN-175543;CNN-175618;CNN-175633;CNN-175670;CNN-175676;CNN-178799;CNN-20625;CNN-267848;CNN-267864;CNN-267867;CNN-267868;CNN-268177;CNN-268207;CNN-28149;CNN-401803;CNN-63355;CNN-64523;CNN-82364;CNN-83264;CNN-86198;CNN-86419;CNN-86618
Robert Jeffress,0,has-page,AMBIGUOUS,36,1,8,28,1,0,0,20,3,0,0,"DR. ROBERT JEFFRESS, RADIO/TV HOST",HOST,no,"ROBERT JEFFRESS, AUTHOR, ""WHEN FORGIVENESS DOESN'T MAKE SENSE""",label:CNN-60241,"Shortly after introducing Governor Perry to the crowd of social conservatives, Texas Pastor Robert Jeffress talked to reporters saying Republicans should not take Mitt Romney as their nominee because he is Mormon, a religion the pastor described as a cult.","utterance[T.J. HOLMES, CNN ANCHOR]:CNN-173735",3,3,840,0.09,15,2016-10-16,2019-02-03,CNN-100812;CNN-159323;CNN-166470;CNN-173646;CNN-173647;CNN-173692;CNN-173694;CNN-173698;CNN-173703;CNN-173708;CNN-173722;CNN-173726;CNN-173728;CNN-173732;CNN-173735;CNN-173752;CNN-173775;CNN-173782;CNN-173783;CNN-173788;CNN-173796;CNN-173801;CNN-173826;CNN-173828;CNN-174198
Mike Thompson,0,has-page,AMBIGUOUS,31,1,22,9,1,0,0,20,3,0,0,"MIKE THOMPSON, BYLINE",BYLINE,no,"Mr. MIKE THOMPSON (Managing Director, Standard and Poor's)",label:NPR-37619,"MIKE THOMPSON, BYLINE",label:NPR-12435,3,3,385,0.15,17,2010-10-13,2011-11-02,CNN-118572;CNN-120885;CNN-120927;CNN-174469;CNN-175105;CNN-175187;CNN-198737;CNN-199403;CNN-207161;CNN-208999;CNN-224312;CNN-273045;CNN-332954;CNN-332971;CNN-334715;CNN-334728;CNN-334751;CNN-61029;CNN-61050;CNN-61053;CNN-61058;CNN-78670;NPR-37619;NPR-3985;NPR-6781
Shawn Johnson,0,has-page,AMBIGUOUS,13,5,4,9,1,4,0,20,11,0,0,"SHAWN JOHNSON, BYLINE",BYLINE,no,"Ron Elving, senior Washington editor, NPR Shawn Johnson, state capitol reporter, Wisconsin Public Radio Bob Vander Plaats, CEO, The Family Leader",summary:NPR-1535,"SHAWN JOHNSON, BYLINE",label:NPR-2508;NPR-6409;NPR-10919,3,3,364,0.43,7,2011-04-06,2012-04-04,CNN-129662;CNN-129673;CNN-193652;CNN-196559;CNN-197824;CNN-198241;CNN-259759;CNN-290607;NPR-11577;NPR-1535;NPR-33433;NPR-41533;NPR-42577;NPR-46873
Kara Swisher,0,has-page,AMBIGUOUS,35,2,23,12,2,0,0,20,6,0,0,"KARA SWISHER, BYLINE",BYLINE,no,"KARA SWISHER, CO-FOUNDER, RECODE",label:CNN-304234;CNN-313454;CNN-318593,"KARA SWISHER, BYLINE",label:NPR-1790,3,3,444,0.22,14,2017-06-21,2018-09-08,CNN-189620;CNN-300635;CNN-304234;CNN-304356;CNN-313424;CNN-313454;CNN-316443;CNN-318593;CNN-318600;CNN-345490;CNN-345498;CNN-345516;CNN-345522;CNN-353391;CNN-354186;CNN-357550;CNN-364066;CNN-365636;CNN-397104;CNN-58450;CNN-839;NPR-14768;NPR-25947;NPR-29568;NPR-4334
Jerry Capeci,0,has-page,AMBIGUOUS,11,1,5,6,1,0,0,20,3,0,0,"Mr. JERRY CAPECI (Reporter, New York Sun and Ganglandnews.com)",REPORTER,no,"Mr. JERRY CAPECI (Reporter, New York Sun and Ganglandnews.com)",label:NPR-14236,Mafia expert Jerry Capeci talks with Madeleine Brand about why the jury might be unable to reach a decision.,summary:NPR-47463,3,3,667,0.43,4,2005-08-10,2007-06-08,CNN-28732;CNN-55388;CNN-55694;CNN-55977;NPR-4281;NPR-47463;NPR-6368
Kim Masters,0,has-page,AMBIGUOUS,29,25,26,3,21,1,3,18,17,0,0,KIM MASTERS reporting,BYLINE,review,"KIM MASTERS, EDITOR-AT-LARGE, THE HOLLYWOOD REPORTER",label:CNN-249684;CNN-323465;CNN-323671,"KIM MASTERS, BYLINE",label:NPR-27974;NPR-47286,32,32,4826,0.92,9,2006-01-26,2019-04-14,CNN-12267;CNN-27472;CNN-54326;CNN-96856;NPR-10951;NPR-16067;NPR-18785;NPR-19040;NPR-19412;NPR-22845;NPR-24513;NPR-25372;NPR-278;NPR-29930;NPR-30314;NPR-31194;NPR-32749;NPR-33874;NPR-34117;NPR-34208;NPR-34685;NPR-34722;NPR-35618;NPR-35676;NPR-35678
Mark Jordan Legan,0,has-page,AMBIGUOUS,45,3,42,3,1,2,0,18,7,0,0,MARK JORDAN LEGAN reporting,REPORTING,review,Mr. MARK JORDAN LEGAN (Slate),label:NPR-1778;NPR-7334;NPR-45903,Mark Jordan Legan spoke to real-life movie-goers about their favorites to take home the statuettes.,summary:NPR-8653,31,31,1154,1.0,1,2006-01-20,2009-03-19,NPR-10076;NPR-103;NPR-10469;NPR-1227;NPR-13262;NPR-13399;NPR-13589;NPR-13713;NPR-14;NPR-14175;NPR-14299;NPR-14788;NPR-14909;NPR-14980;NPR-15146;NPR-15394;NPR-1593;NPR-16041;NPR-16834;NPR-17217;NPR-1778;NPR-1902;NPR-215;NPR-3389;NPR-351
Andrei Codrescu,0,has-page,AMBIGUOUS,22,65,19,3,5,2,58,18,20,0,0,"ANDREI CODRESCU, BYLINE",BYLINE,review,"Mr. ANDREI CODRESCU (Author, ""Whatever Gets You Through The Night"")",label:NPR-32733,"ANDREI CODRESCU, BYLINE",label:NPR-15554;NPR-19799;NPR-27834,15,15,2276,1.0,1,2005-05-26,2011-08-19,NPR-27022;NPR-32513;NPR-32733;NPR-33657;NPR-33919;NPR-34150;NPR-34329;NPR-34494;NPR-34576;NPR-35153;NPR-35842;NPR-36075;NPR-36343;NPR-36933;NPR-41374;NPR-41452;NPR-41559;NPR-41823;NPR-42405;NPR-42651;NPR-42753;NPR-42768;NPR-42807;NPR-42991;NPR-43121
Ramesh Ponnuru,0,has-page,AMBIGUOUS,72,1,69,3,1,0,0,18,3,0,0,"RAMESH PONNURU, BYLINE",BYLINE,no,"RAMESH PONNURU, ""NATIONAL REVIEW""",label:CNN-1843;CNN-19052;CNN-19555,"RAMESH PONNURU, BYLINE",label:NPR-24838;NPR-25856,14,14,3318,0.24,27,2010-08-20,2019-09-20,CNN-111469;CNN-111474;CNN-111484;CNN-111485;CNN-113521;CNN-123644;CNN-124767;CNN-124990;CNN-125819;CNN-128434;CNN-129413;CNN-131156;CNN-131541;CNN-131624;CNN-157908;CNN-159750;CNN-16617;CNN-166814;CNN-172570;CNN-177192;CNN-177738;CNN-182344;CNN-182952;CNN-1843;CNN-186413
Jane Mayer,0,has-page,AMBIGUOUS,48,2,45,3,2,0,0,18,6,0,0,"JANE MAYER, ""NEW YORKER"" MAGAZINE STAFF REPORTER",REPORTER,no,"JANE MAYER, ""THE NEW YORKER""",label:CNN-334522;CNN-363677,"Earlier, the writer Jane Mayer spoke with our Anderson Cooper.",utterance[WATT]:CNN-363668,8,8,4772,0.5,10,2006-06-29,2019-07-23,CNN-128648;CNN-305656;CNN-324601;CNN-334522;CNN-33478;CNN-350764;CNN-363668;CNN-363677;NPR-10604;NPR-1979;NPR-2653;NPR-29070;NPR-4592;NPR-47832;NPR-48829;NPR-9621
David French,0,has-page,AMBIGUOUS,42,1,39,3,1,0,0,18,3,0,0,"DAVID FRENCH, CNN ANCHOR",ANCHOR,no,"DAVID FRENCH, WRITER, NATIONAL REVIEW",label:CNN-285592;CNN-286066;CNN-304252,"DAVID FRENCH, CNN ANCHOR",label:CNN-674;CNN-1357;CNN-3461,6,6,597,0.28,15,2017-01-29,2018-09-18,CNN-214510;CNN-257915;CNN-259247;CNN-285592;CNN-286066;CNN-286328;CNN-296869;CNN-297991;CNN-304239;CNN-304252;CNN-305916;CNN-319157;CNN-319158;CNN-332917;CNN-339221;CNN-343709;CNN-347444;CNN-349502;CNN-364651;CNN-387944;CNN-8960;NPR-11343;NPR-13677;NPR-14769;NPR-25071
Josh Rogers,0,has-page,AMBIGUOUS,8,4,5,3,1,3,0,18,9,0,0,"JOSH ROGERS, BYLINE",BYLINE,review,"Ken Rudin, Political Junkie columnist, NPR Josh Rogers, reporter, NHPR Linda Fowler, professor, Dartmouth College Rep.",summary:NPR-472,"JOSH ROGERS, BYLINE",label:NPR-12587,6,6,2444,0.82,6,2008-08-08,2015-04-18,CNN-88486;CNN-88509;NPR-24324;NPR-24612;NPR-39283;NPR-472;NPR-47492;NPR-47864;NPR-48302;NPR-49038;NPR-708
Hanna Rosin,0,has-page,AMBIGUOUS,21,4,18,3,4,0,0,18,12,0,0,"HANNA ROSIN, BYLINE",BYLINE,no,"HANNA ROSIN, CO-FOUNDER, SLATE DOUBLEX",label:CNN-211100,"HANNA ROSIN, BYLINE",label:NPR-11093;NPR-12553;NPR-23585,5,5,2392,0.83,5,2009-02-13,2015-09-02,CNN-211100;NPR-1393;NPR-24083;NPR-4162;NPR-46170;NPR-8733
Mark Mazzetti,0,has-page,AMBIGUOUS,68,5,65,3,4,0,1,18,13,0,0,"MARK MAZZETTI, CNN NATIONAL SECURITY ANALYST",REPORTER,review,"MARK MAZZETTI, WASHINGTON INVESTIGATIVE CORRESPONDENT, THE NEW YORK TIMES",label:CNN-355888;CNN-356565;CNN-365234,"MARK MAZZETTI, CNN NATIONAL SECURITY ANALYST",label:CNN-345077;CNN-346185;CNN-346222,4,4,1650,0.06,16,2013-06-24,2017-12-30,CNN-100182;CNN-100323;CNN-204753;CNN-204944;CNN-204986;CNN-207732;CNN-239835;CNN-300006;CNN-301515;CNN-325164;CNN-329477;CNN-329490;CNN-329511;CNN-329530;CNN-331788;CNN-334056;CNN-345077;CNN-345751;CNN-346085;CNN-346185;CNN-346222;CNN-351793;CNN-351863;CNN-352776;CNN-353682
Will Shortz,0,has-page,AMBIGUOUS,11,1,8,3,1,0,0,18,3,0,0,"WILL SHORTZ, BYLINE",BYLINE,no,"WILL SHORTZ, ""NEW YORK TIMES""",label:CNN-102307,"WILL SHORTZ, BYLINE",label:NPR-24531,4,4,1182,0.71,4,2005-11-21,2009-02-15,CNN-102307;CNN-107236;NPR-12148;NPR-15503;NPR-16372;NPR-17313;NPR-18009
Buzz Bissinger,0,has-page,AMBIGUOUS,46,2,43,3,1,0,1,18,4,0,0,"BUZZ BISSINGER, COMMENTATOR, ""NEWSWEEK""",COMMENTATOR,no,"BUZZ BISSINGER, AUTHOR",label:CNN-176055;CNN-177809;CNN-182775,"Let's bring back our sports columnist, Buzz Bissinger, at the ""Daily Beast."" Welcome.",utterance[COSTELLO]:CNN-182779,3,3,566,0.12,10,2010-12-28,2012-07-16,CNN-146705;CNN-146743;CNN-148227;CNN-152962;CNN-160313;CNN-175898;CNN-175927;CNN-175934;CNN-176055;CNN-176149;CNN-177259;CNN-177809;CNN-182775;CNN-182779;CNN-185527;CNN-185560;CNN-187752;CNN-187937;CNN-199555;CNN-256829;CNN-92003;NPR-10494;NPR-1392;NPR-3209
David Corn,0,has-page,AMBIGUOUS,43,4,40,3,4,0,0,18,12,0,0,"DAVID CORN, GUEST HOST",HOST,no,"DAVID CORN, ""THE NATION""",label:CNN-12565;CNN-15879;CNN-23933,"DAVID CORN, GUEST HOST",label:CNN-9672;CNN-13444;CNN-15698,3,3,4486,0.15,16,2006-04-07,2018-07-19,CNN-10679;CNN-12565;CNN-128346;CNN-128358;CNN-142674;CNN-147713;CNN-148416;CNN-151756;CNN-155526;CNN-15879;CNN-18475;CNN-23933;CNN-281453;CNN-335084;CNN-335255;CNN-335388;CNN-7092;CNN-78401;CNN-78751;CNN-78853;CNN-83531;CNN-83568;CNN-85271;NPR-32027;NPR-45294
Shane Harris,0,has-page,AMBIGUOUS,61,1,58,3,1,0,0,18,3,0,0,"SHANE HARRIS, CNN NATIONAL SECURITY ANALYST",CORRESPONDENT,no,"SHANE HARRIS, WALL STREET JOURNAL",label:CNN-315560;CNN-316769;CNN-316783,"SHANE HARRIS, CNN NATIONAL SECURITY ANALYST",label:CNN-382230;CNN-385042;CNN-386280,3,3,1326,0.12,9,2014-08-31,2018-04-18,CNN-208512;CNN-315560;CNN-315590;CNN-315657;CNN-316769;CNN-316783;CNN-354874;CNN-354954;CNN-381507;CNN-381545;CNN-381548;CNN-381551;CNN-382230;CNN-383592;CNN-385042;CNN-386280;CNN-386282;CNN-387120;CNN-388360;CNN-393435;CNN-393437;CNN-395713;CNN-395744;NPR-15104;NPR-26337
James Poniewozik,0,has-page,AMBIGUOUS,33,6,30,3,0,1,5,18,6,0,0,"JAMES PONIEWOZIK, ""TIME"" CORRESPONDENT",CORRESPONDENT,review,"JAMES PONIEWOZIK, ""TIME"" MAGAZINE",label:CNN-3030;CNN-3495;CNN-11762,"JAMES PONIEWOZIK, ""TIME"" CORRESPONDENT",label:CNN-10309,3,3,5221,0.2,16,2005-05-24,2019-09-09,CNN-11762;CNN-12145;CNN-12367;CNN-142872;CNN-14632;CNN-170904;CNN-18677;CNN-209269;CNN-223707;CNN-24593;CNN-29376;CNN-3030;CNN-3041;CNN-33152;CNN-3495;CNN-378173;CNN-379834;CNN-51462;CNN-78935;CNN-82003;NPR-24771;NPR-30249;NPR-44245;NPR-46165;NPR-5576
John Myers,0,has-page,AMBIGUOUS,8,5,5,3,1,4,0,18,11,0,0,JOHN MYERS reporting,BYLINE,review,"JOHN MYERS, DIRECTOR, KENTUCKY BAR ASSOCIATION",label:CNN-223320;CNN-223695,"JOHN MYERS, BYLINE",label:NPR-28624,3,3,1012,0.64,9,2008-03-27,2011-01-03,CNN-223320;CNN-223695;CNN-358718;CNN-389522;CNN-55830;NPR-13490;NPR-14979;NPR-15107;NPR-17199;NPR-29738;NPR-30774;NPR-31146;NPR-34076;NPR-6082
Emily Bazelon,0,has-page,AMBIGUOUS,59,3,57,2,1,1,1,16,6,0,0,EMILY BAZELON reporting,REPORTING,review,EMILY BAZELON (Slate),label:NPR-15403;NPR-15709;NPR-16507,Slate legal analyst Emily Bazelon talks with Alex Chadwick about a new U.S.,summary:NPR-17463,15,15,4476,0.61,11,2005-05-03,2017-08-04,CNN-102475;CNN-156538;CNN-156540;CNN-156592;CNN-156644;CNN-203871;CNN-223177;CNN-230926;CNN-366902;CNN-373039;CNN-376504;CNN-383278;CNN-411992;NPR-14082;NPR-14628;NPR-15403;NPR-15531;NPR-15709;NPR-16406;NPR-16507;NPR-16752;NPR-16809;NPR-17046;NPR-17099;NPR-17114
Kenneth Turan,0,has-page,AMBIGUOUS,45,31,43,2,2,10,19,16,18,0,0,"KENNETH TURAN, BYLINE",BYLINE,review,"KENNETH TURAN, FILM CRITIC, ""LOS ANGELES TIMES""",label:CNN-138272;CNN-138296,"KENNETH TURAN, BYLINE",label:NPR-570;NPR-1674;NPR-5100,14,14,2121,0.94,4,2006-01-27,2011-11-18,CNN-106048;CNN-138272;CNN-138296;CNN-51387;NPR-23704;NPR-24288;NPR-24518;NPR-24744;NPR-24950;NPR-26434;NPR-26547;NPR-26981;NPR-27312;NPR-27446;NPR-27551;NPR-28150;NPR-28179;NPR-28480;NPR-28536;NPR-28802;NPR-28900;NPR-29000;NPR-29056;NPR-29102;NPR-29176
Mark Anthony Neal,0,has-page,AMBIGUOUS,35,6,33,2,1,1,4,16,9,0,0,MARK ANTHONY NEAL reporting,REPORTING,review,Professor MARK ANTHONY NEAL (Duke University),label:NPR-4774,"MARK ANTHONY NEAL (NPR Contributor; Author, ""New Black Man"")",label:NPR-46812,9,9,2854,0.92,4,2005-06-16,2013-04-09,CNN-303253;NPR-3050;NPR-45468;NPR-46812;NPR-46951;NPR-47623;NPR-4774;NPR-48176;NPR-4923;NPR-5151;NPR-7700;NPR-9008
Bob Moon,0,has-page,AMBIGUOUS,32,3,30,2,2,1,0,16,8,1,0,BOB MOON reporting,REPORTING,no,"BOB MOON (""Marketplace"")",label:NPR-6387,Marketplace's Bob Moon talks to Alex Chadwick about a federal appeals court ruling that throws out current SUV emissions standards and orders a tougher plan.,summary:NPR-1779,5,5,995,1.0,1,2005-12-06,2008-08-27,NPR-10678;NPR-1154;NPR-1223;NPR-14253;NPR-14857;NPR-16502;NPR-16800;NPR-1779;NPR-35;NPR-47722;NPR-6387;NPR-7752;NPR-7772;NPR-93
Adam Gopnik,0,has-page,AMBIGUOUS,20,1,18,2,1,0,0,16,3,0,0,"ADAM GOPNIK, CNN CULTURAL CRITIC",CNN,no,"Mr. ADAM GOPNIK (Staff Writer, New Yorker)",label:NPR-46217,"ADAM GOPNIK, CNN CULTURAL CRITIC",label:CNN-190082,4,4,870,0.57,6,2009-12-03,2012-04-21,CNN-190082;CNN-278857;CNN-53509;NPR-13639;NPR-31786;NPR-46217;NPR-720
Paul Collins,0,has-page,AMBIGUOUS,10,1,8,2,1,0,0,16,3,0,0,"PAUL COLLINS, CNN LEGAL ANALYST (via telephone)",CNN,no,Mr. PAUL COLLINS (Literary Historian),label:NPR-19300,"PAUL COLLINS, CNN LEGAL ANALYST (via telephone)",label:CNN-326244,3,3,1841,0.5,3,2005-12-24,2011-01-08,CNN-123182;CNN-326244;CNN-349167;NPR-18590;NPR-19300;NPR-49108
Robin Washington,0,has-page,AMBIGUOUS,21,24,20,1,0,2,22,14,8,0,0,ROBIN WASHINGTON reporting,REPORTING,review,"Mr. ROBIN WASHINGTON (Columnist, Chicago Tribune)",label:NPR-3964,ROBIN WASHINGTON reporting,label:NPR-4460;NPR-45243,15,15,407,0.94,2,2005-12-26,2007-02-06,CNN-52372;NPR-2392;NPR-2463;NPR-2550;NPR-3410;NPR-3964;NPR-4460;NPR-44773;NPR-4483;NPR-44954;NPR-44969;NPR-45158;NPR-45243;NPR-46221;NPR-4711;NPR-6263
Thomas Erdbrink,0,has-page,AMBIGUOUS,72,1,71,1,1,0,0,14,3,0,0,"Mr. THOMAS ERDBRINK (Correspondent, The Washington Post)",CORRESPONDENT,review,"THOMAS ERDBRINK, ""THE NEW YORK TIMES""",label:CNN-219484;CNN-253743;CNN-347013,Thomas Erdbrink spoke to us from Tehran.,"utterance[DAVID GREENE, HOST]:NPR-3876",13,13,2140,0.39,11,2012-10-03,2018-08-13,CNN-219484;CNN-253671;CNN-253743;CNN-254453;CNN-264974;CNN-266457;CNN-274008;CNN-274068;CNN-278310;CNN-304517;CNN-304537;CNN-304539;CNN-305003;CNN-312722;CNN-312725;CNN-329696;CNN-329975;CNN-339508;CNN-340665;CNN-346446;CNN-346997;CNN-347013;CNN-347060;NPR-13938;NPR-17524
Jeffrey Gettleman,0,has-page,AMBIGUOUS,57,1,56,1,1,0,0,14,3,0,0,"JEFFREY GETTLEMAN, ""NEW YORK TIMES"" CORRESPONDENT",BYLINE,no,"JEFFREY GETTLEMAN, ""NEW YORK TIMES"" CORRESPONDENT",label:CNN-84106;CNN-87176,"JEFFREY GETTLEMAN, BYLINE",label:NPR-16212,10,10,3163,0.46,8,2010-08-25,2019-04-23,CNN-211944;CNN-28625;CNN-308886;CNN-315409;CNN-323655;CNN-324257;CNN-324941;CNN-325919;CNN-325935;CNN-327038;CNN-368210;CNN-399188;CNN-84174;NPR-10793;NPR-1092;NPR-11220;NPR-1241;NPR-12846;NPR-14083;NPR-15032;NPR-27419;NPR-31064;NPR-32224;NPR-364
Wesley Lowery,0,has-page,AMBIGUOUS,42,29,41,1,29,0,0,14,12,0,0,"WESLEY LOWERY, CNN CONTRIBUTOR",REPORTER,no,"WESLEY LOWERY, NATIONAL REPORTER, THE WASHINGTON POST",label:CNN-319249;CNN-348592;CNN-353006,"WESLEY LOWERY, CNN CONTRIBUTOR",label:CNN-306930;CNN-307353;CNN-310150,4,4,1043,0.06,11,2014-08-14,2017-06-22,CNN-184230;CNN-236669;CNN-302719;CNN-306930;CNN-307353;CNN-307394;CNN-310150;CNN-311472;CNN-315164;CNN-318051;CNN-319249;CNN-319448;CNN-321437;CNN-321998;CNN-322065;CNN-322066;CNN-322151;CNN-322155;CNN-322212;CNN-322238;CNN-323674;CNN-328102;CNN-330369;CNN-332901;CNN-336452
John Dimsdale,0,has-page,AMBIGUOUS,24,3,23,1,2,1,0,14,8,1,0,JOHN DIMSDALE reporting,REPORTING,no,"JOHN DIMSDALE (""Marketplace"")",label:NPR-15967,Marketplace's John Dimsdale talks with Madeleine Brand.,summary:NPR-4386,4,4,1116,1.0,1,2005-08-22,2008-09-11,NPR-10462;NPR-10682;NPR-13702;NPR-15245;NPR-15675;NPR-15967;NPR-16;NPR-1741;NPR-4386;NPR-44415;NPR-45525;NPR-467;NPR-47245
Charles Lane,0,has-page,AMBIGUOUS,13,5,12,1,1,1,3,14,8,0,0,"CHARLES LANE, BYLINE",BYLINE,review,"CHARLES LANE, WASHINGTON POST",label:CNN-102415,"CHARLES LANE, BYLINE",label:NPR-12299;NPR-15777;NPR-17344,4,4,1899,0.67,4,2006-12-18,2012-02-29,CNN-102415;CNN-83321;NPR-12793;NPR-46486;NPR-485;NPR-8393
Graham Usher,0,has-page,AMBIGUOUS,7,5,2,5,0,1,4,14,6,0,0,Mr. GRAHAM USHER (Reporter),REPORTER,no,"According to Islamabad-based reporter Graham Usher, this could spell bad news for President Pervez Musharraf and also complicate things for the U.S.",summary:NPR-40662,Mr. GRAHAM USHER (Reporter),label:NPR-40662,4,4,610,1.0,2,2006-03-04,2007-11-04,NPR-17485;NPR-41119;NPR-41300;NPR-42748
Andrew Ross Sorkin,0,has-page,AMBIGUOUS,42,3,41,1,2,0,1,14,7,0,0,"ANDREW ROSS SORKIN, CNN CORRESPONDENT",REPORTER,review,"ANDREW ROSS SORKIN, ""THE NEW YORK TIMES""",label:CNN-111989;CNN-111991;CNN-111996,"ANDREW ROSS SORKIN, CNN CORRESPONDENT",label:CNN-114939;CNN-114940;CNN-115950,3,3,2331,0.21,9,2012-05-29,2018-10-16,CNN-111989;CNN-111991;CNN-111996;CNN-115951;CNN-144351;CNN-144369;CNN-145944;CNN-166429;CNN-209797;CNN-345696;CNN-349598;CNN-350199;CNN-359116;CNN-360639;CNN-379793;NPR-29984;NPR-3079;NPR-31569;NPR-33994
Diane Roberts,0,has-page,AMBIGUOUS,11,3,11,0,1,1,1,12,6,0,0,"DIANE ROBERTS, BYLINE",BYLINE,no,"Professor DIANE ROBERTS (Essayist, St. Petersburg Times; Literature and Creative Writing, Florida State University)",label:NPR-15186,"DIANE ROBERTS, BYLINE",label:NPR-23705,11,11,1876,1.0,1,2005-11-20,2011-01-09,NPR-13630;NPR-15186;NPR-15808;NPR-16146;NPR-16730;NPR-17309;NPR-17505;NPR-17732;NPR-17815;NPR-17922;NPR-18010;NPR-18166;NPR-18224;NPR-19163;NPR-48877
Steve Fainaru,0,has-page,AMBIGUOUS,24,1,24,0,1,0,0,12,3,0,1,"Mr. STEVE FAINARU (Correspondent, The Washington Post)",CORRESPONDENT,no,Mr. STEVE FAINARU (The Washington Post),label:NPR-43511;NPR-44119,Anthony Shadid and Steve Fainaru spoke with us from Kirkuk in northern Iraq.,"utterance[MELISSA BLOCK, host]:NPR-44119",5,5,4973,0.71,3,2005-06-10,2019-01-21,CNN-216087;CNN-222131;NPR-1024;NPR-26259;NPR-26948;NPR-43511;NPR-44119
Ishaan Tharoor,0,has-page,AMBIGUOUS,15,1,15,0,1,0,0,12,3,0,0,"ISHAAN THAROOR, FOREIGN AFFAIRS REPORTER, ""WASHINGTON POST""",REPORTER,no,"ISHAAN THAROOR, FOREIGN AFFAIRS WRITER, WASHINGTON POST",label:CNN-331299,"From Switzerland, Washington Post foreign affairs writer Ishaan Tharoor talks to Rachel Martin about what entrepreneurs, politicians, artists and thinkers are talking about this year.",summary:NPR-46919,4,4,284,0.8,2,2017-04-14,2018-01-23,CNN-331299;NPR-14602;NPR-15077;NPR-15178;NPR-46919
John Dankosky,0,has-page,AMBIGUOUS,6,7,6,0,4,2,1,12,17,1,0,"JOHN DANKOSKY, HOST",HOST,no,"Mr. JOHN DANKOSKY (News Director, WNPR)",label:NPR-3002,"JOHN DANKOSKY, HOST",label:NPR-979;NPR-980;NPR-984,3,3,1594,1.0,3,2006-09-08,2011-01-19,NPR-3002;NPR-42026;NPR-44808;NPR-47714
Arun Venugopal,0,has-page,AMBIGUOUS,4,4,4,0,2,0,2,12,8,0,0,"ARUN VENUGOPAL, BYLINE",BYLINE,no,"In the barbershop, contributors comment on the news making the rounds this week: Ron Christie, Arun Venugopal and Jolene Ivey, former representative of the Maryland House of Delegates, join the panel.",summary:NPR-20742,"ARUN VENUGOPAL, BYLINE",label:NPR-6111;NPR-11602;NPR-16875,3,3,2231,1.0,2,2010-05-03,2016-06-11,NPR-1213;NPR-21768;NPR-44972
Karen Brown,0,has-page,AMBIGUOUS,5,3,2,3,0,3,0,12,6,1,0,KAREN BROWN reporting,REPORTER,no,"KAREN BROWN (Reporter, WFCR)",label:NPR-5311,KAREN BROWN reporting,label:NPR-19123;NPR-42655,3,3,788,0.5,8,2006-12-09,2009-02-04,CNN-53574;CNN-53593;CNN-53658;CNN-57623;CNN-57685;NPR-18362;NPR-19123;NPR-41575;NPR-42655;NPR-8991
Roger Bennett,0,has-page,AMBIGUOUS,4,1,1,3,1,0,0,9,3,0,0,"ROGER BENNETT, BYLINE",BYLINE,no,"All right, that's Roger Bennett, one of the ""Men In Blazers"" and co-author of ""Encyclopedia Blazertannica.""","utterance[MICHEL MARTIN, HOST]:NPR-5256","ROGER BENNETT, BYLINE",label:NPR-5256;NPR-11813,4,4,671,1.0,1,2016-09-03,2018-07-06,NPR-20926;NPR-45943;NPR-46049;NPR-46057
Frank Browning,0,has-page,AMBIGUOUS,3,3,3,0,0,3,0,9,6,0,0,FRANK BROWNING reporting,REPORTING,no,"Sally McMillen, professor of history, Davidson College Clayborne Carson, professor of history, Stanford University Frank Browning, author of A Queer Geography: Journeys Toward a Sexual Self",summary:NPR-9751,FRANK BROWNING reporting,label:NPR-14189,3,3,2154,1.0,3,2007-03-01,2013-01-22,NPR-14189;NPR-41165;NPR-45528;NPR-9751
Heather King,0,has-page,AMBIGUOUS,3,7,2,1,0,2,5,8,8,0,0,HEATHER KING reporting,REPORTING,review,"HEATHER KING, MUNOZ FAMILY ATTORNEY",label:CNN-223647;CNN-223657;CNN-223661,HEATHER KING reporting,label:NPR-42477,4,4,636,0.44,4,2005-07-13,2007-04-10,CNN-223647;CNN-223657;CNN-223661;CNN-223673;CNN-223774;NPR-41249;NPR-41586;NPR-42477;NPR-43993
Donny Osmond,0,has-page,AMBIGUOUS,4,0,0,4,0,0,0,8,0,0,0,"DONNY OSMOND, CO-HOST:  DONNY & MARIE",HOST,no,"DONNY OSMOND, SINGER",label:CNN-148515;CNN-148869;CNN-166481,,,3,3,1830,0.0,10,2006-05-16,2011-05-20,CNN-1;CNN-106023;CNN-106091;CNN-121361;CNN-121388;CNN-121412;CNN-148515;CNN-148869;CNN-149405;CNN-166481;CNN-166856;CNN-171457;CNN-177948;CNN-184597;CNN-188126;CNN-188275;CNN-29439;CNN-62885;CNN-9086;CNN-96122
Julie Zickefoose,0,has-page,AMBIGUOUS,3,14,1,2,0,1,13,7,6,0,0,Ms. JULIE ZICKEFOOSE reporting,REPORTING,review,Julie Zickefoose is an artist and writer.,"utterance[MELISSA BLOCK, host]:NPR-41676",Ms. JULIE ZICKEFOOSE reporting,label:NPR-42645,6,6,889,1.0,1,2006-02-13,2008-07-21,NPR-41676;NPR-41831;NPR-42550;NPR-42645;NPR-42845;NPR-42855;NPR-5739
Aaron Freeman,0,has-page,AMBIGUOUS,0,16,0,0,0,1,15,0,6,0,0,AARON FREEMAN reporting,REPORTING,review,,,AARON FREEMAN reporting,label:NPR-42896;NPR-43455,3,3,441,1.0,1,2005-08-23,2006-11-07,NPR-41684;NPR-41876;NPR-41892;NPR-42896;NPR-43034;NPR-43455;NPR-43789;NPR-44315
Eric Deggans,1,long-tail,KEEP-EXCLUDED,27,62,6,21,53,1,8,20,18,1,0,"ERIC DEGGANS, BYLINE",BYLINE,review,"Susan Chira, New York Times senior correspondent and editor on gender issues; NPR's TV critic, Eric Deggans, and NPR editor, Ammad Omar discuss the headlines of the week.",summary:NPR-17827,"ERIC DEGGANS, BYLINE",label:NPR-903;NPR-1182;NPR-1321,19,19,2770,0.44,11,2005-08-04,2013-03-05,CNN-105482;CNN-115194;CNN-118838;CNN-121980;CNN-124886;CNN-133038;CNN-139847;CNN-143128;CNN-156102;CNN-158319;CNN-176280;CNN-183303;CNN-183757;CNN-184236;CNN-196509;CNN-209798;CNN-210626;CNN-218402;CNN-221882;CNN-230099;CNN-245348;CNN-256021;CNN-264128;CNN-271756;CNN-271798
Curt Nickisch,1,long-tail,KEEP-EXCLUDED,4,18,4,0,9,9,0,12,20,0,0,"CURT NICKISCH, BYLINE",BYLINE,review,"We're going to stick with Curt Nickisch, a reporter at member station WBUR in Boston.","utterance[CELESTE HEADLEE, HOST]:NPR-8977","CURT NICKISCH, BYLINE",label:NPR-8977;NPR-23811;NPR-23889,4,4,702,1.0,5,2006-11-30,2008-11-01,NPR-15856;NPR-16364;NPR-17311;NPR-34723;NPR-34829;NPR-38414;NPR-40649;NPR-46574;NPR-48309;NPR-48323
Farajii Muhammad,1,long-tail,KEEP-EXCLUDED,5,5,2,3,5,0,0,12,12,0,0,"FARAJII MUHAMMAD, BYLINE",BYLINE,no,"To talk about the recent round of sexual harassment allegations, NPR's Michel Martin is joined by Steven Petrow, contributor to the Washington Post; Farajii Muhammad, host of For The Culture on member station WEAA in Baltimore; and Jack Marshall president of ProEthics, an ethical training and consulting firm.",summary:NPR-14760,"FARAJII MUHAMMAD, BYLINE",label:NPR-14760;NPR-19967;NPR-22318,3,3,189,0.75,2,2016-08-20,2017-02-25,CNN-254106;NPR-19287;NPR-20048;NPR-21102
Nancy Solomon,1,long-tail,KEEP-EXCLUDED,5,18,1,4,10,5,3,11,23,0,0,NANCY SOLOMON reporting,BYLINE,review,Nancy Solomon reports about the many people who are hurt by the company's fall from grace.,"utterance[MICHELE NORRIS, host]:NPR-43157","NANCY SOLOMON, BYLINE",label:NPR-30490;NPR-30565;NPR-32252,9,9,782,1.0,5,2006-04-05,2008-05-26,NPR-1073;NPR-16995;NPR-17737;NPR-19515;NPR-35026;NPR-35738;NPR-36335;NPR-37040;NPR-37602;NPR-37804;NPR-38167;NPR-39007;NPR-39809;NPR-39901;NPR-40443;NPR-41152;NPR-41237;NPR-42126;NPR-42182;NPR-42791;NPR-43157;NPR-43261;NPR-44092
Tovia Smith,1,long-tail,KEEP-EXCLUDED,4,39,1,3,38,1,0,9,14,0,0,"TOVIA SMITH, BYLINE",BYLINE,no,"To see how educators are teaching ""grit,"" Tovia Smith visits a public school in Brooklyn that's trying to change attitudes about failure and frustration.",summary:NPR-27702,"TOVIA SMITH, BYLINE",label:NPR-1187;NPR-2680;NPR-2901,16,16,1826,1.0,4,2006-06-22,2011-06-22,NPR-13562;NPR-1639;NPR-17132;NPR-29325;NPR-29793;NPR-29928;NPR-30014;NPR-32873;NPR-33467;NPR-33862;NPR-34469;NPR-35472;NPR-35479;NPR-36613;NPR-37164;NPR-37316;NPR-38789;NPR-39539;NPR-40320;NPR-41711;NPR-42240;NPR-42817;NPR-46091;NPR-7581;NPR-7668
Sheera Frenkel,1,long-tail,KEEP-EXCLUDED,5,22,0,5,2,11,9,8,18,0,0,"SHEERA FRENKEL, BYLINE",BYLINE,review,Audie Cornish talks to Sheera Frenkel.,summary:NPR-5258,"SHEERA FRENKEL, BYLINE",label:NPR-5258;NPR-12518;NPR-25364,11,11,713,1.0,4,2009-10-12,2011-09-25,NPR-13947;NPR-13979;NPR-14375;NPR-30877;NPR-31555;NPR-31560;NPR-31672;NPR-32417;NPR-33532;NPR-35179;NPR-35356;NPR-35999;NPR-48537
Teri Schultz,1,long-tail,KEEP-EXCLUDED,7,28,0,7,1,18,9,8,15,0,0,"TERI SCHULTZ, BYLINE",BYLINE,review,Scott Simon speaks with journalist Teri Schultz about the European Union's planned vote on Brexit.,summary:NPR-9962,"TERI SCHULTZ, BYLINE",label:NPR-1118;NPR-5017;NPR-6254,5,5,2545,1.0,2,2009-01-11,2015-12-31,NPR-23196;NPR-23543;NPR-29139;NPR-29804;NPR-30399;NPR-31649;NPR-31810;NPR-32095;NPR-32106;NPR-32689;NPR-32744;NPR-33833;NPR-36881;NPR-37848
Cheryl Corley,1,long-tail,KEEP-EXCLUDED,3,42,1,2,39,3,0,7,18,0,0,"CHERYL CORLEY, BYLINE",BYLINE,review,"Cheryl Corley reports on the mayor's plan for returnees, and how they're faring in a city still largely without potable water or electricity.",summary:NPR-15517,"CHERYL CORLEY, BYLINE",label:NPR-181;NPR-281;NPR-532,33,32,1843,1.0,6,2006-01-18,2011-02-04,NPR-13301;NPR-14981;NPR-15363;NPR-15517;NPR-15591;NPR-15615;NPR-16169;NPR-17326;NPR-17425;NPR-18980;NPR-29980;NPR-30231;NPR-30678;NPR-31221;NPR-31386;NPR-31513;NPR-31718;NPR-31882;NPR-32527;NPR-32836;NPR-33160;NPR-33746;NPR-33830;NPR-34112;NPR-34639
Cory Turner,1,long-tail,KEEP-EXCLUDED,3,26,1,2,20,0,6,7,16,0,0,"CORY TURNER, BYLINE",BYLINE,review,"I have to ask, Cory Turner, because, of course, there are divided opinions about college...","utterance[STEVE INSKEEP, HOST]:NPR-8757","CORY TURNER, BYLINE",label:NPR-8506;NPR-8757;NPR-8944,3,3,279,1.0,2,2006-09-15,2007-06-21,NPR-1533;NPR-3428;NPR-34820;NPR-35144;NPR-3916;NPR-737
Rob Schmitz,1,long-tail,KEEP-EXCLUDED,2,48,2,0,45,3,0,6,18,1,0,"ROB SCHMITZ, BYLINE",BYLINE,review,"ROB SCHMITZ, CHINA CORRESPONDENT, ""MARKETPLACE""",label:CNN-182944;CNN-182959,"ROB SCHMITZ, BYLINE",label:NPR-124;NPR-396;NPR-416,5,5,730,1.0,4,2006-04-26,2008-04-25,NPR-13296;NPR-13580;NPR-13872;NPR-15047;NPR-15512;NPR-3826;NPR-38925;NPR-39054;NPR-40212;NPR-40294;NPR-41783;NPR-42055;NPR-43856;NPR-44178;NPR-46268
Sarah Varney,1,long-tail,KEEP-EXCLUDED,2,8,2,0,2,5,1,6,15,1,0,SARAH VARNEY reporting,REPORTER,no,Ms. SARAH VARNEY (Reporter for KQED),label:NPR-434,"SARAH VARNEY, BYLINE",label:NPR-24741;NPR-25912;NPR-28081,3,3,184,1.0,3,2006-07-26,2007-01-26,NPR-13679;NPR-15852;NPR-38155;NPR-40734;NPR-46001;NPR-4649;NPR-48409
Molly Peterson,1,long-tail,KEEP-EXCLUDED,2,15,1,1,8,5,2,5,22,0,0,MOLLY PETERSON reporting,BYLINE,review,That Molly Peterson - environment correspondent for Southern California Public Radio.,"utterance[KELLY MCEVERS, HOST]:NPR-24815","MOLLY PETERSON, BYLINE",label:NPR-5336;NPR-48770,6,6,3106,1.0,2,2006-09-19,2015-03-22,NPR-14103;NPR-24815;NPR-3018;NPR-45719;NPR-47468;NPR-47635;NPR-47968;NPR-47970;NPR-47972;NPR-48048;NPR-48145;NPR-48346;NPR-48376;NPR-6614
Jerome Socolovsky,1,long-tail,KEEP-EXCLUDED,2,16,0,2,1,13,2,4,13,0,0,JEROME SOCOLOVSKY reporting,BYLINE,review,Renee Montagne talks to reporter Jerome Socolovsky.,summary:NPR-39071,"JEROME SOCOLOVSKY, BYLINE",label:NPR-45461,23,22,1387,1.0,5,2006-02-06,2009-11-24,NPR-14663;NPR-15190;NPR-15382;NPR-16607;NPR-16908;NPR-17057;NPR-17207;NPR-17965;NPR-18562;NPR-32286;NPR-32335;NPR-32441;NPR-33403;NPR-34713;NPR-35159;NPR-35257;NPR-35731;NPR-36163;NPR-36764;NPR-36922;NPR-36991;NPR-37109;NPR-37876;NPR-37983;NPR-38275
Joe Wertz,1,long-tail,KEEP-EXCLUDED,2,3,0,2,1,1,1,4,6,0,0,"JOE WERTZ, BYLINE",BYLINE,review,"To find out more, we called Joe Wertz.","utterance[MICHEL MARTIN, HOST]:NPR-20925","JOE WERTZ, BYLINE",label:NPR-16251;NPR-17572;NPR-19932,3,3,828,1.0,2,2014-05-29,2016-09-03,NPR-1611;NPR-20925;NPR-27225
Jeff Lunden,1,long-tail,KEEP-EXCLUDED,2,12,0,2,1,10,1,4,12,0,0,"JEFF LUNDEN, BYLINE",BYLINE,no,Jeff Lunden is with us at our New York bureau.,"utterance[AUDIE CORNISH, HOST]:NPR-17934","JEFF LUNDEN, BYLINE",label:NPR-8500;NPR-9626;NPR-12014,3,3,1223,1.0,1,2007-10-10,2011-02-14,NPR-30047;NPR-36208;NPR-36298
Gloria Hillard,1,long-tail,KEEP-EXCLUDED,1,31,1,0,13,15,3,3,23,0,0,"GLORIA HILLARD, CNN CORRESPONDENT (voice-over)",BYLINE,no,Reporter Gloria Hillard found a bunch of recent high school graduates at a popular shopping mall there.,"utterance[MADELEINE BRAND, Host]:NPR-13140","GLORIA HILLARD, CNN CORRESPONDENT (voice-over)",label:CNN-972;CNN-1029;CNN-1042,7,7,869,1.0,4,2007-01-21,2009-06-08,NPR-13140;NPR-13579;NPR-15670;NPR-16144;NPR-34063;NPR-36807;NPR-38123;NPR-41442;NPR-44585;NPR-5813;NPR-7059
Diantha Parker,1,long-tail,KEEP-EXCLUDED,1,8,0,1,4,4,0,2,20,0,0,DIANTHA PARKER reporting,REPORTING,no,Diantha Parker explains.,"utterance[ALEX COHEN, host]:NPR-9105",NPR's Diantha Parker sent this audio postcard.,"utterance[LIANE HANSEN, host]:NPR-7670",4,4,560,1.0,3,2007-08-10,2009-02-20,NPR-13300;NPR-3252;NPR-41817;NPR-47728;NPR-7670;NPR-8627;NPR-9105;NPR-9843
James Fredrick,1,long-tail,KEEP-EXCLUDED,1,24,0,1,1,3,20,2,13,0,0,"JAMES FREDRICK, BYLINE",BYLINE,no,"NPR's Lulu Garcia-Navarro speaks with journalist James Fredrick and ""John,"" who fled from Honduras to the United States with his daughter.",summary:NPR-8025,"JAMES FREDRICK, BYLINE",label:NPR-1666;NPR-1842;NPR-1936,4,4,431,1.0,3,2017-09-20,2018-11-25,NPR-1841;NPR-2058;NPR-49245;NPR-7460;NPR-8025
Kaomi Goetz,1,long-tail,KEEP-EXCLUDED,1,7,0,1,1,4,2,2,13,0,0,"KAOMI GOETZ, BYLINE",BYLINE,no,Kaomi Goetz explains.,"utterance[MELISSA BLOCK, host]:NPR-35360","KAOMI GOETZ, BYLINE",label:NPR-22326,4,4,468,1.0,2,2009-02-17,2010-05-31,NPR-34128;NPR-35360;NPR-37207;NPR-8396;NPR-8711
Alice Furlaud,1,long-tail,KEEP-EXCLUDED,1,10,0,1,0,3,7,2,10,0,0,Ms. ALICE FURLAUD (Reporter),REPORTER,no,Ms. ALICE FURLAUD (Writer),label:NPR-9645,Ms. ALICE FURLAUD (Reporter),label:NPR-39905,3,3,473,1.0,3,2007-09-09,2008-12-25,NPR-16466;NPR-41136;NPR-42567;NPR-9645
Brad Linder,1,long-tail,KEEP-EXCLUDED,1,4,0,1,0,4,0,2,8,0,0,BRAD LINDER reporting,REPORTING,no,Brad Linder explains.,"utterance[RENEE MONTAGNE, Host]:NPR-34937",BRAD LINDER reporting,label:NPR-40616,3,3,882,1.0,2,2006-07-09,2008-12-07,NPR-34562;NPR-34937;NPR-38119;NPR-40616;NPR-42167
Kristen Gillespie,1,long-tail,KEEP-EXCLUDED,1,10,0,1,2,7,1,2,15,0,0,KRISTEN GILLESPIE reporting,REPORTING,no,"KRISTEN GILLESPIE, JOURNALIST",label:CNN-99444;CNN-99462,"KRISTEN GILLESPIE, CNN PRODUCER",label:CNN-99445,3,3,188,0.7,5,2006-12-05,2007-06-11,CNN-99444;CNN-99445;CNN-99462;NPR-13398;NPR-14616;NPR-36457;NPR-37359;NPR-41450;NPR-42460;NPR-42917
Gregory Feifer,1,long-tail,KEEP-EXCLUDED,0,29,0,0,28,1,0,0,14,0,0,GREGORY FEIFER reporting,REPORTING,no,,,NPR's Gregory Feifer reports.,"utterance[MADELEINE BRAND, host]:NPR-5026",35,35,1148,1.0,6,2006-01-20,2009-03-13,NPR-16462;NPR-16471;NPR-17138;NPR-17558;NPR-18383;NPR-18754;NPR-19201;NPR-19207;NPR-33253;NPR-33308;NPR-33458;NPR-33545;NPR-33703;NPR-34307;NPR-34536;NPR-34561;NPR-34593;NPR-34595;NPR-36049;NPR-36576;NPR-36766;NPR-36914;NPR-37011;NPR-37384;NPR-37541
Nancy Mullane,1,long-tail,KEEP-EXCLUDED,0,13,0,0,0,8,5,0,12,0,0,NANCY MULLANE reporting,REPORTING,review,,,NANCY MULLANE reporting,label:NPR-4442,10,10,989,1.0,5,2006-02-19,2008-11-04,NPR-15925;NPR-1652;NPR-17563;NPR-19045;NPR-2309;NPR-2734;NPR-34114;NPR-3418;NPR-38161;NPR-41592;NPR-4442;NPR-45145;NPR-5360
Kathleen Schalch,1,long-tail,KEEP-EXCLUDED,0,18,0,0,17,1,0,0,14,0,0,KATHLEEN SCHALCH reporting,REPORTING,no,,,NPR's Kathleen Schalch reports.,"utterance[STEVE INSKEEP, host]:NPR-6069",7,7,807,1.0,3,2006-05-01,2008-07-16,NPR-18329;NPR-36450;NPR-37548;NPR-37690;NPR-38840;NPR-38848;NPR-39066;NPR-39090;NPR-39475;NPR-39646;NPR-39893;NPR-40165;NPR-40402;NPR-40556;NPR-40779;NPR-41656;NPR-42492;NPR-42575;NPR-43196;NPR-43296;NPR-43462;NPR-43550;NPR-44249;NPR-6069;NPR-7053
Patti Neighmond,1,long-tail,KEEP-EXCLUDED,0,16,0,0,16,0,0,0,12,0,0,"PATTI NEIGHMOND, BYLINE",BYLINE,no,,,"PATTI NEIGHMOND, BYLINE",label:NPR-5981;NPR-7210;NPR-14464,6,6,1273,1.0,2,2007-02-08,2010-08-04,NPR-31083;NPR-31204;NPR-32998;NPR-33008;NPR-33204;NPR-36027;NPR-36813;NPR-36951;NPR-39859
Shia Levitt,1,long-tail,KEEP-EXCLUDED,0,9,0,0,1,7,1,0,12,0,0,SHIA LEVITT reporting,BYLINE,review,,,"SHIA LEVITT, BYLINE",label:NPR-10088,6,6,385,1.0,3,2008-02-25,2009-03-16,NPR-14883;NPR-15021;NPR-17189;NPR-35595;NPR-38168;NPR-39490;NPR-40449;NPR-5453;NPR-8241;NPR-8637;NPR-8735
Eve Troeh,1,long-tail,KEEP-EXCLUDED,0,7,0,0,0,4,3,0,11,0,0,EVE TROEH reporting,REPORTING,no,,,EVE TROEH reporting,label:NPR-4558;NPR-13707;NPR-42485,4,4,723,1.0,4,2006-11-07,2008-10-30,NPR-13707;NPR-37544;NPR-38427;NPR-42485;NPR-43202;NPR-44994;NPR-4558;NPR-465
Jack Zahora,1,long-tail,KEEP-EXCLUDED,0,8,0,0,7,1,0,0,14,0,0,JACK ZAHORA reporting,REPORTING,no,,,NPR's Jack Zahora has this remembrance.,"utterance[MADELEINE BRAND, host]:NPR-3255",4,4,625,1.0,2,2007-01-22,2008-10-08,NPR-3255;NPR-34308;NPR-36674;NPR-37037;NPR-38171
Andrea Hsu,1,long-tail,KEEP-EXCLUDED,0,12,0,0,11,1,0,0,14,0,0,ANDREA HSU reporting,REPORTING,no,,,"As NPR's Andrea Hsu reports, some churches are fighting closure.","utterance[MICHELE NORRIS, host]:NPR-39169",3,3,635,1.0,2,2006-11-24,2008-08-20,NPR-34820;NPR-39169;NPR-41270;NPR-41353;NPR-41400;NPR-41458;NPR-41622;NPR-42806;NPR-45634
Elaine Korry,1,long-tail,KEEP-EXCLUDED,0,9,0,0,8,1,0,0,14,0,0,ELAINE KORRY reporting,REPORTING,no,,,NPR's Elaine Korry reports.,"utterance[RENEE MONTAGNE, host]:NPR-5562",3,3,181,1.0,3,2006-08-23,2007-02-20,NPR-14618;NPR-35732;NPR-36913;NPR-36958;NPR-38069;NPR-38102;NPR-39459;NPR-39719;NPR-41987;NPR-42263;NPR-43303;NPR-5562
Monica Ortiz Uribe,1,long-tail,KEEP-EXCLUDED,0,19,0,0,2,5,12,0,18,0,0,"MONICA ORTIZ URIBE, BYLINE",BYLINE,no,,,"MONICA ORTIZ URIBE, BYLINE",label:NPR-541;NPR-1048;NPR-1064,3,3,182,1.0,2,2010-03-15,2010-09-13,NPR-31481;NPR-34775;NPR-35862
Alex Cohen,0,has-page,KEEP-EXCLUDED,12,21,8,4,17,4,0,20,20,0,0,"ALEX COHEN, host",HOST,no,"Jeff Martin, Kaposi's sarcoma expert and professor at the University of California San Francisco School of Medicine, talks to Alex Cohen about what this means.",summary:NPR-2122,"ALEX COHEN, host",label:NPR-8;NPR-11;NPR-12,25,25,917,0.97,3,2006-09-08,2009-03-13,CNN-124216;NPR-10465;NPR-10673;NPR-10676;NPR-1507;NPR-15983;NPR-16;NPR-16184;NPR-17186;NPR-17482;NPR-3246;NPR-3694;NPR-4003;NPR-4120;NPR-44156;NPR-44575;NPR-44577;NPR-447;NPR-44768;NPR-46571;NPR-46844;NPR-46854;NPR-46959;NPR-47309;NPR-47460
Farai Chideya,0,has-page,KEEP-EXCLUDED,37,36,20,17,34,1,1,20,15,0,0,"FARAI CHIDEYA, host",HOST,no,"FARAI CHIDEYA, AUTHOR/JOURNALIST",label:CNN-13934;CNN-18137,"FARAI CHIDEYA, host",label:NPR-1;NPR-4;NPR-5,19,19,4184,0.64,20,2005-05-30,2016-11-12,CNN-112944;CNN-12859;CNN-12871;CNN-13137;CNN-13147;CNN-13244;CNN-13934;CNN-14104;CNN-15598;CNN-180784;CNN-180788;CNN-18137;CNN-181523;CNN-182244;CNN-19346;CNN-20823;CNN-24659;CNN-27813;CNN-294275;CNN-297205;CNN-297503;CNN-319227;CNN-376259;CNN-61211;CNN-86186
Christopher Johnson,0,has-page,KEEP-EXCLUDED,12,32,7,5,10,2,20,20,20,0,0,CHRISTOPHER JOHNSON reporting,REPORTING,review,"CHRISTOPHER JOHNSON, CENTER FOR STRATEGIC AND INTERNATIONAL STUDIES",label:CNN-187247,"Christopher Johnson talks with James Spooner, the creator of Afro Punk, which screens this week at CMJ's Music Marathon in New York.",summary:NPR-3432,10,10,2338,0.79,11,2006-09-19,2013-02-12,CNN-187247;CNN-195773;CNN-203407;CNN-227849;CNN-400223;CNN-400260;CNN-400267;NPR-1637;NPR-1651;NPR-1775;NPR-1812;NPR-1858;NPR-1890;NPR-18959;NPR-1953;NPR-2017;NPR-2094;NPR-21052;NPR-2158;NPR-2279;NPR-2316;NPR-2472;NPR-2554;NPR-2799;NPR-2859
Charlie Sykes,0,has-page,KEEP-EXCLUDED,20,14,6,14,14,0,0,20,12,0,0,"CHARLIE SYKES, CONSERVATIVE RADIO HOST",HOST,review,"CHARLIE SYKES, TALK SHOW HOW & AUTHOR",label:CNN-290354,"CHARLIE SYKES, RADIO HOST",label:CNN-279942;CNN-280052;CNN-280064,10,10,798,0.79,6,2016-07-30,2018-10-06,CNN-290354;CNN-324844;CNN-54701;NPR-11646;NPR-15674;NPR-16344;NPR-17896;NPR-18305;NPR-18682;NPR-19865;NPR-3611;NPR-4334;NPR-46554;NPR-47747
Charlamagne Tha God,0,has-page,KEEP-EXCLUDED,14,4,4,10,4,0,0,20,12,0,0,"CHARLAMAGNE THA GOD, RADIO HOST",HOST,no,"CHARLAMAGNE THA GOD, AUTHOR",label:CNN-401666,"CHARLAMAGNE THA GOD, RADIO HOST",label:CNN-339095;CNN-366304;CNN-366411,4,4,446,0.0,7,2019-08-01,2020-10-20,CNN-366304;CNN-376423;CNN-376424;CNN-400877;CNN-400956;CNN-401038;CNN-401047;CNN-401666;CNN-401777;CNN-413860
Michel Martin,0,has-page,KEEP-EXCLUDED,14,84,7,7,82,2,0,20,16,1,1,"MICHEL MARTIN, HOST",HOST,no,"MICHEL MARTIN, CORRESPONDENT, ABC NEWS",label:CNN-382271;CNN-383595,"MICHEL MARTIN, HOST",label:NPR-256;NPR-257;NPR-259,4,4,862,0.1,6,2006-03-28,2008-08-06,CNN-350068;CNN-350575;CNN-351005;CNN-351393;CNN-351992;CNN-352685;CNN-355715;CNN-356252;CNN-357465;CNN-357904;CNN-358340;CNN-359024;CNN-359204;CNN-361236;CNN-361933;CNN-362446;CNN-362740;CNN-363047;CNN-363610;CNN-364343;CNN-364866;CNN-366624;CNN-367522;CNN-368460;CNN-370414
Lisa Ling,0,has-page,KEEP-EXCLUDED,44,21,11,33,20,1,0,20,14,0,0,"LISA LING, CNN HOST, ""THIS IS LIFE""",HOST,no,"LISA LING, ""PLANET IN PERIL"" SPECIAL CORRESPONDENT",label:CNN-131750,"LISA LING, CNN HOST, ""THIS IS LIFE""",label:CNN-239772;CNN-239779;CNN-240216,3,3,931,0.0,11,2009-06-01,2011-12-19,CNN-121275;CNN-128076;CNN-138898;CNN-138930;CNN-138971;CNN-138973;CNN-139149;CNN-139150;CNN-139155;CNN-139157;CNN-139158;CNN-139167;CNN-139171;CNN-139179;CNN-139185;CNN-139488;CNN-139490;CNN-139519;CNN-139529;CNN-139542;CNN-140223;CNN-140230;CNN-141276;CNN-141283;CNN-141334
Xeni Jardin,0,has-page,KEEP-EXCLUDED,16,19,4,12,5,6,8,20,24,0,0,XENI JARDIN reporting,REPORTING,review,"XENI JARDIN, CO-FOUNDER, BOINGBOING.NET",label:CNN-112944,"As our tech contributor Xeni Jardin reports, there may be some problems with this mass cleanout.","utterance[MADELEINE BRAND, host]:NPR-3147",3,3,289,0.44,9,2006-10-31,2007-08-16,CNN-101931;CNN-102307;CNN-104578;CNN-109493;CNN-112944;CNN-160921;CNN-167127;CNN-167181;CNN-171114;CNN-171235;CNN-173622;CNN-95684;CNN-95912;CNN-95933;CNN-96035;CNN-96307;CNN-96552;CNN-98620;CNN-99003;NPR-13876;NPR-14074;NPR-14426;NPR-14531;NPR-14621;NPR-14814
Natalie Allen,0,has-page,KEEP-EXCLUDED,9,47,6,3,47,0,0,18,12,0,0,"NATALIE ALLEN, CNN ANCHOR",ANCHOR,no,"Hello, from CNN center, I'm Natalie Allen.","utterance[NATALIE ALLEN, CNN ANCHOR]:CNN-3606","NATALIE ALLEN, CNN ANCHOR",label:CNN-18;CNN-23;CNN-28,6,4,587,0.0,7,2015-12-27,2017-08-05,CNN-17307;CNN-183306;CNN-19029;CNN-258746;CNN-26825;CNN-272280;CNN-272281;CNN-276452;CNN-276453;CNN-276454;CNN-276455;CNN-276456;CNN-276457;CNN-278277;CNN-279855;CNN-287515;CNN-287517;CNN-287524;CNN-288486;CNN-289539;CNN-29400;CNN-29401;CNN-29480;CNN-29543;CNN-300929
John Otis,0,has-page,KEEP-EXCLUDED,7,28,4,3,4,9,15,18,24,0,0,"JOHN OTIS, BYLINE",BYLINE,no,Mr. JOHN OTIS (Houston Chronicle),label:NPR-39614,"JOHN OTIS, BYLINE",label:NPR-122;NPR-135;NPR-207,3,3,3996,1.0,2,2008-07-02,2019-06-11,NPR-10240;NPR-39614;NPR-47116
Aaron Brown,0,has-page,KEEP-EXCLUDED,13,42,3,10,39,3,0,17,18,0,0,"AARON BROWN, CNN ANCHOR",ANCHOR,no,"Mr. AARON BROWN (Senior, San Francisco State College)",label:NPR-38963,"AARON BROWN, CNN ANCHOR",label:CNN-36727;CNN-39213;CNN-39224,3,3,5674,0.18,8,2003-04-21,2018-11-02,CNN-140532;CNN-166803;CNN-42479;CNN-45734;CNN-45805;CNN-45931;CNN-45932;CNN-45996;CNN-46491;CNN-48212;CNN-60228;CNN-68694;CNN-69721;CNN-69822;NPR-1792;NPR-1819;NPR-38963
Peter Sagal,0,has-page,KEEP-EXCLUDED,6,10,4,2,9,0,1,16,13,1,0,"PETER SAGAL, BYLINE",BYLINE,no,"Peter Sagal, host of NPR's Wait, Wait, Don't Tell Me visits Talk of the Nation guest host Alison Stewart to take a humorous look at how to understand the economy.",summary:NPR-47835,"PETER SAGAL, BYLINE",label:NPR-14453;NPR-17748;NPR-23221,4,4,653,0.57,4,2007-06-11,2009-03-25,CNN-156999;CNN-205087;CNN-205088;NPR-14931;NPR-41076;NPR-41181;NPR-47835
Hannah Allam,0,has-page,KEEP-EXCLUDED,10,19,9,1,18,0,1,14,13,0,0,"HANNAH ALLAM, BYLINE",BYLINE,no,"Ms. HANNAH ALLAM (Cairo Bureau Chief, McClatchy Newspapers)",label:NPR-2929,"HANNAH ALLAM, BYLINE",label:NPR-8206;NPR-8208;NPR-8274,3,3,4321,0.75,4,2005-08-25,2017-06-24,CNN-89509;NPR-15859;NPR-17682;NPR-2929
Brian Mann,0,has-page,KEEP-EXCLUDED,5,18,3,2,10,7,1,13,21,1,0,"BRIAN MANN, BYLINE",BYLINE,review,"BRIAN MANN, ADIRONDACK BUREAU CHIEF, NORTH COUNTRY PUBLIC RADIO",label:CNN-258348,"BRIAN MANN, BYLINE",label:NPR-1023;NPR-1840;NPR-2694,7,7,1506,0.88,7,2007-07-21,2011-09-04,CNN-258124;CNN-258348;NPR-13569;NPR-13844;NPR-17913;NPR-18159;NPR-29740;NPR-31498;NPR-33105;NPR-33150;NPR-34159;NPR-35289;NPR-40331;NPR-42399;NPR-44201;NPR-48718;NPR-49490
Geoff Bennett,0,has-page,KEEP-EXCLUDED,5,35,3,2,30,0,5,13,16,0,0,"GEOFF BENNETT, BYLINE",BYLINE,no,NPR's Susan Davis speaks with NBC White House Correspondent Geoff Bennett about the deteriorating relationship between President Trump and House Speaker Nancy Pelosi.,summary:NPR-6648,"GEOFF BENNETT, BYLINE",label:NPR-6272;NPR-6648;NPR-7719,4,4,4021,1.0,3,2007-09-26,2018-09-29,NPR-14592;NPR-3734;NPR-6671;NPR-671
Russell Lewis,0,has-page,KEEP-EXCLUDED,7,50,7,0,48,2,0,12,16,0,0,"RUSSELL LEWIS, BYLINE",BYLINE,no,"RUSSELL LEWIS, CHICAGO HISTORICAL SOCIETY",label:CNN-33700;CNN-94273,"RUSSELL LEWIS, BYLINE",label:NPR-5234;NPR-5395;NPR-6528,3,3,464,0.75,6,2010-01-19,2011-04-28,CNN-33700;CNN-94273;NPR-17481;NPR-29106;NPR-29601;NPR-35105;NPR-43481;NPR-45857
Emily Harris,0,has-page,KEEP-EXCLUDED,6,59,1,5,57,1,1,11,15,0,0,"EMILY HARRIS, BYLINE",BYLINE,no,"Here's the story from NPR's Berlin correspondent at the time, Emily Harris.","utterance[MADELEINE BRAND, host]:NPR-8239","EMILY HARRIS, BYLINE",label:NPR-2981;NPR-4250;NPR-4668,16,16,2880,0.92,6,2006-08-23,2014-07-12,CNN-333613;CNN-333614;NPR-18420;NPR-18781;NPR-26804;NPR-36649;NPR-36966;NPR-37005;NPR-37269;NPR-37392;NPR-37398;NPR-37481;NPR-38049;NPR-38071;NPR-38081;NPR-38313;NPR-41017;NPR-41036;NPR-41538;NPR-41820;NPR-42160;NPR-47236;NPR-47334;NPR-47519;NPR-7458
Ken Dolan,0,has-page,KEEP-EXCLUDED,14,2,1,13,2,0,0,11,6,0,0,"KEN DOLAN, CO-HOST, ""DOLANS UNSCRIPTED""",HOST,no,"KEN DOLAN, PERSONAL FINANCE AUTHOR",label:CNN-144088;CNN-144117,"KEN DOLAN, CO-HOST",label:CNN-92091;CNN-92280;CNN-92469,11,10,2366,0.0,5,2005-04-23,2011-10-15,CNN-144088;CNN-144117;CNN-145988;CNN-145990;CNN-146208;CNN-146837;CNN-146871;CNN-147276;CNN-147524;CNN-150327;CNN-150328;CNN-150744;CNN-150749;CNN-158770;CNN-159064;CNN-161150;CNN-161151;CNN-161205;CNN-162609;CNN-162613;CNN-165514;CNN-166165;CNN-166775;CNN-166776;CNN-167404
Allison Aubrey,0,has-page,KEEP-EXCLUDED,4,34,3,1,32,1,1,11,15,0,0,"ALLISON AUBREY, BYLINE",BYLINE,no,"Timothy Church and Allison Aubrey, who is food and health correspondent for NPR.","utterance[ARI SHAPIRO, HOST]:NPR-9859","ALLISON AUBREY, BYLINE",label:NPR-8226;NPR-8311;NPR-8749,9,9,2008,1.0,3,2006-01-26,2011-07-27,NPR-29057;NPR-29126;NPR-34355;NPR-35220;NPR-35516;NPR-35806;NPR-35967;NPR-36115;NPR-36440;NPR-37152;NPR-38908;NPR-39236;NPR-39375;NPR-39484;NPR-39518;NPR-39535;NPR-39626;NPR-39838;NPR-39988;NPR-40176;NPR-40285;NPR-40385;NPR-43669;NPR-48601;NPR-8818
Neal Conan,0,has-page,KEEP-EXCLUDED,4,48,3,1,47,1,0,11,14,1,0,"NEAL CONAN, host",HOST,no,"NEAL CONAN, ""TALK OF THE NATION,"" NATIONAL PUBLIC RADIO",label:CNN-67144,"NEAL CONAN, host",label:NPR-834;NPR-836;NPR-838,4,4,2311,0.89,4,2006-06-21,2012-10-18,CNN-67144;NPR-10185;NPR-1534;NPR-18091;NPR-43210;NPR-47863;NPR-4839;NPR-5993;NPR-7664
Kirk Siegler,0,has-page,KEEP-EXCLUDED,8,55,1,7,50,4,1,11,21,0,0,"KIRK SIEGLER, BYLINE",BYLINE,review,Robert Siegel talks with Kirk Siegler about Thursday's manhunt for a former Los Angeles Police Department officer.,summary:NPR-29888,"KIRK SIEGLER, BYLINE",label:NPR-317;NPR-1521;NPR-2199,4,4,793,1.0,3,2006-07-10,2008-09-10,NPR-10453;NPR-16593;NPR-32156;NPR-38338;NPR-38764;NPR-39458;NPR-40351;NPR-44998
Celeste Headlee,0,has-page,KEEP-EXCLUDED,4,36,2,2,29,6,1,10,21,0,0,"CELESTE HEADLEE, HOST",HOST,review,"I'm Celeste Headlee, and this is TALK OF THE NATION from NPR News.","utterance[CELESTE HEADLEE, HOST]:NPR-5806","CELESTE HEADLEE, HOST",label:NPR-5165;NPR-5806;NPR-7544,31,31,963,0.95,4,2006-10-16,2009-06-05,CNN-191374;CNN-191443;NPR-10;NPR-10274;NPR-10459;NPR-10470;NPR-10633;NPR-12970;NPR-1304;NPR-13104;NPR-15333;NPR-15526;NPR-2286;NPR-3145;NPR-3148;NPR-32776;NPR-3677;NPR-3680;NPR-3820;NPR-3830;NPR-3937;NPR-40759;NPR-42170;NPR-450;NPR-46104
Geoffrey Bennett,0,has-page,KEEP-EXCLUDED,6,35,0,6,14,0,21,8,16,0,0,"Mr. GEOFFREY BENNETT (Web Producer, NPR News)",NPR,review,Mr. GEOFFREY BENNETT (Web Producer),label:NPR-10757,"Mr. GEOFFREY BENNETT (Web Producer, NPR News)",label:NPR-11151,24,24,567,1.0,1,2007-07-11,2009-01-28,NPR-10048;NPR-10425;NPR-10757;NPR-1076;NPR-10796;NPR-11151;NPR-1225;NPR-12806;NPR-12809;NPR-12866;NPR-1298;NPR-12985;NPR-13216;NPR-13225;NPR-30;NPR-313;NPR-350;NPR-473;NPR-512;NPR-556;NPR-728;NPR-861;NPR-8784;NPR-924;NPR-9275
Steve Proffitt,0,has-page,KEEP-EXCLUDED,15,44,0,15,20,4,20,8,24,0,0,STEVE PROFFITT reporting,REPORTING,review,STEVE PROFFITT (Senior Producer),label:NPR-15378,Our senior producer Steve Proffitt caught up with some motorists here in Los Angeles.,"utterance[ANTHONY BROOKS, host]:NPR-1300",15,15,1615,1.0,2,2005-08-17,2010-01-18,NPR-10636;NPR-10640;NPR-1300;NPR-13377;NPR-14239;NPR-14639;NPR-14847;NPR-15017;NPR-15278;NPR-15378;NPR-16035;NPR-2518;NPR-3241;NPR-33085;NPR-3475;NPR-3588;NPR-36157;NPR-3933;NPR-4007;NPR-45151;NPR-45705;NPR-46082;NPR-46484;NPR-47338;NPR-47533
Luke Burbank,0,has-page,KEEP-EXCLUDED,3,34,2,1,31,3,0,8,18,0,0,"LUKE BURBANK, host",HOST,review,"John Dickerson, chief political correspondent for the online magazine Slate, talks with Alex Chadwick and Luke Burbank.",summary:NPR-6313,"LUKE BURBANK, host",label:NPR-5887;NPR-6313;NPR-6503,14,14,401,1.0,4,2006-02-01,2007-03-09,NPR-14195;NPR-14313;NPR-14957;NPR-15527;NPR-16833;NPR-16976;NPR-18827;NPR-37542;NPR-37866;NPR-37970;NPR-38912;NPR-39246;NPR-39464;NPR-39634;NPR-40152;NPR-40153;NPR-40217;NPR-40384;NPR-40713;NPR-40834;NPR-40921;NPR-41003;NPR-41734;NPR-41821;NPR-41992
Mona Chalabi,0,has-page,KEEP-EXCLUDED,4,1,0,4,1,0,0,8,3,0,0,"MONA CHALABI, BYLINE",BYLINE,no,"NPR's Rachel Martin talks with Mona Chalabi of FiveThirtyEight.com about the ""right to be forgotten"" — requests to Google to remove evidence of one's digital footprint from the search engine.",summary:NPR-2354,"MONA CHALABI, BYLINE",label:NPR-2354,5,5,231,1.0,1,2014-10-26,2015-06-14,NPR-2596;NPR-2599;NPR-2979;NPR-3742;NPR-3767
Sandip Roy,0,has-page,KEEP-EXCLUDED,5,23,0,5,2,1,20,8,12,0,0,"SANDIP ROY, BYLINE",BYLINE,review,"Mr. SANDIP ROY (Editor, New American Media)",label:NPR-34830,"SANDIP ROY, BYLINE",label:NPR-24814;NPR-28305,5,5,1056,1.0,1,2005-08-04,2008-06-25,NPR-23616;NPR-34830;NPR-36128;NPR-36721;NPR-38182;NPR-39648;NPR-40757
Charles Maynes,0,has-page,KEEP-EXCLUDED,4,11,0,4,1,1,9,8,9,0,0,"CHARLES MAYNES, BYLINE",BYLINE,review,Mary Louise Kelly talks with reporter Charles Maynes in Moscow about ongoing tensions between the U.S.,summary:NPR-13432,"CHARLES MAYNES, BYLINE",label:NPR-1037;NPR-1038;NPR-14064,4,4,653,1.0,2,2017-07-30,2019-05-14,NPR-13432;NPR-16864;NPR-47660;NPR-5516
Scott Simon,0,has-page,KEEP-EXCLUDED,4,68,0,4,68,0,0,8,12,1,0,"SCOTT SIMON, HOST",BYLINE,no,"SCOTT SIMON, NATIONAL PUBLIC RADIO",label:CNN-37152;CNN-243288,"SCOTT SIMON, HOST",label:NPR-5158;NPR-5185;NPR-5188,3,3,1120,0.39,10,2006-09-09,2009-10-03,CNN-243284;CNN-243288;CNN-243294;CNN-243300;CNN-243314;CNN-243355;CNN-243400;CNN-243441;CNN-243534;CNN-243628;CNN-272668;CNN-272747;CNN-272786;CNN-37152;NPR-13632;NPR-14918;NPR-15899;NPR-16313;NPR-17319;NPR-18029;NPR-18266;NPR-18891;NPR-33825
Baxter Black,0,has-page,KEEP-EXCLUDED,3,8,1,2,2,0,6,7,10,0,0,BAXTER BLACK (NPR Commentator),COMMENTATOR,review,"Baxter Black, a cowboy poet, former large-animal vet and long-time NPR commentator, author of ""Blazin' Bloats & Cows on Fire!"" Did I say that right?","utterance[NEAL CONAN, host]:NPR-16193",BAXTER BLACK (NPR Commentator),label:NPR-40931,4,4,1400,1.0,2,2005-07-25,2009-05-25,NPR-16193;NPR-32842;NPR-40235;NPR-40803;NPR-6109
Doualy Xaykaothao,0,has-page,KEEP-EXCLUDED,3,30,0,3,14,11,5,6,24,0,0,"DOUALY XAYKAOTHAO, BYLINE",BYLINE,review,Host Linda Wertheimer talks with reporter Doualy Xaykaothao.,summary:NPR-48617,"DOUALY XAYKAOTHAO, BYLINE",label:NPR-11581;NPR-12347;NPR-31996,8,8,454,1.0,6,2009-12-28,2011-03-27,NPR-14913;NPR-16657;NPR-16825;NPR-30833;NPR-32266;NPR-33503;NPR-33588;NPR-34339;NPR-34415;NPR-34472;NPR-35018;NPR-39781;NPR-39950;NPR-40128;NPR-48608;NPR-48617;NPR-49484;NPR-5364;NPR-6123
Ray Brown,0,has-page,KEEP-EXCLUDED,3,2,0,3,2,0,0,6,6,0,0,"RAY BROWN, BYLINE",BYLINE,no,Mr. RAY BROWN (Broken Bow Resident),label:NPR-18631,"RAY BROWN, BYLINE",label:NPR-11362,3,3,441,1.0,3,2015-05-30,2016-08-13,NPR-11637;NPR-11882;NPR-11915;NPR-18631;NPR-45958
Richard Gonzales,0,has-page,KEEP-EXCLUDED,2,40,1,1,39,1,0,5,14,0,0,"RICHARD GONZALES, BYLINE",BYLINE,no,"NPR's Debbie Elliott and Richard Gonzales spent a month on the road across the nation, reporting stories of economic struggle for the NPR series ""Hard Times."" They heard stories of people and places grappling with economic hardship, and also...",summary:NPR-630,"RICHARD GONZALES, BYLINE",label:NPR-630;NPR-3512;NPR-4585,18,18,1191,1.0,5,2006-08-08,2009-11-11,NPR-13593;NPR-13696;NPR-16371;NPR-16646;NPR-29591;NPR-30418;NPR-30996;NPR-31329;NPR-3144;NPR-32061;NPR-32764;NPR-32864;NPR-32908;NPR-33354;NPR-35112;NPR-35232;NPR-36332;NPR-36910;NPR-37085;NPR-37581;NPR-37666;NPR-37827;NPR-37855;NPR-37932;NPR-37989
Chana Joffe-Walt,0,has-page,KEEP-EXCLUDED,2,16,1,1,8,7,1,5,21,0,0,"CHANA JOFFE-WALT, BYLINE",BYLINE,no,Reporter Chana Joffe-Walt spent inauguration day with the young mayor.,"utterance[MELISSA BLOCK, host]:NPR-41407","CHANA JOFFE-WALT, BYLINE",label:NPR-7645;NPR-22456;NPR-29551,9,9,1445,1.0,4,2006-10-10,2010-09-24,NPR-15249;NPR-16924;NPR-17194;NPR-31851;NPR-32073;NPR-32113;NPR-32277;NPR-32996;NPR-34726;NPR-35276;NPR-36311;NPR-37079;NPR-37175;NPR-37351;NPR-41361;NPR-41407;NPR-47313
Annie Murphy,0,has-page,KEEP-EXCLUDED,2,22,0,2,2,10,10,4,18,0,0,"ANNIE MURPHY, BYLINE",BYLINE,review,NPR's Melissa Block talks to reporter Annie Murphy about what happens after the miners emerge from underground.,summary:NPR-34613,"ANNIE MURPHY, BYLINE",label:NPR-22842;NPR-30590,16,14,563,1.0,4,2009-12-05,2011-06-21,NPR-13775;NPR-13839;NPR-13855;NPR-14799;NPR-29429;NPR-30425;NPR-30615;NPR-30753;NPR-30796;NPR-30797;NPR-31352;NPR-32036;NPR-32934;NPR-34609;NPR-34613;NPR-34815;NPR-35919;NPR-35924;NPR-35927;NPR-36225;NPR-49060;NPR-6306
Joshua Levs,0,has-page-fuzzy,KEEP-EXCLUDED,2,27,0,2,9,13,5,4,24,0,0,"JOSHUA LEVS, CNN CORRESPONDENT",REPORTER,review,"JOSHUA LEVS, REALITY CHECK",label:CNN-116098,"JOSHUA LEVS, CNN CORRESPONDENT",label:CNN-112142;CNN-112335;CNN-112349,10,10,3760,0.87,7,2006-01-27,2016-05-14,CNN-112551;CNN-113301;CNN-116098;CNN-116599;NPR-14428;NPR-14755;NPR-14887;NPR-15579;NPR-15657;NPR-15728;NPR-18153;NPR-1948;NPR-22016;NPR-2532;NPR-3021;NPR-3454;NPR-3779;NPR-38587;NPR-40912;NPR-43892;NPR-43933;NPR-44381;NPR-45782;NPR-4656;NPR-47035
Jim Kent,0,has-page,KEEP-EXCLUDED,2,5,0,2,1,3,1,4,10,0,0,"JIM KENT, BYLINE",BYLINE,no,"JIM KENT, WITNESS",label:CNN-319310,"JIM KENT, BYLINE",label:NPR-16765,4,4,1361,0.8,4,2006-09-23,2010-06-15,CNN-319310;NPR-31484;NPR-36850;NPR-41847;NPR-8833
Emily Green,0,has-page,KEEP-EXCLUDED,2,12,0,2,1,5,6,4,15,0,0,"EMILY GREEN, BYLINE",BYLINE,no,"EMILY GREEN, FREELANCE JOURNALIST",label:CNN-321632,"EMILY GREEN, BYLINE",label:NPR-7994;NPR-7996;NPR-8184,3,3,3240,0.75,4,2010-08-14,2019-06-28,CNN-321632;NPR-10046;NPR-13783;NPR-3056
Meredith Ochs,0,has-page,KEEP-EXCLUDED,1,6,1,0,2,2,2,3,12,0,0,MEREDITH OCHS reporting,BYLINE,no,"Meredith Ochs reviews a memoir from musician Graham Nash, one-fourth of the group Crosby, Stills, Nash and Young.",summary:NPR-28294,"MEREDITH OCHS, BYLINE",label:NPR-19796;NPR-23763,3,3,2529,1.0,1,2006-11-20,2013-10-23,NPR-28294;NPR-41551;NPR-41641;NPR-43143;NPR-43484;NPR-43779
Neda Ulaby,0,has-page,KEEP-EXCLUDED,1,31,0,1,30,1,0,2,14,0,0,"NEDA ULABY, BYLINE",BYLINE,no,NPR's Rachel Martin speaks to Neda Ulaby.,summary:NPR-11773,"NEDA ULABY, BYLINE",label:NPR-4449;NPR-6105;NPR-6667,11,11,1378,1.0,4,2006-08-23,2010-06-01,NPR-13532;NPR-14427;NPR-16483;NPR-30320;NPR-30691;NPR-31552;NPR-32201;NPR-32598;NPR-34768;NPR-3485;NPR-35415;NPR-35427;NPR-36023;NPR-36054;NPR-37345;NPR-37440;NPR-37761;NPR-37944;NPR-38065;NPR-39997;NPR-40103;NPR-40692;NPR-41048;NPR-41187;NPR-43463
Wendy Kaufman,0,has-page,KEEP-EXCLUDED,0,24,0,0,21,3,0,0,18,0,0,"WENDY KAUFMAN, BYLINE",BYLINE,review,,,"WENDY KAUFMAN, BYLINE",label:NPR-5333;NPR-6519;NPR-12699,18,18,1937,1.0,3,2006-01-19,2011-05-10,NPR-13688;NPR-222;NPR-28737;NPR-29287;NPR-30488;NPR-30511;NPR-30758;NPR-30790;NPR-30834;NPR-30884;NPR-31166;NPR-31224;NPR-31385;NPR-31492;NPR-32008;NPR-32357;NPR-32542;NPR-32652;NPR-32952;NPR-32982;NPR-32994;NPR-33217;NPR-33240;NPR-33356;NPR-33774
Elizabeth Blair,0,has-page-fuzzy,KEEP-EXCLUDED,0,32,0,0,31,1,0,0,14,0,0,"ELIZABETH BLAIR, BYLINE",BYLINE,no,,,"ELIZABETH BLAIR, BYLINE",label:NPR-141;NPR-4664;NPR-5190,5,5,832,1.0,2,2007-03-27,2009-07-06,NPR-32572;NPR-33031;NPR-33201;NPR-33623;NPR-36720;NPR-36758;NPR-37919;NPR-39580;NPR-39817;NPR-40238;NPR-41698;NPR-43557
Laura Lorson,0,has-page,KEEP-EXCLUDED,0,11,0,0,1,0,10,0,7,0,0,"LAURA LORSON, BYLINE",BYLINE,review,,,"LAURA LORSON, BYLINE",label:NPR-29816,5,5,927,1.0,1,2005-07-27,2008-02-09,NPR-40846;NPR-41704;NPR-41933;NPR-43861;NPR-43948
Phillip Reeves,0,has-page-fuzzy,KEEP-EXCLUDED,0,13,0,0,12,1,0,0,14,0,0,PHILLIP REEVES reporting,REPORTING,no,,,"NPR's Phillip Reeves reports from Pakistan's capital, Islamabad.","utterance[STEVE INSKEEP, host]:NPR-34500",4,4,681,1.0,2,2006-10-08,2008-08-19,NPR-34500;NPR-34923;NPR-36233;NPR-39167;NPR-41070;NPR-41777;NPR-42504;NPR-44366
