normalized_name,clean,staff_evidence,marker,initial_label,label_artifact,n_transcripts,subst_appearances,total_guest_words,first_date,last_date,span_days,n_dates,n_programs,npr_share,wiki_status,generic_name_flag,honorifics,example_transcript_ids
Michael Mcfaul,True,no,,False,False,54,9,7490,2004-11-23,2019-10-05,5429.0,29,24,0.25925925925925924,long-tail,0,AMB;AMBASSADOR;MR;PROFESSOR,NPR-7092;NPR-8269;NPR-11991;NPR-16023;NPR-16332
De Mistura,True,no,,False,False,17,7,5782,2015-03-05,2019-11-05,1706.0,16,4,0.0,long-tail,0,,CNN-134544;CNN-250621;CNN-264036;CNN-267926;CNN-268014
Billie Dunn,True,no,,False,False,14,6,4922,2012-11-16,2012-11-16,0.0,1,1,0.0,long-tail,0,,CNN-160355;CNN-160395;CNN-160471;CNN-160626;CNN-160705
John Ulzheimer,True,no,,False,False,44,3,4628,2009-07-16,2013-12-28,1626.0,8,6,0.06818181818181818,long-tail,0,MR,NPR-35115;NPR-35692;NPR-36608;CNN-86122;CNN-124442
Michael Dimock,True,no,,False,False,11,7,4396,2012-05-10,2015-09-08,1216.0,11,3,1.0,long-tail,0,,NPR-9774;NPR-24054;NPR-26986;NPR-27055;NPR-27165
Dal Col,True,no,,False,False,9,7,3888,2000-12-15,2000-12-15,0.0,1,6,0.0,long-tail,0,,CNN-1207;CNN-1251;CNN-1338;CNN-2758;CNN-3856
Doyle Mcmanus,True,no,,False,False,20,3,3776,2000-10-14,2019-09-30,6925.0,8,13,0.15,long-tail,0,MR,NPR-10759;NPR-28633;NPR-48881;CNN-1291;CNN-3674
Amy Myers Jaffe,True,no,,False,False,15,3,3278,2005-09-13,2019-09-16,5116.0,11,9,0.7333333333333333,long-tail,0,MS,NPR-661;NPR-823;NPR-871;NPR-2778;NPR-8518
Karen Fleming-Ginn,True,no,,False,False,3,3,2783,2010-08-19,2015-02-28,1654.0,3,2,1.0,long-tail,0,MS,NPR-5213;NPR-8347;NPR-25003
Noam Levey,True,no,,False,False,6,5,2637,2012-01-01,2019-07-09,2746.0,6,3,1.0,long-tail,0,,NPR-7719;NPR-9944;NPR-11430;NPR-46558;NPR-48256
Stacy Palmer,True,no,,False,False,12,3,2625,2005-09-23,2015-12-06,3726.0,6,8,0.5,long-tail,0,MS,NPR-15374;NPR-23449;NPR-40391;NPR-42613;NPR-45846
Rich Jaroslovsky,True,no,,False,False,5,5,2524,2012-05-29,2013-11-04,524.0,5,1,1.0,long-tail,0,,NPR-24870;NPR-26988;NPR-27159;NPR-27762;NPR-27916
Michele Dunne,True,no,,False,False,12,4,2185,2011-02-15,2019-04-10,2976.0,9,3,0.6666666666666666,long-tail,0,,NPR-11066;NPR-16183;NPR-26727;NPR-31264;NPR-33096
Alan Schroeder,True,no,,False,False,13,3,2174,2004-10-13,2016-09-26,4366.0,10,6,0.38461538461538464,long-tail,0,MR;PROF;PROFESSOR,NPR-783;NPR-5948;NPR-12798;NPR-30709;NPR-39844
De Kerchove,True,no,,False,False,3,3,2076,2015-01-13,2015-11-20,311.0,2,2,0.0,long-tail,0,,CNN-218054;CNN-247020;CNN-269510
Bob Meadows,True,no,,False,False,36,33,18567,2005-05-12,2015-07-10,3711.0,35,3,0.9722222222222222,long-tail(v1),0,MR,NPR-1896;NPR-2134;NPR-2162;NPR-2282;NPR-2473
Van Tulleken,True,no,,False,False,43,15,14729,2014-09-10,2015-11-10,426.0,43,12,0.0,long-tail(v1),0,,CNN-238572;CNN-239020;CNN-240086;CNN-240160;CNN-240169
Andrew Tabler,True,no,,False,False,83,11,14371,2012-02-16,2018-09-04,2392.0,45,22,0.1686746987951807,long-tail(v1),0,,NPR-6779;NPR-8483;NPR-8775;NPR-9505;NPR-10809
George Joffe,True,no,,False,False,9,8,13774,2011-03-01,2013-02-04,706.0,9,2,1.0,long-tail(v1),0,DR;MR,NPR-1487;NPR-1527;NPR-2164;NPR-2590;NPR-2667
Marcelo Suarez-Orozco,True,no,,False,False,38,25,12928,2005-07-11,2007-12-18,890.0,38,2,0.9736842105263158,long-tail(v1),0,DR;MR;PROF;PROFESSOR,NPR-1888;NPR-2009;NPR-2079;NPR-2212;NPR-2499
Anna Greenberg,True,no,,False,False,25,8,11747,2000-10-21,2019-08-30,6887.0,15,12,0.48,long-tail(v1),0,MS,NPR-772;NPR-840;NPR-3828;NPR-4401;NPR-8117
Hirschfeld Davis,True,no,,False,False,52,3,11721,2017-04-25,2020-04-14,1085.0,52,8,0.0,long-tail(v1),0,,CNN-310834;CNN-311120;CNN-316550;CNN-318459;CNN-318460
Van Der Sloot,True,no,,False,False,70,9,10642,2007-11-21,2016-03-23,3045.0,13,11,0.0,long-tail(v1),0,,CNN-95257;CNN-95400;CNN-95583;CNN-95594;CNN-95597
Mary Kate Cary,True,no,,False,False,35,15,10100,2010-10-26,2020-02-01,3385.0,34,12,0.45714285714285713,long-tail(v1),0,MS,NPR-550;NPR-2049;NPR-3715;NPR-6953;NPR-7296
Emira Woods,True,no,,False,False,17,10,9304,2005-05-17,2008-12-13,1306.0,12,4,0.6470588235294118,long-tail(v1),0,MS,NPR-310;NPR-475;NPR-2733;NPR-4101;NPR-9707
Lourdes Garcia,True,no,,False,False,27,14,8835,2006-01-19,2011-10-03,2083.0,27,4,1.0,long-tail(v1),0,,NPR-5637;NPR-13498;NPR-13831;NPR-28750;NPR-28808
Charles Ogletree,True,no,,False,False,30,8,8725,2005-05-10,2015-03-04,3585.0,12,16,0.3,unchecked,0,MR;PROF;PROFESSOR,NPR-1852;NPR-4315;NPR-12304;NPR-46235;NPR-46838
Maya Macguineas,True,no,,False,False,52,3,8705,2009-06-10,2020-02-10,3897.0,35,16,0.17307692307692307,unchecked,0,MS,NPR-2244;NPR-2775;NPR-6908;NPR-17667;NPR-18724
Rovenia Brock,True,no,,False,False,15,10,8649,2005-06-09,2013-01-10,2772.0,15,3,0.8666666666666667,unchecked,0,DR;MS,NPR-38;NPR-1530;NPR-2192;NPR-2265;NPR-3094
St. George,True,no,,False,False,35,10,8546,2002-10-17,2016-05-13,4957.0,9,5,0.0,unchecked,0,,CNN-50012;CNN-50090;CNN-51111;CNN-52926;CNN-58084
Dalai Lama,True,no,,False,False,56,6,8545,2001-12-13,2019-04-01,6318.0,14,28,0.0,unchecked,0,,CNN-8546;CNN-10773;CNN-11161;CNN-14845;CNN-24521
Van Kerkhove,True,no,,False,False,10,6,8497,2020-03-06,2020-10-15,223.0,10,4,0.0,unchecked,0,DR,CNN-394551;CNN-395031;CNN-396582;CNN-398263;CNN-400074
Douglas Holtz-Eakin,True,no,,False,False,77,5,8494,2005-10-11,2020-05-08,5323.0,44,22,0.15584415584415584,unchecked,0,MR,NPR-14033;NPR-14270;NPR-16943;NPR-18432;NPR-21697
John Prendergast,True,no,,False,False,43,7,8493,2005-07-16,2019-09-23,5182.0,21,18,0.20930232558139536,unchecked,0,MR,NPR-1627;NPR-4475;NPR-5099;NPR-8116;NPR-13718
Dick Armey,True,no,,False,False,99,3,8464,2000-12-14,2015-04-13,5233.0,23,50,0.04040404040404041,unchecked,0,MR;REP;REPRESENTATIVE;SENATOR,NPR-5427;NPR-17252;NPR-36143;NPR-45972;CNN-283
Robert Ballard,True,no,,False,False,13,3,8447,2000-11-13,2013-12-22,4787.0,5,9,0.23076923076923078,unchecked,0,,NPR-3169;NPR-8967;NPR-9757;CNN-7096;CNN-8856
William Rhoden,True,no,,False,False,12,11,8427,2005-06-10,2015-01-27,3518.0,12,2,0.9166666666666666,unchecked,0,MR,NPR-461;NPR-849;NPR-1062;NPR-2397;NPR-2555
Dawn Turner Trice,True,no,,False,False,11,8,8418,2005-05-27,2009-12-08,1656.0,8,4,0.7272727272727273,unchecked,0,MS,NPR-46211;NPR-46366;NPR-46603;NPR-46652;NPR-47844
Shadi Hamid,True,no,,False,False,37,6,8370,2011-02-07,2017-06-27,2332.0,31,12,0.40540540540540543,unchecked,0,DR;MR,NPR-2756;NPR-2897;NPR-14696;NPR-18308;NPR-25567
Di Maio,True,no,,False,False,16,5,8281,2016-10-04,2020-03-12,1255.0,3,8,0.0,unchecked,0,,CNN-210216;CNN-210225;CNN-210226;CNN-210227;CNN-210232
Paul Butler,True,no,,False,False,56,12,8230,2002-10-29,2019-04-06,6003.0,37,21,0.2857142857142857,unchecked,1,DR;MR;PROF;PROFESSOR,NPR-1394;NPR-1855;NPR-11096;NPR-14561;NPR-15792
Ivan Walks,True,no,,False,False,49,4,8194,2001-10-20,2020-04-28,6765.0,45,15,0.08163265306122448,unchecked,0,DR,NPR-2468;NPR-5661;NPR-44952;NPR-47981;CNN-42099
Jennifer Rubin,True,no,,False,False,41,6,8193,2011-08-05,2019-08-25,2942.0,31,10,0.1951219512195122,unchecked,0,,NPR-432;NPR-9067;NPR-14283;NPR-17188;NPR-19054
Jackson Diehl,True,no,,False,False,5,5,8109,2011-07-18,2013-04-01,623.0,5,1,1.0,unchecked,0,,NPR-165;NPR-1645;NPR-9117;NPR-12572;NPR-12907
Al Thani,True,no,,False,False,17,8,8078,2014-06-18,2020-03-01,2083.0,16,7,0.0,unchecked,0,,CNN-40959;CNN-232835;CNN-239639;CNN-245914;CNN-313875
Carl Zimmer,True,no,,False,False,7,5,8071,2011-05-06,2020-07-29,3372.0,6,3,0.7142857142857143,unchecked,0,MR,NPR-233;NPR-2020;NPR-8351;NPR-9358;NPR-10508
Trump Jr,True,no,,False,False,95,4,8001,2016-04-24,2020-08-25,1584.0,95,17,0.0,unchecked,0,,CNN-282323;CNN-287112;CNN-289315;CNN-289330;CNN-289602
Julia Sweig,True,no,,False,False,20,4,7988,2007-03-08,2018-04-22,4063.0,12,11,0.5,unchecked,0,DR;MS,NPR-4365;NPR-4966;NPR-9367;NPR-13166;NPR-14279
Samer Shehata,True,no,,False,False,28,9,7881,2010-12-14,2019-06-18,3108.0,12,17,0.39285714285714285,unchecked,0,MR;PROF;PROFESSOR,NPR-2929;NPR-10775;NPR-12184;NPR-28816;NPR-30384
De Vries,True,no,,False,False,32,5,7867,2004-11-25,2017-04-23,4532.0,28,10,0.0,unchecked,0,,CNN-90043;CNN-115277;CNN-115295;CNN-123505;CNN-123541
Heinz Kerry,True,no,,False,False,30,7,7861,2004-10-30,2004-10-30,0.0,1,13,0.0,unchecked,0,,CNN-82522;CNN-86061;CNN-86072;CNN-86107;CNN-86117
Karen Greenberg,True,no,,False,False,44,3,7782,2009-11-12,2020-01-11,3712.0,34,15,0.1590909090909091,unchecked,0,MS;PROFESSOR,NPR-2250;NPR-9502;NPR-26181;NPR-29579;NPR-35451
Meghan Daum,True,no,,False,False,5,5,7634,2007-03-08,2011-02-03,1428.0,5,1,1.0,unchecked,0,MS,NPR-2921;NPR-16435;NPR-44805;NPR-44946;NPR-46222
Bassir Pour,True,no,,False,False,23,15,7558,2004-12-31,2004-12-31,0.0,1,3,0.0,unchecked,0,,CNN-3812;CNN-5214;CNN-6039;CNN-6487;CNN-6671
Alan Simpson,True,no,,False,False,68,5,7513,2000-11-17,2018-12-06,6593.0,32,30,0.11764705882352941,unchecked,0,MR;SEN,NPR-16792;NPR-29046;NPR-30075;NPR-30495;NPR-35987
Steven Levy,True,no,,False,False,18,3,7502,2000-12-21,2020-10-24,7247.0,10,10,0.16666666666666666,unchecked,0,MR,NPR-1332;NPR-4952;NPR-27996;CNN-22139;CNN-125549
Kearns Goodwin,True,no,,False,False,8,7,7492,2015-09-16,2020-03-21,1648.0,7,4,0.0,unchecked,0,,CNN-163947;CNN-264697;CNN-296959;CNN-297208;CNN-354058
Jim Bakker,True,no,,False,False,15,5,7474,2005-12-10,2006-12-15,370.0,4,7,0.0,unchecked,0,,CNN-2310;CNN-9025;CNN-17177;CNN-24658;CNN-33247
Gary Anderson,True,no,,False,False,16,7,7469,2005-12-07,2013-05-13,2714.0,8,12,0.5,unchecked,1,COL;COLONEL;MR;REV,NPR-611;NPR-3678;NPR-4533;NPR-7004;NPR-8758
Von Der Leyen,True,no,,False,False,13,6,7442,2014-06-22,2020-07-21,2221.0,13,6,0.0,unchecked,0,,CNN-233092;CNN-264704;CNN-264844;CNN-322043;CNN-344818
Jimi Izrael,True,no,,False,False,15,10,7416,2005-06-13,2016-07-17,4052.0,15,4,1.0,unchecked,0,MR,NPR-2280;NPR-2465;NPR-3438;NPR-3806;NPR-4223
Danielle Pletka,True,no,,False,False,59,5,7382,2002-10-29,2019-08-18,6137.0,26,27,0.2033898305084746,unchecked,0,MS,NPR-2288;NPR-3459;NPR-7804;NPR-10814;NPR-16855
Doris Meissner,True,no,,False,False,61,6,7244,2000-10-17,2020-07-07,7203.0,15,29,0.13114754098360656,unchecked,0,MS,NPR-1689;NPR-4041;NPR-9658;NPR-43281;NPR-44629
David Remnick,True,no,,False,False,36,6,7239,2005-10-10,2019-12-22,5186.0,30,17,0.19444444444444445,unchecked,0,MR,NPR-9342;NPR-17632;NPR-22749;NPR-26572;NPR-27965
Gregory Johnsen,True,no,,False,False,20,8,7154,2009-01-28,2015-03-30,2252.0,11,9,0.45,unchecked,0,MR,NPR-2417;NPR-3793;NPR-26278;NPR-28570;NPR-30698
Bill Fletcher,True,no,,False,False,11,8,7131,2005-09-06,2008-01-15,861.0,8,4,0.7272727272727273,unchecked,0,MAJ;MAJOR;MR,NPR-88;NPR-361;NPR-863;NPR-2733;NPR-6785
Eric Shinseki,True,no,,False,False,86,3,7109,2008-12-07,2014-05-30,2000.0,15,29,0.10465116279069768,unchecked,0,GEN;GENERAL;SECRETARY,NPR-27196;NPR-27288;NPR-27295;NPR-27355;NPR-28530
Edward Djerejian,True,no,,False,False,55,4,6995,2000-10-12,2018-04-11,6390.0,29,30,0.10909090909090909,unchecked,0,AMB;AMBASSADOR;MR,NPR-2375;NPR-4492;NPR-29522;NPR-37780;NPR-37911
James Gordon,True,no,,False,False,6,4,6976,2009-10-22,2015-07-18,2095.0,5,3,0.6666666666666666,unchecked,0,CPL;DR,NPR-6977;NPR-9218;NPR-45542;NPR-46450;CNN-195345
Peter Neumann,True,no,,False,False,72,4,6935,2014-06-19,2020-02-20,2072.0,65,21,0.06944444444444445,unchecked,0,PROF;PROFESSOR,NPR-14991;NPR-20504;NPR-22681;NPR-23325;NPR-25048
Robert Kuttner,True,no,,False,False,23,3,6933,2007-11-16,2017-08-19,3564.0,16,14,0.13043478260869565,unchecked,0,MR,NPR-3172;NPR-3344;NPR-10003;CNN-121431;CNN-123172
Joshua Landis,True,no,,False,False,18,5,6913,2005-10-13,2016-09-25,4000.0,13,10,0.3888888888888889,unchecked,0,PROFESSOR,NPR-2251;NPR-8895;NPR-9780;NPR-10912;NPR-20195
La Lanne,True,no,,False,False,4,3,6886,,,,0,3,0.0,unchecked,0,,CNN-12078;CNN-36654;CNN-118121;CNN-118149
Peter Robinson,True,no,,False,False,17,5,6862,2005-09-15,2016-11-22,4086.0,11,11,0.5882352941176471,unchecked,1,MR,NPR-2954;NPR-6620;NPR-8353;NPR-9504;NPR-9782
Steven Cook,True,no,,False,False,31,6,6808,2005-10-26,2019-10-17,5104.0,16,16,0.2903225806451613,unchecked,1,DR;MR,NPR-8473;NPR-9664;NPR-10910;NPR-15240;NPR-20314
Mike Rounds,True,no,,False,False,92,5,6670,2005-05-14,2020-06-14,5510.0,87,15,0.07608695652173914,unchecked,0,GOV;GOVERNOR;REP;SEN;SENATOR,NPR-1012;NPR-3619;NPR-4607;NPR-4748;NPR-36359
Brian Unger,True,no,,False,False,19,15,6656,2005-05-24,2009-03-16,1392.0,19,1,1.0,unchecked,0,,NPR-22;NPR-89;NPR-1155;NPR-1752;NPR-2114
Abdullah Ii,True,no,,False,False,64,3,6575,2005-11-11,2019-11-10,5112.0,29,27,0.03125,unchecked,0,KING,NPR-3087;NPR-29580;CNN-6682;CNN-43374;CNN-52376
Michele Flournoy,True,no,,False,False,21,6,6558,2010-06-16,2020-01-07,3492.0,15,12,0.42857142857142855,unchecked,0,,NPR-2974;NPR-6177;NPR-7107;NPR-9511;NPR-10781
David Makovsky,True,no,,False,False,43,4,6556,2000-10-16,2019-09-05,6898.0,16,27,0.18604651162790697,unchecked,0,MR,NPR-8945;NPR-10004;NPR-16172;NPR-25243;NPR-38688
Mario Livio,True,no,,False,False,5,3,6429,2006-10-31,2017-02-17,3762.0,5,3,0.8,unchecked,0,DR,NPR-8667;NPR-16215;NPR-45049;NPR-48046;CNN-111624
Megan Mcardle,True,no,,False,False,10,8,6422,2011-06-07,2019-02-02,2797.0,8,5,0.8,unchecked,0,,NPR-808;NPR-1824;NPR-4334;NPR-10133;NPR-11559
Tom Malinowski,True,no,,False,False,56,5,6398,2001-10-29,2019-12-15,6621.0,42,26,0.08928571428571429,unchecked,0,MR;REP,NPR-2590;NPR-3112;NPR-7786;NPR-9828;NPR-39991
Juror B37,True,no,,False,False,22,6,6362,,,,0,9,0.0,unchecked,0,,CNN-210551;CNN-210556;CNN-210557;CNN-210560;CNN-210563
Deborah Blum,True,no,,False,False,11,4,6348,2010-04-02,2019-03-07,3261.0,9,6,0.45454545454545453,unchecked,0,MS;PROFESSOR,NPR-1915;NPR-8481;NPR-12724;NPR-30213;NPR-45258
Jan Schakowsky,True,no,,False,False,76,3,6347,2008-02-03,2020-02-27,4407.0,41,32,0.11842105263157894,unchecked,0,CONGRESSWOMAN;REP;REPRESENTATIVE;SEN,NPR-5288;NPR-13138;NPR-24983;NPR-26530;NPR-33430
Connie Schultz,True,no,,False,False,8,4,6337,2008-02-25,2020-08-19,4559.0,8,4,0.5,unchecked,0,MS,NPR-1914;NPR-9302;NPR-9999;NPR-40741;CNN-145138
Bobby Schindler,True,no,,False,False,43,5,6324,2003-10-22,2006-10-28,1102.0,2,20,0.0,unchecked,0,,CNN-29608;CNN-78377;CNN-93026;CNN-93037;CNN-93057
Richard Stengel,True,no,,False,False,39,4,6299,2006-12-17,2019-12-23,4754.0,18,22,0.10256410256410256,unchecked,0,MR,NPR-17584;NPR-17954;NPR-44702;NPR-45107;CNN-9285
Jane Sanders,True,no,,False,False,44,5,6298,2015-10-13,2020-02-25,1596.0,44,13,0.0,unchecked,0,,CNN-266576;CNN-266584;CNN-266590;CNN-266694;CNN-268736
Bob Inglis,True,no,,False,False,16,7,6256,2010-07-14,2019-06-04,3247.0,14,12,0.4375,unchecked,0,REP;REPRESENTATIVE,NPR-354;NPR-3400;NPR-4954;NPR-11797;NPR-15482
Bill Spriggs,True,no,,False,False,7,6,6233,2005-08-26,2008-02-14,902.0,7,1,1.0,unchecked,0,DR;MR;PROFESSOR,NPR-363;NPR-1409;NPR-3551;NPR-11154;NPR-12738
Jan Egeland,True,no,,False,False,95,5,6226,2004-10-23,2020-02-19,5597.0,51,30,0.1368421052631579,unchecked,0,MR,NPR-1678;NPR-3360;NPR-6548;NPR-10203;NPR-17403
Ben Zimmer,True,no,,False,False,13,7,6174,2010-12-30,2017-01-20,2213.0,13,6,0.8461538461538461,unchecked,0,MR,NPR-1399;NPR-3107;NPR-10776;NPR-19609;NPR-22638
Juror B-37,True,no,,False,False,22,5,6107,2013-10-13,2013-10-13,0.0,1,9,0.0,unchecked,0,,CNN-210423;CNN-210556;CNN-210565;CNN-210569;CNN-210576
Connie Mack,True,no,,False,False,68,6,6105,2006-02-11,2015-08-25,3482.0,10,24,0.029411764705882353,unchecked,0,REP;REPRESENTATIVE;SEN;SENATOR,NPR-5329;NPR-42872;CNN-659;CNN-1292;CNN-1341
St. John,True,no,,False,False,27,8,6098,2000-11-11,2008-11-20,2931.0,7,13,0.0,unchecked,0,,CNN-1159;CNN-6944;CNN-10708;CNN-13324;CNN-19755
Tom Rosenstiel,True,no,,False,False,11,4,6092,2003-10-14,2011-03-14,2708.0,6,7,0.36363636363636365,unchecked,0,MR,NPR-2573;NPR-14011;NPR-14448;NPR-45363;CNN-11987
Rochelle Riley,True,no,,False,False,13,10,6088,2005-05-03,2017-07-22,4463.0,12,4,0.9230769230769231,unchecked,0,MS,NPR-3155;NPR-3297;NPR-4931;NPR-5267;NPR-9106
Ruth Marcus,True,no,,False,False,24,6,6075,2006-10-06,2020-09-26,5104.0,16,9,0.2916666666666667,unchecked,0,MS,NPR-10400;NPR-37561;NPR-39190;NPR-40494;NPR-41383
Walter Mosley,True,no,,False,False,10,7,6059,2005-09-21,2018-02-17,4532.0,8,7,0.8,unchecked,0,MR,NPR-474;NPR-5148;NPR-5979;NPR-8219;NPR-8755
Jared Bernstein,True,no,,False,False,68,5,6044,2003-11-13,2019-11-04,5835.0,23,19,0.20588235294117646,unchecked,0,DR;MR,NPR-2708;NPR-7713;NPR-13401;NPR-17576;NPR-17901
Sue Mi Terry,True,no,,False,False,57,4,5835,2014-12-17,2019-06-30,1656.0,52,19,0.07017543859649122,unchecked,0,DR;PROF;PROFESSOR,NPR-7842;NPR-12880;NPR-17629;NPR-49272;CNN-204350
Otis Brawley,True,no,,False,False,43,4,5817,2002-10-31,2016-01-17,4826.0,15,16,0.09302325581395349,unchecked,0,DR,NPR-1981;NPR-3981;NPR-4372;NPR-32386;CNN-62417
Michael Rubin,True,no,,False,False,43,5,5807,2005-10-13,2020-06-28,5372.0,26,18,0.11627906976744186,unchecked,0,MR,NPR-7646;NPR-14915;NPR-18727;NPR-45294;NPR-47819
Andy Stern,True,no,,False,False,10,3,5789,2003-11-11,2012-04-18,3081.0,6,6,0.5,unchecked,0,MR,NPR-7222;NPR-12483;NPR-40804;NPR-45357;NPR-48600
Alex Vogel,True,no,,False,False,8,5,5777,2010-09-01,2011-11-09,434.0,6,3,0.75,unchecked,0,MR,NPR-840;NPR-1341;NPR-3188;NPR-3679;NPR-3828
Jon Meacham,True,no,,False,False,66,3,5777,2006-11-23,2020-09-17,5047.0,57,22,0.06060606060606061,unchecked,0,MR,NPR-4742;NPR-23695;NPR-37408;NPR-46521;CNN-23659
David Schwartz,True,no,,False,False,98,3,5750,2005-12-26,2019-04-27,4870.0,66,28,0.061224489795918366,unchecked,0,DR;MR;PROF;PROFESSOR;RABBI,NPR-3644;NPR-13173;NPR-21512;NPR-26448;NPR-31108
Walter Dellinger,True,no,,False,False,25,4,5737,2005-07-22,2019-05-16,5046.0,12,18,0.28,unchecked,0,MR,NPR-4627;NPR-18637;NPR-26108;NPR-29410;NPR-31400
Anthony Cordesman,True,no,,False,False,68,4,5685,2005-07-29,2018-10-20,4831.0,38,24,0.35294117647058826,unchecked,0,DR;MR;PROFESSOR,NPR-3064;NPR-4269;NPR-17547;NPR-18916;NPR-25285
Nariman Behravesh,True,no,,False,False,49,5,5679,2006-01-27,2018-06-28,4535.0,35,9,0.6938775510204082,unchecked,0,DR;MR,NPR-13346;NPR-14319;NPR-14496;NPR-15750;NPR-16145
De La Hoya,True,no,,False,False,8,3,5659,2000-12-16,2016-08-12,5718.0,3,6,0.0,unchecked,0,,CNN-21848;CNN-73475;CNN-164398;CNN-181441;CNN-183594
Matthew Rojansky,True,no,,False,False,48,3,5636,2011-12-12,2019-10-22,2871.0,42,10,0.0625,unchecked,0,,NPR-10487;NPR-17079;NPR-27755;CNN-177537;CNN-183422
Lester Brown,True,no,,False,False,13,4,5629,2011-06-07,2013-04-22,685.0,4,10,0.3076923076923077,unchecked,0,MR,NPR-1529;NPR-7245;NPR-8898;NPR-9869;CNN-847
Van Nieuwenhuijzen,True,no,,False,False,19,5,5626,2011-12-30,2018-04-09,2292.0,6,2,0.0,unchecked,0,,CNN-162838;CNN-164422;CNN-169673;CNN-172501;CNN-175267
Husain Haqqani,True,no,,False,False,56,4,5601,2003-12-25,2019-07-29,5695.0,20,18,0.07142857142857142,unchecked,0,AMB;AMBASSADOR,NPR-4603;NPR-13936;NPR-32796;NPR-35034;CNN-80574
Emily Yoffe,True,no,,False,False,14,8,5573,2005-05-02,2019-04-06,5087.0,13,6,0.6428571428571429,unchecked,0,MS,NPR-1643;NPR-2437;NPR-4932;NPR-14182;NPR-14853
Abderrahim Foukara,True,no,,False,False,13,9,5569,2003-10-10,2019-04-13,5664.0,11,6,0.7692307692307693,unchecked,0,MR,NPR-3957;NPR-4178;NPR-6070;NPR-7535;NPR-10959
Nikky Finney,True,no,,False,False,4,4,5564,2012-02-02,2017-06-27,1972.0,4,2,1.0,unchecked,0,,NPR-150;NPR-8282;NPR-9756;NPR-14696
James Martin,True,no,,False,False,51,3,5504,2005-10-27,2020-10-22,5474.0,28,25,0.11764705882352941,unchecked,1,DR;FATHER;FR;REV;REVEREND,NPR-11429;NPR-15156;NPR-29879;NPR-30644;NPR-39993
Kevin Trenberth,True,no,,False,False,5,4,5498,2005-12-28,2012-04-05,2290.0,5,2,0.8,unchecked,0,DR,NPR-3667;NPR-12535;NPR-16850;NPR-45132;CNN-101147
Eboo Patel,True,no,,False,False,13,3,5475,2009-02-11,2010-09-11,577.0,3,7,0.23076923076923078,unchecked,0,DR;MR,NPR-13537;NPR-46204;NPR-48186;CNN-135049;CNN-136705
Kenneth Rogoff,True,no,,False,False,34,6,5474,2007-04-23,2020-05-07,4763.0,21,9,0.23529411764705882,unchecked,0,DR;PROFESSOR,NPR-30909;NPR-34421;NPR-36323;NPR-37199;NPR-38230
John Yoo,True,no,,False,False,42,3,5467,2000-11-29,2020-07-25,7178.0,30,23,0.11904761904761904,unchecked,0,MR;PROFESSOR,NPR-5865;NPR-19516;NPR-37787;NPR-38331;NPR-43231
Dan Schnur,True,no,,False,False,46,5,5430,2005-05-06,2017-07-06,4444.0,17,19,0.32608695652173914,unchecked,0,MR;PROF,NPR-6923;NPR-7137;NPR-10452;NPR-10643;NPR-14325
Jill Lepore,True,no,,False,False,9,6,5411,2009-05-31,2018-12-27,3497.0,9,4,0.6666666666666666,unchecked,0,MS;PROFESSOR,NPR-3196;NPR-6936;NPR-18058;NPR-30826;NPR-36863
Simon Schama,True,no,,False,False,23,3,5377,2009-11-30,2019-08-19,3549.0,13,8,0.17391304347826086,unchecked,0,MR,NPR-2897;NPR-8998;NPR-11512;NPR-21663;CNN-145599
Ivo Daalder,True,no,,False,False,48,5,5374,2002-12-17,2020-10-23,6520.0,29,25,0.2708333333333333,unchecked,0,DR;MR,NPR-4105;NPR-8545;NPR-11733;NPR-11956;NPR-18812
Martin Frost,True,no,,False,False,44,3,5368,2000-10-27,2017-01-03,5912.0,12,24,0.09090909090909091,unchecked,0,MR;REP;REPRESENTATIVE,NPR-13969;NPR-14905;NPR-25385;NPR-28574;CNN-4578
Julian Bond,True,no,,False,False,34,3,5345,2002-12-15,2015-08-17,4628.0,15,20,0.2647058823529412,unchecked,0,MR,NPR-4650;NPR-16403;NPR-16522;NPR-21301;NPR-26648
Peter Hoekstra,True,no,,False,False,66,3,5334,2004-10-22,2017-12-24,4811.0,30,24,0.13636363636363635,unchecked,0,AMB;REP;REPRESENTATIVE,NPR-6940;NPR-25617;NPR-36464;NPR-37009;NPR-38541
Gayle Trotter,True,no,,False,False,16,11,5298,2016-05-14,2019-03-08,1028.0,11,4,0.6875,unchecked,0,,NPR-1960;NPR-13180;NPR-15792;NPR-18955;NPR-19967
Le Sommier,True,no,,False,False,14,5,5298,2015-11-18,2019-04-16,1245.0,13,9,0.0,unchecked,0,,CNN-105455;CNN-269391;CNN-269470;CNN-269643;CNN-269908
Mark Krikorian,True,no,,False,False,50,6,5293,2001-11-10,2019-06-09,6420.0,27,18,0.26,unchecked,0,MR,NPR-397;NPR-7859;NPR-10761;NPR-11865;NPR-13416
Greg Smith,True,no,,False,False,37,4,5290,2000-11-22,2020-04-24,7093.0,10,15,0.13513513513513514,unchecked,0,CAPT;CAPTAIN;DR;MR,NPR-7004;NPR-22778;NPR-24879;NPR-26399;NPR-45568
Rupert Murdoch,True,no,,False,False,75,3,5283,2011-07-23,2019-07-11,2910.0,21,18,0.05333333333333334,unchecked,0,,NPR-18480;NPR-28814;NPR-31747;NPR-47638;CNN-105979
Tzemach Lemmon,True,no,,False,False,19,4,5255,2015-11-24,2020-02-28,1557.0,18,4,0.0,unchecked,0,,CNN-203211;CNN-269732;CNN-277608;CNN-279665;CNN-283084
Von Furstenberg,True,no,,False,False,9,6,5224,2014-06-24,2018-01-18,1304.0,7,6,0.0,unchecked,0,,CNN-152670;CNN-189403;CNN-233245;CNN-245260;CNN-280837
Deborah Lipstadt,True,no,,False,False,13,6,5201,2011-05-18,2019-12-30,3148.0,11,6,0.46153846153846156,unchecked,0,DR;PROF;PROFESSOR,NPR-1930;NPR-2698;NPR-7207;NPR-20092;NPR-47396
Van Nieuwenhuise,True,no,,False,False,12,6,5194,,,,0,7,0.0,unchecked,0,,CNN-151799;CNN-151813;CNN-152468;CNN-153133;CNN-153222
Kareem Abdul-Jabbar,True,no,,False,False,53,3,5183,2006-12-16,2020-07-23,4968.0,38,19,0.05660377358490566,unchecked,0,MR,NPR-11269;NPR-18745;NPR-26979;CNN-9685;CNN-144924
Sarah Chayes,True,no,,False,False,6,5,5146,2010-06-28,2019-10-03,3384.0,5,5,0.8333333333333334,unchecked,0,MS,NPR-446;NPR-969;NPR-8388;NPR-26149;NPR-44410
George Miller,True,no,,False,False,52,4,5142,2005-07-22,2016-05-23,3958.0,17,22,0.2692307692307692,unchecked,1,CONGRESSMAN;DR;REP;REPRESENTATIVE,NPR-1228;NPR-3739;NPR-4303;NPR-5294;NPR-7653
Ed Rogers,True,no,,False,False,26,4,5106,2007-02-26,2016-08-10,3453.0,11,15,0.2692307692307692,unchecked,0,MR,NPR-2674;NPR-12512;NPR-16493;NPR-24514;NPR-27056
Jonathan Chait,True,no,,False,False,17,5,5093,2006-01-03,2019-08-27,4984.0,14,11,0.4117647058823529,unchecked,0,,NPR-432;NPR-1401;NPR-10648;NPR-14879;NPR-23312
Stephen Cohen,True,no,,False,False,48,3,5092,2003-10-15,2017-07-07,5014.0,21,26,0.125,unchecked,0,DR;MR;PROF;REP,NPR-13767;NPR-17720;NPR-38046;NPR-38144;NPR-41653
Daniel Yergin,True,no,,False,False,28,5,5038,2001-11-14,2020-10-09,6904.0,16,14,0.42857142857142855,unchecked,0,DR;MR,NPR-6534;NPR-11156;NPR-25691;NPR-34619;NPR-36212
Leonard Pitts,True,no,,False,False,9,4,5034,2010-06-21,2020-05-07,3608.0,5,3,0.4444444444444444,unchecked,0,MR,NPR-4773;NPR-9788;NPR-12678;NPR-44486;CNN-129065
Simon Johnson,True,no,,False,False,28,6,5015,2008-09-26,2019-11-01,4053.0,23,9,0.7857142857142857,unchecked,0,DR;MR;PROFESSOR,NPR-6705;NPR-12139;NPR-12291;NPR-15502;NPR-16086
Ray Takeyh,True,no,,False,False,20,4,5009,2006-09-14,2012-06-20,2106.0,8,11,0.25,unchecked,0,MR,NPR-858;NPR-3478;NPR-10712;NPR-33331;NPR-41875
Isabella Rossellini,True,no,,False,False,3,3,4999,2003-12-13,2010-12-10,2554.0,2,2,0.3333333333333333,unchecked,0,MS,NPR-3345;CNN-79866;CNN-80156
Richard Cohen,True,no,,False,False,43,3,4994,2006-04-17,2018-10-30,4579.0,20,25,0.18604651162790697,unchecked,0,DR;MR;PROFESSOR,NPR-9659;NPR-11115;NPR-13695;NPR-17618;NPR-21655
Benjamin Wittes,True,no,,False,False,35,7,4993,2008-07-01,2018-02-05,3506.0,35,13,0.22857142857142856,unchecked,0,MR,NPR-5712;NPR-7164;NPR-12384;NPR-19068;NPR-19635
Soner Cagaptay,True,no,,False,False,37,4,4992,2006-05-04,2019-10-20,4917.0,35,9,0.21621621621621623,unchecked,0,MR,NPR-7677;NPR-19304;NPR-21594;NPR-23881;NPR-24314
Joseph Stiglitz,True,no,,False,False,29,4,4983,2001-10-10,2020-09-25,6925.0,19,13,0.20689655172413793,unchecked,0,DR;PROF;PROFESSOR,NPR-6126;NPR-6171;NPR-8647;NPR-19016;NPR-37840
Steve Clemons,True,no,,False,False,16,3,4834,2006-12-17,2011-08-22,1709.0,7,10,0.375,unchecked,0,MR,NPR-1488;NPR-4178;NPR-33798;NPR-34191;NPR-48224
Rashid Khalidi,True,no,,False,False,14,4,4797,2006-01-27,2019-03-21,4801.0,6,8,0.35714285714285715,unchecked,0,MR;PROFESSOR,NPR-1329;NPR-18248;NPR-30445;NPR-37911;NPR-42946
Ian Tattersall,True,no,,False,False,4,3,4767,2009-10-02,2012-04-06,917.0,3,2,0.75,unchecked,0,DR,NPR-12531;NPR-45277;NPR-46481;CNN-57471
Justin Wolfers,True,no,,False,False,13,4,4750,2006-04-28,2020-09-05,5244.0,12,6,0.6153846153846154,unchecked,0,DR;PROF;PROFESSOR,NPR-45;NPR-3993;NPR-20090;NPR-21245;NPR-29669
Karen Narasaki,True,no,,False,False,9,8,4710,2005-08-08,2006-02-15,191.0,8,2,0.8888888888888888,unchecked,0,MS,NPR-5197;NPR-45680;NPR-46127;NPR-46475;NPR-46540
Stephen Carter,True,no,,False,False,9,6,4704,2009-07-09,2017-05-20,2872.0,7,5,0.7777777777777778,unchecked,1,PROFESSOR,NPR-2428;NPR-11450;NPR-11573;NPR-11689;NPR-11994
Peter Leone,True,no,,False,False,3,3,4694,2011-04-15,2011-07-15,91.0,3,1,1.0,unchecked,0,DR,NPR-1641;NPR-1872;NPR-2235
Jorge Castaneda,True,no,,False,False,33,3,4665,2000-11-30,2019-07-09,6795.0,19,15,0.12121212121212122,unchecked,0,,NPR-10826;NPR-12422;NPR-16968;NPR-31343;CNN-11249
Katie Packer,True,no,,False,False,34,3,4641,2015-07-01,2016-12-01,519.0,34,11,0.08823529411764706,unchecked,0,,NPR-17684;NPR-22627;NPR-23680;CNN-258626;CNN-261501
De Leon,True,no,,False,False,20,3,4620,2016-08-07,2018-03-11,581.0,14,7,0.0,unchecked,0,,CNN-7674;CNN-94920;CNN-94925;CNN-104014;CNN-107222
Atul Gawande,True,no,,False,False,10,5,4618,2007-05-02,2020-05-18,4765.0,9,7,0.5,unchecked,0,DR,NPR-5030;NPR-8129;NPR-15443;NPR-17626;NPR-37254
Andy Beyer,True,no,,False,False,4,4,4613,2006-05-17,2012-06-07,2213.0,4,1,1.0,unchecked,0,MR,NPR-3676;NPR-10825;NPR-18209;NPR-18221
Robert Pape,True,no,,False,False,10,3,4607,2005-07-19,2017-11-04,4491.0,7,8,0.3,unchecked,0,DR;MR;PROFESSOR,NPR-17533;NPR-40820;NPR-47404;CNN-96190;CNN-96195
David Leonhardt,True,no,,False,False,8,5,4593,2008-10-25,2019-01-06,3725.0,6,6,0.625,unchecked,0,MR,NPR-1256;NPR-12379;NPR-38512;NPR-44924;NPR-49111
Paul Theroux,True,no,,False,False,3,3,4573,2008-08-18,2018-08-12,3646.0,3,3,1.0,unchecked,0,MR,NPR-13359;NPR-44511;NPR-47367
Stuart Firestein,True,no,,False,False,4,3,4565,2010-03-19,2012-06-01,805.0,3,2,0.75,unchecked,0,DR;PROFESSOR,NPR-6665;NPR-10892;NPR-45349;CNN-3815
Alexis Madrigal,True,no,,False,False,8,4,4563,2010-09-20,2014-08-29,1439.0,8,4,0.75,unchecked,0,MR,NPR-1799;NPR-2173;NPR-29362;NPR-30383;NPR-31332
Lisa Croslin,True,no,,False,False,37,5,4552,2009-10-14,2009-10-16,2.0,3,2,0.0,unchecked,0,,CNN-135811;CNN-142818;CNN-143293;CNN-143327;CNN-143975
Bailey White,True,no,,False,False,3,3,4527,2008-11-27,2012-11-22,1456.0,3,1,1.0,unchecked,0,MS,NPR-5925;NPR-30426;NPR-34335
Gillian Tett,True,no,,False,False,35,3,4513,2010-11-22,2019-02-04,2996.0,29,8,0.08571428571428572,unchecked,0,,NPR-11861;NPR-24115;NPR-32832;CNN-150529;CNN-153550
Bruce Hoffman,True,no,,False,False,43,5,4492,2000-10-20,2019-04-24,6760.0,19,20,0.3953488372093023,unchecked,0,DR;MR;PROFESSOR,NPR-441;NPR-5631;NPR-11345;NPR-17351;NPR-20904
Rocco Palmo,True,no,,False,False,6,5,4490,2010-04-06,2015-02-15,1776.0,6,3,1.0,unchecked,0,MR,NPR-842;NPR-3135;NPR-9521;NPR-25521;NPR-28091
Tarek Masoud,True,no,,False,False,11,3,4483,2011-12-11,2019-03-21,2657.0,7,5,0.2727272727272727,unchecked,0,,NPR-10720;NPR-10910;NPR-12430;CNN-161712;CNN-177490
Quinn Gray,True,no,,False,False,5,5,4473,2009-11-10,2009-11-27,17.0,4,1,0.0,unchecked,0,,CNN-144900;CNN-144943;CNN-145433;CNN-145496;CNN-145520
Steven Pifer,True,no,,False,False,44,4,4463,2011-11-23,2019-11-12,2911.0,36,13,0.20454545454545456,unchecked,0,,NPR-9713;NPR-22284;NPR-22611;NPR-24433;NPR-25402
Von Einsiedel,True,no,,False,False,5,3,4417,2016-10-22,2019-12-25,1159.0,4,2,0.0,unchecked,0,,CNN-228945;CNN-296635;CNN-300407;CNN-381362;CNN-388758
Rebecca Traister,True,no,,False,False,15,4,4346,2010-10-12,2020-02-14,3412.0,13,10,0.3333333333333333,unchecked,0,,NPR-1633;NPR-3851;NPR-8315;NPR-11324;NPR-22912
Alicia Shepard,True,no,,False,False,6,5,4335,2009-07-02,2013-12-22,1634.0,6,2,0.8333333333333334,unchecked,0,,NPR-3848;NPR-5063;NPR-45897;NPR-46064;NPR-46862
Sherrilyn Ifill,True,no,,False,False,12,3,4331,2007-03-07,2016-12-08,3564.0,8,7,0.5,unchecked,0,PROF;PROFESSOR,NPR-481;NPR-2141;NPR-5600;NPR-25640;NPR-30017
Laurie Garrett,True,no,,False,False,48,3,4312,2000-10-19,2020-05-07,7140.0,24,24,0.08333333333333333,unchecked,0,MS,NPR-12043;NPR-13400;NPR-16368;NPR-37081;CNN-11973
Leslie Gelb,True,no,,False,False,20,6,4293,2003-12-12,2011-06-14,2741.0,14,14,0.45,unchecked,0,DR;MR,NPR-3986;NPR-14970;NPR-19452;NPR-33033;NPR-33084
Alphonso Jackson,True,no,,False,False,18,3,4290,2003-12-12,2008-03-31,1571.0,8,9,0.2222222222222222,unchecked,0,MR;SECRETARY,NPR-2153;NPR-40488;NPR-45159;NPR-45982;CNN-80135
Laurie Levenson,True,no,,False,False,39,3,4283,2000-11-20,2019-08-11,6838.0,13,24,0.23076923076923078,unchecked,0,MS;PROF;PROFESSOR,NPR-2485;NPR-7815;NPR-14263;NPR-17457;NPR-22181
Michael Beschloss,True,no,,False,False,24,4,4280,2000-10-10,2018-12-18,6643.0,16,10,0.20833333333333334,unchecked,0,,NPR-4596;NPR-6764;NPR-16261;NPR-25192;NPR-48529
Dru Ealons,True,no,,False,False,9,9,4228,2015-11-07,2019-08-17,1379.0,9,1,1.0,unchecked,0,,NPR-9236;NPR-9687;NPR-14283;NPR-20468;NPR-22016
Debra Dickerson,True,no,,False,False,7,5,4227,2000-12-15,2005-12-30,1841.0,6,3,0.7142857142857143,unchecked,0,MS,NPR-46153;NPR-47252;NPR-47828;NPR-47983;NPR-48230
Holmes Norton,True,no,,False,False,9,6,4221,2000-12-10,2019-05-07,6722.0,7,6,0.0,unchecked,0,,CNN-21450;CNN-40888;CNN-194005;CNN-209527;CNN-350459
Del Barco,True,no,,False,False,13,7,4218,2005-05-16,2006-08-15,456.0,13,4,1.0,unchecked,0,,NPR-14263;NPR-38100;NPR-38407;NPR-39038;NPR-40011
Del Granado,True,no,,False,False,20,4,4202,,,,0,4,0.0,unchecked,0,,CNN-1327;CNN-4328;CNN-4329;CNN-5247;CNN-7620
Douglas Kmiec,True,no,,False,False,18,7,4185,2000-11-30,2008-03-25,2672.0,13,10,0.4444444444444444,unchecked,0,DEAN;DR;PROF;PROFESSOR,NPR-1224;NPR-6621;NPR-13408;NPR-15338;NPR-39126
John Green,True,no,,False,False,38,3,4185,2004-11-22,2018-02-12,4830.0,19,16,0.2631578947368421,unchecked,1,DR;MR;PROFESSOR,NPR-494;NPR-3862;NPR-6030;NPR-21660;NPR-22778
Philip Gordon,True,no,,False,False,21,5,4183,2000-10-10,2019-11-17,6977.0,15,12,0.42857142857142855,unchecked,0,MAYOR,NPR-5160;NPR-5768;NPR-9410;NPR-11834;NPR-17851
Deborah Mathis,True,no,,False,False,11,8,4155,2005-05-04,2006-07-24,446.0,9,3,0.8181818181818182,unchecked,0,MS;PROFESSOR,NPR-4554;NPR-4791;NPR-5129;NPR-7394;NPR-44456
Russell Moore,True,no,,False,False,30,4,4119,2013-12-18,2020-05-31,2356.0,26,13,0.23333333333333334,unchecked,0,,NPR-127;NPR-386;NPR-11699;NPR-14939;NPR-19994
Diane Brady,True,no,,False,False,31,4,4087,2003-11-15,2010-12-28,2600.0,14,8,0.12903225806451613,unchecked,0,MS,NPR-34093;NPR-36182;NPR-38901;NPR-38910;CNN-53670
Alissa Rubin,True,no,,False,False,9,8,4072,2005-07-27,2014-08-10,3301.0,8,5,0.8888888888888888,unchecked,0,MS,NPR-4122;NPR-14804;NPR-16072;NPR-16383;NPR-26562
Nate Silver,True,no,,False,False,24,5,4052,2010-09-18,2019-02-02,3059.0,13,13,0.2916666666666667,unchecked,0,MR,NPR-11922;NPR-13530;NPR-25444;NPR-26112;NPR-31685
Ronald Cummings,True,no,,False,False,93,3,4031,2009-10-12,2010-12-27,441.0,6,2,0.0,unchecked,0,,CNN-134936;CNN-134969;CNN-134971;CNN-135005;CNN-135131
Chris Buskirk,True,no,,False,False,6,6,4004,2016-10-25,2018-12-12,778.0,6,1,1.0,unchecked,0,,NPR-6256;NPR-16713;NPR-17895;NPR-18133;NPR-47691
John Cox,True,no,,False,False,16,3,3997,2011-05-31,2018-06-06,2563.0,6,7,0.25,unchecked,1,CAPT;CAPTAIN;MR,NPR-1877;NPR-12077;NPR-12642;NPR-25456;CNN-135009
Al Hussein,True,no,,False,False,8,5,3991,2015-06-01,2019-12-12,1655.0,6,5,0.0,unchecked,0,PRINCE,CNN-64920;CNN-69222;CNN-256431;CNN-296973;CNN-297144
Le Pen,True,no,,False,False,22,3,3987,2015-11-19,2017-05-05,533.0,19,7,0.0,unchecked,0,,CNN-52954;CNN-182600;CNN-231207;CNN-269450;CNN-292897
Robin Givhan,True,no,,False,False,16,5,3986,2009-11-25,2019-09-11,3577.0,10,11,0.375,unchecked,0,,NPR-884;NPR-3123;NPR-7017;NPR-8140;NPR-8739
Shawn Otto,True,no,,False,False,3,3,3977,2011-10-14,2012-07-27,287.0,3,1,1.0,unchecked,0,,NPR-1152;NPR-10424;NPR-11135
De Niro,True,no,,False,False,31,6,3952,2000-10-26,2020-04-17,7113.0,18,13,0.03225806451612903,unchecked,0,,NPR-26629;CNN-11029;CNN-11121;CNN-17248;CNN-17388
Ruy Teixeira,True,no,,False,False,9,4,3951,2002-11-29,2018-04-13,5614.0,8,5,0.7777777777777778,unchecked,0,MR,NPR-2240;NPR-10723;NPR-13548;NPR-27094;NPR-45489
Alvin Poussaint,True,no,,False,False,16,5,3950,2002-10-26,2014-10-26,4383.0,7,10,0.3125,unchecked,0,DR;MR,NPR-2879;NPR-44845;NPR-46148;NPR-46857;NPR-47842
Paul Taylor,True,no,,False,False,17,5,3945,2000-10-28,2016-12-24,5901.0,8,11,0.4117647058823529,unchecked,1,MR,NPR-9791;NPR-12807;NPR-19806;NPR-29017;NPR-31436
Jeffrey Hangst,True,no,,False,False,3,3,3908,2010-11-19,2013-05-03,896.0,3,1,1.0,unchecked,0,DR,NPR-1801;NPR-3576;NPR-8785
Michael Mcdonald,True,no,,False,False,34,4,3900,2008-10-31,2020-09-10,4332.0,29,17,0.20588235294117646,unchecked,0,DR,NPR-18071;NPR-18508;NPR-20030;NPR-20499;NPR-22779
Kathleen Hall Jamieson,True,no,,False,False,22,3,3890,2005-07-27,2020-07-30,5482.0,12,14,0.2727272727272727,unchecked,0,MS,NPR-2720;NPR-2829;NPR-10561;NPR-20343;NPR-22520
Karen Weaver,True,no,,False,False,24,3,3886,2015-12-18,2019-07-30,1320.0,24,11,0.20833333333333334,unchecked,0,MAYOR,NPR-17854;NPR-19020;NPR-20455;NPR-23011;NPR-23309
Simone Campbell,True,no,,False,False,26,4,3880,2012-02-14,2018-08-25,2384.0,9,12,0.15384615384615385,unchecked,0,SISTER,NPR-10207;NPR-12441;NPR-12912;NPR-31785;CNN-149195
Andra Gillespie,True,no,,False,False,11,3,3874,2011-11-07,2019-06-15,2777.0,10,6,0.45454545454545453,unchecked,0,,NPR-855;NPR-2683;NPR-10180;NPR-25620;NPR-27714
Gabrielle Giffords,True,no,,False,False,96,3,3856,2006-10-08,2020-08-21,5066.0,40,22,0.13541666666666666,unchecked,0,CONGRESSWOMAN;MS;REP;REPRESENTATIVE,NPR-598;NPR-783;NPR-3115;NPR-9667;NPR-13638
Paul Glastris,True,no,,False,False,9,6,3851,2011-01-12,2017-01-19,2199.0,7,4,0.6666666666666666,unchecked,0,MR,NPR-2954;NPR-3106;NPR-6620;NPR-8353;NPR-9504
Danielle Belton,True,no,,False,False,18,6,3838,2011-10-23,2018-04-21,2372.0,13,4,0.4444444444444444,unchecked,0,,NPR-15674;NPR-19191;NPR-19870;NPR-20211;NPR-20556
Meri Nana-Ama Danquah,True,no,,False,False,7,7,3836,2006-08-28,2008-02-26,547.0,7,1,1.0,unchecked,0,MS,NPR-1289;NPR-2139;NPR-2187;NPR-2271;NPR-2605
Al Faisal,True,no,,False,False,10,3,3822,2002-12-16,2018-11-27,5825.0,5,8,0.0,unchecked,0,,CNN-48413;CNN-48414;CNN-48475;CNN-64307;CNN-119802
Helene Gayle,True,no,,False,False,19,3,3791,2006-01-13,2015-04-26,3390.0,7,14,0.2631578947368421,unchecked,0,DR,NPR-4216;NPR-7376;NPR-26778;NPR-35588;NPR-45997
Jeffrey Lewis,True,no,,False,False,39,4,3785,2006-03-23,2020-10-18,5323.0,36,12,0.1794871794871795,unchecked,1,DR;MR;PROFESSOR,NPR-5624;NPR-18818;NPR-29839;NPR-39087;NPR-46971
David Winston,True,no,,False,False,37,5,3779,2004-11-22,2019-01-24,5176.0,12,16,0.21621621621621623,unchecked,0,MR,NPR-1009;NPR-2545;NPR-16660;NPR-19595;NPR-26504
Robert Shiller,True,no,,False,False,33,3,3776,2006-05-23,2019-11-24,4933.0,11,14,0.12121212121212122,unchecked,0,PROF;PROFESSOR,NPR-9892;NPR-18203;NPR-25022;NPR-47707;CNN-6486
Lee Gelernt,True,no,,False,False,37,3,3758,2017-02-10,2020-10-21,1349.0,37,9,0.1891891891891892,unchecked,0,,NPR-2858;NPR-5659;NPR-8618;NPR-9589;NPR-15953
Di Stefano,True,no,,False,False,10,5,3755,,,,0,8,0.0,unchecked,0,,CNN-94691;CNN-94699;CNN-94703;CNN-94748;CNN-95018
Peter Sokolowski,True,no,,False,False,5,4,3740,2013-03-14,2017-12-25,1747.0,5,4,1.0,unchecked,0,,NPR-42;NPR-9277;NPR-29149;NPR-47564;NPR-49392
Hank Croslin,True,no,,False,False,32,4,3725,,,,0,2,0.0,unchecked,0,,CNN-147688;CNN-147738;CNN-147777;CNN-147939;CNN-148010
Victor Davis Hanson,True,no,,False,False,8,3,3715,2006-01-24,2017-11-21,4319.0,5,5,0.375,unchecked,0,MR;PROFESSOR,NPR-16427;NPR-17286;NPR-18621;CNN-73146;CNN-88448
Mike Coffman,True,no,,False,False,60,3,3693,2014-06-21,2018-11-17,1610.0,55,18,0.08333333333333333,unchecked,0,REP;REPRESENTATIVE;SEN,NPR-2064;NPR-2203;NPR-6683;NPR-11057;NPR-16156
Bill Gross,True,no,,False,False,25,3,3653,2009-03-23,2019-11-26,3900.0,9,13,0.16,unchecked,0,MR,NPR-26171;NPR-32688;NPR-37281;NPR-45892;CNN-2256
Robert Barnett,True,no,,False,False,14,4,3633,2006-09-20,2019-12-20,4839.0,9,10,0.2857142857142857,unchecked,0,DR;PROFESSOR,NPR-6424;NPR-27890;NPR-40228;NPR-41854;CNN-36505
Joe Freeman,True,no,,False,False,4,4,3622,2005-09-05,2007-08-28,722.0,4,1,1.0,unchecked,0,DR,NPR-925;NPR-45464;NPR-46882;NPR-47033
Stephanie Sinclair,True,no,,False,False,4,3,3615,2010-02-17,2017-01-29,2538.0,3,3,0.75,unchecked,0,MS,NPR-607;NPR-13076;NPR-45585;CNN-190487
Clayborne Carson,True,no,,False,False,10,3,3605,2005-12-05,2018-08-28,4649.0,10,5,0.5,unchecked,0,MR;PROFESSOR,NPR-4524;NPR-7335;NPR-9751;NPR-39938;NPR-45136
Josh Gottheimer,True,no,,False,False,24,4,3586,2016-10-26,2020-10-17,1452.0,20,10,0.25,unchecked,0,REP;REPRESENTATIVE,NPR-5491;NPR-5625;NPR-13192;NPR-15680;NPR-16857
Michael Mccann,True,no,,False,False,38,3,3584,2006-06-15,2019-10-01,4856.0,21,20,0.15789473684210525,unchecked,0,MR,NPR-4593;NPR-4976;NPR-9746;NPR-9922;NPR-26507
Robert Daly,True,no,,False,False,13,5,3566,2015-11-05,2019-08-06,1370.0,13,5,0.38461538461538464,unchecked,0,,NPR-9419;NPR-13896;NPR-17223;NPR-17570;NPR-18104
Ramez Maluf,True,no,,False,False,7,6,3548,2005-06-09,2010-09-02,1911.0,7,1,1.0,unchecked,0,PROFESSOR,NPR-31007;NPR-33791;NPR-38293;NPR-38751;NPR-40188
Timothy Snyder,True,no,,False,False,15,3,3545,2014-02-21,2020-09-11,2394.0,15,4,0.2,unchecked,0,,NPR-22273;NPR-24052;NPR-27814;CNN-306580;CNN-336707
Michael Oppenheimer,True,no,,False,False,17,3,3542,2000-10-26,2019-08-30,6882.0,13,12,0.29411764705882354,unchecked,0,DR,NPR-3514;NPR-3759;NPR-4463;NPR-32297;NPR-41524
Glen Loury,True,no,,False,False,6,6,3482,2005-09-19,2006-11-28,435.0,6,1,1.0,unchecked,0,MR;PROFESSOR,NPR-3087;NPR-3303;NPR-3797;NPR-45193;NPR-45253
Matthew Yglesias,True,no,,False,False,8,7,3482,2017-05-12,2019-08-16,826.0,8,1,1.0,unchecked,0,,NPR-391;NPR-6447;NPR-13451;NPR-13942;NPR-17945
James Bamford,True,no,,False,False,47,3,3468,2004-10-15,2019-02-12,5233.0,16,25,0.0851063829787234,unchecked,0,MR,NPR-17767;NPR-24588;NPR-39807;NPR-42995;CNN-3445
Liz Sly,True,no,,False,False,8,5,3464,2011-10-26,2018-06-27,2436.0,8,5,0.625,unchecked,0,,NPR-69;NPR-1085;NPR-4881;NPR-19138;NPR-21264
Tammy Baldwin,True,no,,False,False,47,4,3455,2007-10-31,2020-09-23,4711.0,38,14,0.06382978723404255,unchecked,0,REP;REPRESENTATIVE;SEN;SENATOR,NPR-19279;NPR-23051;NPR-36258;CNN-86944;CNN-116566
Ann Selzer,True,no,,False,False,4,4,3436,2007-12-15,2019-09-29,4306.0,4,3,1.0,unchecked,0,MS,NPR-490;NPR-1502;NPR-7781;NPR-17711
Jessica Mendoza,True,no,,False,False,9,6,3432,2015-10-10,2018-10-23,1109.0,9,3,0.7777777777777778,unchecked,1,,NPR-2850;NPR-4418;NPR-14597;NPR-19780;NPR-20795
Bill Mckibben,True,no,,False,False,14,3,3414,2010-04-16,2020-03-03,3609.0,14,4,0.42857142857142855,unchecked,0,MR,NPR-4288;NPR-4412;NPR-10738;NPR-23692;NPR-29826
Sheila Bair,True,no,,False,False,36,3,3414,2008-07-15,2020-04-16,4293.0,20,12,0.2222222222222222,unchecked,0,MS,NPR-4152;NPR-34225;NPR-34848;NPR-35856;NPR-38502
Matthew Kroenig,True,no,,False,False,15,3,3400,2011-12-28,2019-01-06,2566.0,14,6,0.2,unchecked,0,,NPR-8791;NPR-11032;NPR-12784;CNN-178432;CNN-178436
Amy Howe,True,no,,False,False,10,5,3382,2010-04-07,2020-09-26,3825.0,8,7,0.5,unchecked,0,MS,NPR-132;NPR-1706;NPR-22255;NPR-45206;NPR-45669
Tim Kane,True,no,,False,False,9,3,3363,2005-05-02,2011-01-13,2082.0,4,8,0.3333333333333333,unchecked,0,DR;MR,NPR-3042;NPR-3121;NPR-48225;CNN-89532;CNN-89539
Andrew Bacevich,True,no,,False,False,9,3,3360,2009-07-22,2019-08-27,3688.0,6,8,0.4444444444444444,unchecked,0,COL;PROFESSOR,NPR-9044;NPR-9262;NPR-13175;NPR-46659;CNN-140612
Shaun Walker,True,no,,False,False,9,5,3358,2017-04-04,2019-07-30,847.0,5,6,0.5555555555555556,unchecked,0,,NPR-9625;NPR-15173;NPR-15417;NPR-46394;NPR-47674
Ali Vaez,True,no,,False,False,28,3,3327,2013-05-24,2020-02-23,2466.0,28,6,0.6428571428571429,unchecked,0,,NPR-2505;NPR-3740;NPR-5593;NPR-8519;NPR-12099
Suleika Jaouad,True,no,,False,False,4,3,3326,2012-10-19,2013-06-12,236.0,4,2,1.0,unchecked,0,,NPR-8350;NPR-9533;NPR-10147;NPR-30649
Matthew Continetti,True,no,,False,False,14,6,3318,2007-04-01,2015-12-11,3176.0,11,8,0.5,unchecked,0,MR,NPR-14207;NPR-30221;NPR-39190;NPR-40607;NPR-41274
Princeton Lyman,True,no,,False,False,8,3,3308,2005-08-23,2012-04-30,2442.0,4,7,0.5,unchecked,0,AMBASSADOR;MR,NPR-2151;NPR-11220;NPR-47149;NPR-48882;CNN-74044
Steven Petrow,True,no,,False,False,7,7,3304,2015-11-21,2019-09-01,1380.0,7,1,1.0,unchecked,0,,NPR-8962;NPR-14760;NPR-16631;NPR-18955;NPR-20211
Don Pettit,True,no,,False,False,6,3,3299,2003-10-17,2012-12-07,3339.0,4,3,0.5,unchecked,0,,NPR-9993;NPR-10654;NPR-12495;CNN-70248;CNN-78170
De Hoop Scheffer,True,no,,False,False,8,4,3275,2006-10-27,2007-11-23,392.0,2,6,0.0,unchecked,0,,CNN-81606;CNN-92334;CNN-95071;CNN-104099;CNN-110494
Michael Thompson,True,no,,False,False,13,3,3268,2009-12-06,2019-08-10,3534.0,5,10,0.38461538461538464,unchecked,1,CAPT;MR,NPR-1554;NPR-5378;NPR-8541;NPR-27354;NPR-36291
William Frey,True,no,,False,False,16,4,3265,2006-03-14,2020-05-03,5164.0,12,11,0.4375,unchecked,0,DR;MR,NPR-2242;NPR-20331;NPR-29927;NPR-34162;NPR-41978
Alan Feuer,True,no,,False,False,3,3,3254,2012-05-08,2019-02-03,2462.0,3,2,1.0,unchecked,0,,NPR-796;NPR-5310;NPR-11161
Reuel Marc Gerecht,True,no,,False,False,35,3,3238,2003-10-24,2020-01-12,5924.0,14,16,0.08571428571428572,unchecked,0,MR,NPR-42398;NPR-42956;NPR-43264;CNN-16083;CNN-76023
Tim Wu,True,no,,False,False,7,4,3234,2006-11-06,2019-01-17,4455.0,7,5,0.5714285714285714,unchecked,0,MR,NPR-5681;NPR-17291;NPR-27486;NPR-46250;CNN-341345
Del Ponte,True,no,,False,False,7,3,3229,,,,0,7,0.0,unchecked,0,,CNN-29191;CNN-29195;CNN-33679;CNN-33730;CNN-51135
Chuck Cox,True,no,,False,False,29,4,3228,2009-12-14,2011-12-30,746.0,6,5,0.0,unchecked,0,,CNN-146053;CNN-146126;CNN-146271;CNN-146744;CNN-147647
Harry Jackson,True,no,,False,False,10,3,3218,2006-11-03,2015-06-18,3149.0,5,7,0.4,unchecked,0,BISHOP;PASTOR,NPR-1901;NPR-3319;NPR-12862;NPR-36806;CNN-115887
Anthony Mackie,True,no,,False,False,7,3,3215,2005-06-14,2016-05-21,3994.0,6,5,0.5714285714285714,unchecked,0,MR,NPR-146;NPR-21950;NPR-30050;NPR-47765;CNN-162837
David Gorn,True,no,,False,False,7,7,3214,2008-02-12,2008-12-15,307.0,7,3,1.0,unchecked,0,,NPR-455;NPR-1592;NPR-9767;NPR-13139;NPR-35667
Yossi Klein Halevi,True,no,,False,False,9,3,3192,2006-03-29,2018-06-28,4474.0,5,6,0.5555555555555556,unchecked,0,MR,NPR-2916;NPR-4890;NPR-38969;NPR-39028;NPR-45374
Adam Pertman,True,no,,False,False,17,3,3176,2006-01-08,2012-12-28,2546.0,10,8,0.23529411764705882,unchecked,0,MR,NPR-9932;NPR-30179;NPR-43045;NPR-47259;CNN-24212
Marc Mauer,True,no,,False,False,9,4,3176,2007-03-19,2020-06-06,4828.0,9,6,0.6666666666666666,unchecked,0,MR,NPR-2003;NPR-10492;NPR-18484;NPR-18884;NPR-28478
Mcmorris Rodgers,True,no,,False,False,8,4,3174,2013-10-30,2017-05-02,1280.0,2,5,0.0,unchecked,0,,CNN-186026;CNN-187537;CNN-199414;CNN-214959;CNN-215402
Katharine Hayhoe,True,no,,False,False,18,4,3163,2014-12-21,2020-08-30,2079.0,18,7,0.2222222222222222,unchecked,0,,NPR-794;NPR-3492;NPR-12842;NPR-48685;CNN-265406
Nicholas Eberstadt,True,no,,False,False,11,3,3146,2013-02-21,2018-06-02,1927.0,5,7,0.36363636363636365,unchecked,0,,NPR-9004;NPR-9479;NPR-10538;NPR-11518;CNN-3487
Daniel Byman,True,no,,False,False,13,5,3132,2006-01-25,2017-08-18,4223.0,11,9,0.6153846153846154,unchecked,0,DR;MR,NPR-6403;NPR-6724;NPR-16336;NPR-38259;NPR-39577
Frederick Kagan,True,no,,False,False,16,3,3123,2005-10-18,2015-09-22,3626.0,9,8,0.375,unchecked,0,MR,NPR-9262;NPR-19015;NPR-21070;NPR-37229;NPR-40222
De Torrente,True,no,,False,False,7,3,3101,2001-10-13,2001-10-13,0.0,1,5,0.0,unchecked,0,,CNN-41680;CNN-48032;CNN-49079;CNN-69122;CNN-82754
Mann Leverett,True,no,,False,False,8,3,3095,2015-02-06,2020-01-07,1796.0,7,3,0.0,unchecked,0,,CNN-213980;CNN-248795;CNN-252269;CNN-252311;CNN-252347
Lance Bottoms,True,no,,False,False,9,4,3088,2018-06-21,2020-08-15,786.0,9,4,0.0,unchecked,0,,CNN-343298;CNN-343476;CNN-353924;CNN-395310;CNN-398443
Joshua Mcelwee,True,no,,False,False,6,6,3079,2014-09-24,2017-08-06,1047.0,6,2,1.0,unchecked,0,,NPR-10706;NPR-19998;NPR-21031;NPR-21169;NPR-23342
David Cole,True,no,,False,False,34,4,3053,2001-11-27,2008-11-18,2548.0,23,21,0.23529411764705882,unchecked,0,DR;MR;PROFESSOR,NPR-15147;NPR-19516;NPR-36775;NPR-40258;NPR-41037
Charles Fishman,True,no,,False,False,9,4,3052,2006-04-05,2019-07-19,4853.0,7,6,0.6666666666666666,unchecked,0,MR,NPR-6333;NPR-18005;NPR-26989;NPR-30078;NPR-32357
Sheryll Cashin,True,no,,False,False,8,3,3052,2000-11-30,2018-04-22,6352.0,5,6,0.375,unchecked,0,PROFESSOR,NPR-155;NPR-39380;NPR-47074;CNN-20864;CNN-21194
Mary Mitchell,True,no,,False,False,12,3,3039,2005-05-09,2016-04-04,3983.0,6,4,0.25,unchecked,1,MS,NPR-47302;NPR-47976;NPR-48139;CNN-112558;CNN-133247
Ronald Neumann,True,no,,False,False,13,3,3033,2005-09-16,2020-02-13,5263.0,12,6,0.6923076923076923,unchecked,0,AMBASSADOR;MR,NPR-3527;NPR-5799;NPR-14058;NPR-16933;NPR-19689
Garry Kasparov,True,no,,False,False,23,3,3031,2006-10-15,2020-08-23,5061.0,19,13,0.17391304347826086,unchecked,0,MR,NPR-36576;NPR-36907;NPR-40985;NPR-41754;CNN-9837
Bridget Johnson,True,no,,False,False,6,6,3023,2015-10-17,2018-02-03,840.0,6,1,1.0,unchecked,0,,NPR-17618;NPR-19287;NPR-23445;NPR-23638;NPR-23844
Samuel Rodriguez,True,no,,False,False,20,3,3016,2006-04-19,2020-10-08,5286.0,14,16,0.2,unchecked,1,DR;MR;REV;REVEREND,NPR-9442;NPR-13462;NPR-13678;NPR-14144;CNN-123724
Kristal Brent Zook,True,no,,False,False,11,5,3015,2005-06-10,2017-07-08,4411.0,6,5,0.45454545454545453,unchecked,0,MS,NPR-3151;NPR-41354;NPR-45987;NPR-46344;NPR-47775
Kerry Emanuel,True,no,,False,False,5,3,3013,2005-09-06,2011-02-04,1977.0,5,4,1.0,unchecked,0,PROFESSOR,NPR-2925;NPR-15744;NPR-35825;NPR-40362;NPR-43667
Bruce Riedel,True,no,,False,False,34,4,3003,2007-04-30,2018-12-03,4235.0,17,11,0.20588235294117646,unchecked,0,MR,NPR-1796;NPR-5029;NPR-5677;NPR-27133;NPR-33875
Larry Diamond,True,no,,False,False,11,3,2998,2006-10-14,2017-08-03,3946.0,4,9,0.36363636363636365,unchecked,0,MR,NPR-7358;NPR-16766;NPR-17385;NPR-37637;CNN-84766
Steven Lee Myers,True,no,,False,False,7,5,2985,2014-03-02,2018-06-07,1558.0,6,6,0.7142857142857143,unchecked,1,,NPR-5089;NPR-11492;NPR-11844;NPR-17237;NPR-46426
Nate Rawlings,True,no,,False,False,7,3,2973,2008-06-18,2009-03-03,258.0,4,2,0.5714285714285714,unchecked,0,CAPTAIN,NPR-8395;NPR-9501;NPR-10212;NPR-13221;CNN-226965
Anne Barnard,True,no,,False,False,8,6,2966,2014-02-15,2018-02-10,1456.0,8,4,0.875,unchecked,0,,NPR-2050;NPR-17502;NPR-20719;NPR-22337;NPR-23652
Wong Ulrich,True,no,,False,False,12,4,2950,2007-12-22,2012-11-17,1792.0,9,2,0.0,unchecked,0,,CNN-122342;CNN-122353;CNN-122484;CNN-122491;CNN-155792
Michael White,True,no,,False,False,21,4,2935,2005-05-06,2020-08-24,5589.0,12,17,0.23809523809523808,unchecked,1,MAYOR;MR,NPR-19229;NPR-27733;NPR-40984;NPR-44344;NPR-48261
Clint Watts,True,no,,False,False,19,4,2924,2014-09-06,2019-04-20,1687.0,19,12,0.3684210526315789,unchecked,0,,NPR-4724;NPR-4743;NPR-10844;NPR-12054;NPR-18997
Sarah Jones,True,no,,False,False,8,3,2924,2006-03-20,2020-03-03,5097.0,5,7,0.375,unchecked,1,MS,NPR-476;NPR-3337;NPR-45236;CNN-153152;CNN-183813
Loren Mooney,True,no,,False,False,3,3,2891,2010-05-18,2010-07-12,55.0,3,2,1.0,unchecked,0,MS,NPR-5086;NPR-14211;NPR-44828
Kennedy Townsend,True,no,,False,False,6,3,2890,2002-10-15,2002-10-22,7.0,2,4,0.0,unchecked,0,,CNN-13595;CNN-13915;CNN-14087;CNN-34771;CNN-61739
Robert Sampson,True,no,,False,False,3,3,2887,2005-12-23,2013-02-19,2615.0,3,2,1.0,unchecked,0,PROFESSOR,NPR-6056;NPR-9480;NPR-46234
Kelly Mcbride,True,no,,False,False,16,3,2848,2002-10-26,2019-02-10,5951.0,14,6,0.4375,unchecked,0,MS;PROFESSOR,NPR-2324;NPR-3015;NPR-9996;NPR-13569;NPR-26132
Courtney Nguyen,True,no,,False,False,5,5,2837,2015-06-08,2018-09-01,1181.0,5,2,1.0,unchecked,0,,NPR-4597;NPR-5584;NPR-19193;NPR-19344;NPR-21790
Dina Temple,True,no,,False,False,7,4,2837,2008-02-05,2011-10-01,1334.0,7,4,1.0,unchecked,0,,NPR-2168;NPR-32471;NPR-33935;NPR-34143;NPR-35532
James Taylor,True,no,,False,False,28,3,2834,2000-12-28,2014-11-03,5058.0,10,14,0.21428571428571427,unchecked,1,MR;PROFESSOR,NPR-6;NPR-12902;NPR-23219;NPR-30021;NPR-36659
De Borchgrave,True,no,,False,False,7,4,2813,2001-12-22,2003-10-24,671.0,2,7,0.0,unchecked,0,,CNN-43031;CNN-46040;CNN-54086;CNN-78472;CNN-83819
Suzanne Maloney,True,no,,False,False,9,3,2809,2007-08-23,2018-04-30,3903.0,5,5,0.5555555555555556,unchecked,0,MS,NPR-12784;NPR-23054;NPR-24826;NPR-36363;NPR-46773
La Porte,True,no,,False,False,11,4,2805,2012-12-20,2014-10-25,674.0,4,3,0.0,unchecked,0,,CNN-189380;CNN-197860;CNN-200910;CNN-202994;CNN-212866
Joseph Detrani,True,no,,False,False,27,3,2804,2014-10-14,2019-10-29,1841.0,23,8,0.1111111111111111,unchecked,0,AMB;AMBASSADOR,NPR-16626;NPR-19696;NPR-46545;CNN-114952;CNN-115039
Bush 41,True,no,,False,False,7,3,2795,2018-12-01,2018-12-03,2.0,7,5,0.0,unchecked,0,,CNN-356046;CNN-356047;CNN-356048;CNN-356076;CNN-356079
De Juniac,True,no,,False,False,10,3,2793,2015-11-24,2020-04-29,1618.0,9,1,0.0,unchecked,0,,CNN-231927;CNN-269802;CNN-285737;CNN-300174;CNN-308651
Chris Roberts,True,no,,False,False,12,3,2792,2005-10-02,2006-05-07,217.0,5,6,0.4166666666666667,unchecked,1,MR,NPR-42422;NPR-43037;NPR-43252;NPR-43477;NPR-43589
Rick Nelson,True,no,,False,False,9,3,2788,2009-11-11,2016-09-04,2489.0,4,9,0.3333333333333333,unchecked,0,MR,NPR-10279;NPR-14376;NPR-20932;CNN-144967;CNN-146777
Bin Talal,True,no,,False,False,7,3,2782,2014-09-15,2014-11-06,52.0,5,3,0.0,unchecked,0,,CNN-161561;CNN-169384;CNN-238897;CNN-239142;CNN-239143
Henry Blodget,True,no,,False,False,19,3,2775,2000-11-21,2015-04-16,5259.0,6,9,0.15789473684210525,unchecked,0,MR,NPR-13704;NPR-15252;NPR-15261;CNN-923;CNN-8177
Jolene Ivey,True,no,,False,False,7,5,2770,2016-02-13,2017-08-26,560.0,7,1,1.0,unchecked,0,,NPR-16151;NPR-19571;NPR-20048;NPR-20742;NPR-22146
Jonah Keri,True,no,,False,False,5,5,2768,2013-07-05,2018-09-26,1909.0,5,1,1.0,unchecked,0,,NPR-3887;NPR-21331;NPR-27005;NPR-27500;NPR-28819
Marc Lynch,True,no,,False,False,6,4,2730,2011-01-29,2013-12-28,1064.0,5,4,0.8333333333333334,unchecked,0,MR;PROFESSOR,NPR-5685;NPR-28097;NPR-29785;NPR-48837;NPR-48846
Di Giovanni,True,no,,False,False,7,3,2722,2014-11-15,2016-01-09,420.0,6,4,0.0,unchecked,0,,CNN-69454;CNN-243314;CNN-246840;CNN-249109;CNN-269248
Richard Trumka,True,no,,False,False,32,3,2713,2005-07-26,2020-07-29,5482.0,17,20,0.21875,unchecked,0,MR,NPR-2232;NPR-6299;NPR-20224;NPR-24587;NPR-28892
Sarah Stillman,True,no,,False,False,3,3,2713,2011-06-02,2018-01-09,2413.0,3,3,1.0,unchecked,0,MS,NPR-10323;NPR-13816;NPR-29427
Peter Roskam,True,no,,False,False,46,3,2710,2007-11-28,2017-12-19,3674.0,27,19,0.10869565217391304,unchecked,0,REP;REPRESENTATIVE;SEN,NPR-12331;NPR-21157;NPR-31359;NPR-32797;NPR-34074
Felix Salmon,True,no,,False,False,6,3,2702,2008-12-21,2014-07-29,2046.0,5,3,0.6666666666666666,unchecked,0,MR,NPR-2189;NPR-6225;NPR-32640;NPR-35542;CNN-203250
Ronald Mincy,True,no,,False,False,3,3,2701,2005-06-16,2006-06-19,368.0,3,1,1.0,unchecked,0,MR;PROFESSOR,NPR-4938;NPR-45175;NPR-47624
Daniel Fried,True,no,,False,False,12,4,2693,2006-02-17,2018-08-09,4556.0,12,7,0.5833333333333334,unchecked,0,AMBASSADOR;MR,NPR-4038;NPR-7303;NPR-14782;NPR-36439;NPR-42839
David Kang,True,no,,False,False,16,4,2691,2003-11-11,2018-03-28,5251.0,14,8,0.25,unchecked,0,,NPR-12361;NPR-13891;NPR-15903;NPR-48005;CNN-79074
Loveday Morris,True,no,,False,False,6,6,2673,2013-08-21,2017-03-26,1313.0,6,2,1.0,unchecked,0,,NPR-19053;NPR-19540;NPR-21603;NPR-22138;NPR-25072
Mujib Mashal,True,no,,False,False,5,4,2673,2014-01-10,2016-05-26,867.0,5,1,1.0,unchecked,0,,NPR-19391;NPR-21043;NPR-22121;NPR-23946;NPR-24482
Scott Mccartney,True,no,,False,False,8,5,2664,2006-08-18,2017-05-07,3915.0,7,7,0.625,unchecked,0,MR,NPR-5324;NPR-9359;NPR-11282;NPR-28884;NPR-48047
Mac Donald,True,no,,False,False,7,4,2663,2015-06-02,2018-01-16,959.0,3,7,0.0,unchecked,0,,CNN-34626;CNN-51591;CNN-57558;CNN-114374;CNN-256509
Von Anhalt,True,no,,False,False,8,4,2629,,,,0,7,0.0,unchecked,0,,CNN-114417;CNN-114434;CNN-114435;CNN-114460;CNN-114577
Sylvie Kauffmann,True,no,,False,False,7,5,2620,2011-06-12,2018-01-26,2420.0,7,5,0.8571428571428571,unchecked,0,,NPR-5972;NPR-11595;NPR-18528;NPR-19081;NPR-31644
Nathan Brown,True,no,,False,False,10,4,2615,2008-12-30,2018-06-06,3445.0,10,7,0.8,unchecked,0,,NPR-10720;NPR-12143;NPR-24128;NPR-25339;NPR-26912
Brandon Judd,True,no,,False,False,20,3,2598,2016-04-04,2019-07-03,1185.0,18,10,0.25,unchecked,0,,NPR-1263;NPR-9973;NPR-17885;NPR-19768;NPR-46293
Stephen Sestanovich,True,no,,False,False,9,5,2585,2008-08-11,2018-07-21,3631.0,7,5,0.6666666666666666,unchecked,0,MR,NPR-11167;NPR-18917;NPR-27646;NPR-39218;NPR-39250
Emerald Garner,True,no,,False,False,27,3,2577,2014-12-08,2020-05-31,2001.0,27,12,0.037037037037037035,unchecked,0,,NPR-6604;CNN-244800;CNN-244896;CNN-244900;CNN-245807
Mimi Wesson,True,no,,False,False,3,3,2565,2006-07-02,2007-07-01,364.0,3,1,1.0,unchecked,0,PROFESSOR,NPR-17904;NPR-18642;NPR-18824
Renee Amoore,True,no,,False,False,6,4,2552,2005-08-18,2007-01-10,510.0,4,2,0.6666666666666666,unchecked,0,MS,NPR-2623;NPR-46894;NPR-47071;NPR-47213;CNN-125779
Kenneth Lieberthal,True,no,,False,False,15,4,2548,2005-12-13,2015-09-25,3573.0,9,11,0.4,unchecked,0,MR;PROFESSOR,NPR-19009;NPR-21061;NPR-23960;NPR-35524;NPR-43187
Farah Jasmine Griffin,True,no,,False,False,6,4,2542,2005-09-09,2019-07-13,5055.0,6,2,1.0,unchecked,0,DR;PROFESSOR,NPR-929;NPR-989;NPR-1058;NPR-1879;NPR-8690
Karen Deyoung,True,no,,False,False,7,4,2537,2006-10-02,2013-02-06,2319.0,6,4,0.7142857142857143,unchecked,0,MS,NPR-2911;NPR-29898;NPR-33187;NPR-37795;NPR-38141
John Ourand,True,no,,False,False,6,6,2531,2009-03-21,2017-04-26,2958.0,6,3,1.0,unchecked,0,MR,NPR-12777;NPR-18733;NPR-20278;NPR-22793;NPR-23194
Francis Fukuyama,True,no,,False,False,12,3,2523,2007-08-22,2020-07-05,4701.0,8,7,0.5,unchecked,0,PROFESSOR,NPR-3473;NPR-5319;NPR-12041;NPR-15172;NPR-15280
Russell Roberts,True,no,,False,False,8,3,2461,2005-10-31,2011-08-08,2107.0,6,7,0.625,unchecked,0,DR;PROFESSOR,NPR-1547;NPR-9490;NPR-32620;NPR-39749;NPR-40146
Michelle Faul,True,no,,False,False,5,5,2454,2014-01-15,2017-11-19,1404.0,5,2,1.0,unchecked,0,,NPR-14833;NPR-24168;NPR-24493;NPR-27499;NPR-28024
Girish Gupta,True,no,,False,False,5,5,2452,2014-02-25,2017-07-30,1251.0,5,2,1.0,unchecked,0,,NPR-16862;NPR-18309;NPR-18756;NPR-24371;NPR-27774
Holloway Twitty,True,no,,False,False,5,3,2437,,,,0,3,0.0,unchecked,0,,CNN-95872;CNN-96355;CNN-96415;CNN-97291;CNN-103187
Omer Taspinar,True,no,,False,False,7,5,2436,2011-09-06,2018-12-18,2660.0,6,4,0.7142857142857143,unchecked,0,,NPR-1685;NPR-13438;NPR-19092;NPR-19719;NPR-32473
Andy Greenberg,True,no,,False,False,11,3,2420,2012-04-05,2019-04-11,2562.0,11,4,0.36363636363636365,unchecked,0,,NPR-23353;NPR-25672;NPR-31865;NPR-31883;CNN-196449
Stuart Bowen,True,no,,False,False,31,3,2417,2005-07-28,2013-03-22,2794.0,13,9,0.16129032258064516,unchecked,0,MR,NPR-26354;NPR-37434;NPR-40088;NPR-40791;NPR-45002
Danica Coto,True,no,,False,False,6,5,2414,2017-05-07,2017-12-30,237.0,6,2,1.0,unchecked,0,,NPR-13943;NPR-15555;NPR-18530;NPR-49381;NPR-49382
Nigella Lawson,True,no,,False,False,10,3,2410,2007-11-29,2018-04-23,3798.0,7,5,0.4,unchecked,0,MS,NPR-20774;NPR-23072;NPR-36118;NPR-45682;CNN-62774
Jim Darling,True,no,,False,False,11,3,2399,2014-07-02,2019-01-12,1655.0,11,6,0.36363636363636365,unchecked,0,MAYOR,NPR-1180;NPR-7356;NPR-12789;NPR-26889;CNN-349791
Hannah Dreier,True,no,,False,False,5,3,2395,2016-08-14,2020-02-18,1283.0,5,3,0.8,unchecked,0,,NPR-20394;NPR-20599;NPR-21159;NPR-45932;CNN-393117
Kim Parker,True,no,,False,False,4,3,2384,2012-05-15,2016-05-28,1474.0,3,4,0.75,unchecked,0,,NPR-8571;NPR-21895;NPR-27986;CNN-147584
Alex Kellogg,True,no,,False,False,8,4,2371,2011-02-20,2011-08-21,182.0,8,3,1.0,unchecked,0,,NPR-13480;NPR-29129;NPR-29290;NPR-29581;NPR-29797
Chuck Canterbury,True,no,,False,False,9,4,2370,2007-11-15,2018-09-08,3950.0,8,8,0.5555555555555556,unchecked,0,MR,NPR-71;NPR-83;NPR-4338;NPR-5892;NPR-21501
Shuja Nawaz,True,no,,False,False,8,5,2369,2010-07-09,2014-12-16,1621.0,7,4,0.875,unchecked,0,MR,NPR-12117;NPR-13787;NPR-25591;NPR-28436;NPR-31330
De La Zerda,True,no,,False,False,7,5,2367,2020-06-30,2020-08-02,33.0,7,3,0.0,unchecked,0,,CNN-404180;CNN-404483;CNN-405078;CNN-405447;CNN-407085
Steve Erlanger,True,no,,False,False,4,3,2365,2006-02-20,2014-09-14,3128.0,3,4,0.75,unchecked,0,,NPR-1338;NPR-3975;NPR-14525;CNN-16826
Drew Kesse,True,no,,False,False,14,3,2357,2006-10-26,2006-10-26,0.0,1,3,0.0,unchecked,0,,CNN-102164;CNN-102580;CNN-102689;CNN-102987;CNN-103159
Kwame Alexander,True,no,,False,False,4,3,2344,2017-07-27,2018-08-20,389.0,4,1,1.0,unchecked,0,,NPR-3706;NPR-14225;NPR-45545;NPR-47683
Mona Hanna-Attisha,True,no,,False,False,25,3,2343,2015-10-18,2018-06-22,978.0,25,12,0.12,unchecked,0,DOCTOR;DR,NPR-15683;NPR-23309;NPR-23843;CNN-273381;CNN-273414
Edmond Keller,True,no,,False,False,3,3,2317,2007-11-20,2008-03-25,126.0,3,1,1.0,unchecked,0,DR;PROF;PROFESSOR,NPR-43;NPR-10760;NPR-13146
George Grayson,True,no,,False,False,28,3,2315,2006-04-10,2010-10-16,1650.0,6,11,0.14285714285714285,unchecked,0,MR;PROF;PROFESSOR,NPR-13867;NPR-45202;NPR-48809;NPR-49495;CNN-25870
Noam Scheiber,True,no,,False,False,8,3,2304,2012-09-16,2017-09-03,1813.0,6,6,0.375,unchecked,0,,NPR-10541;NPR-25848;NPR-30845;CNN-57533;CNN-81144
Steven Ivory,True,no,,False,False,5,4,2303,2005-12-26,2007-02-28,429.0,5,2,1.0,unchecked,0,MR,NPR-2194;NPR-4830;NPR-14632;NPR-45184;NPR-46218
David Field,True,no,,False,False,19,3,2267,2001-11-12,2009-10-29,2908.0,11,10,0.5263157894736842,unchecked,0,MR,NPR-6894;NPR-32378;NPR-34943;NPR-35338;NPR-37307
Howard Davidowitz,True,no,,False,False,24,3,2265,2001-10-23,2015-11-27,5148.0,19,12,0.5833333333333334,unchecked,0,MR,NPR-8396;NPR-9388;NPR-13702;NPR-14917;NPR-15017
Hooman Majd,True,no,,False,False,11,3,2253,2009-06-09,2014-11-25,1995.0,3,6,0.2727272727272727,unchecked,0,MR,NPR-23088;NPR-30955;NPR-32748;CNN-139418;CNN-139814
Andy Kohut,True,no,,False,False,11,3,2239,2006-04-05,2015-09-08,3443.0,9,6,0.8181818181818182,unchecked,0,MR,NPR-13878;NPR-14129;NPR-14585;NPR-24054;NPR-33233
Sam Eaton,True,no,,False,False,6,4,2237,2007-04-23,2008-11-07,564.0,6,1,1.0,unchecked,0,,NPR-945;NPR-2939;NPR-10143;NPR-10187;NPR-44397
Debbie Walsh,True,no,,False,False,9,3,2232,2005-05-12,2019-01-02,4983.0,6,7,0.6666666666666666,unchecked,0,MS;PROFESSOR,NPR-1385;NPR-2161;NPR-17419;NPR-30703;NPR-31721
Michael Lomax,True,no,,False,False,10,4,2231,2005-09-08,2017-09-17,4392.0,5,5,0.5,unchecked,0,DR;MR,NPR-3928;NPR-15552;NPR-25178;NPR-39496;NPR-46888
Tony Romm,True,no,,False,False,5,4,2224,2017-07-27,2019-06-04,677.0,5,1,1.0,unchecked,0,,NPR-2456;NPR-3201;NPR-3223;NPR-10301;NPR-14226
Lucy Morgan,True,no,,False,False,6,4,2216,2012-01-25,2012-07-16,173.0,4,3,0.6666666666666666,unchecked,0,,NPR-170;NPR-10492;NPR-12435;NPR-32183;CNN-36181
Phillip Carter,True,no,,False,False,9,3,2211,2005-10-04,2020-01-17,5218.0,7,6,0.4444444444444444,unchecked,0,CAPTAIN,NPR-6869;NPR-15321;NPR-30078;NPR-49006;CNN-227817
Katia Dunn,True,no,,False,False,7,4,2208,2006-11-07,2009-07-14,980.0,7,3,1.0,unchecked,0,,NPR-9771;NPR-32530;NPR-33224;NPR-37100;NPR-37549
Sam Dagher,True,no,,False,False,6,4,2188,2014-02-10,2020-02-06,2187.0,5,4,0.6666666666666666,unchecked,0,,NPR-10330;NPR-27149;NPR-27442;NPR-27850;CNN-224630
Ed Stone,True,no,,False,False,8,3,2183,2012-06-22,2017-08-06,1871.0,3,8,0.375,unchecked,0,,NPR-10710;NPR-10719;NPR-30338;CNN-5465;CNN-5468
Brian Switek,True,no,,False,False,5,3,2146,2013-04-26,2015-04-08,712.0,5,3,1.0,unchecked,0,,NPR-8481;NPR-8884;NPR-22201;NPR-27253;NPR-28221
Andrew Chaikin,True,no,,False,False,10,4,2145,2005-07-13,2019-07-23,5123.0,5,7,0.5,unchecked,0,,NPR-9619;NPR-9862;NPR-27881;NPR-30980;NPR-40881
Bernard Anderson,True,no,,False,False,4,4,2145,2005-10-10,2007-02-08,486.0,4,1,1.0,unchecked,0,MR;PROFESSOR,NPR-2384;NPR-3980;NPR-5708;NPR-45878
Andrew Roth,True,no,,False,False,6,4,2144,2009-05-06,2019-06-09,3686.0,5,4,0.8333333333333334,unchecked,0,MR,NPR-7849;NPR-15125;NPR-18953;NPR-28203;NPR-32946
Corey Ealons,True,no,,False,False,5,5,2142,2015-10-17,2019-03-02,1232.0,5,1,1.0,unchecked,0,,NPR-13244;NPR-18685;NPR-21704;NPR-23844;NPR-48459
Michael Zimmer,True,no,,False,False,3,3,2123,2010-05-21,2017-12-27,2777.0,3,2,1.0,unchecked,0,MR,NPR-14018;NPR-16856;NPR-44807
George Hobica,True,no,,False,False,12,4,2108,2005-07-13,2017-04-11,4290.0,9,8,0.3333333333333333,unchecked,0,MR,NPR-14180;NPR-16514;NPR-35642;NPR-40373;CNN-31236
Julia Angwin,True,no,,False,False,8,3,2105,2009-04-04,2019-08-11,3781.0,6,5,0.375,unchecked,0,MS,NPR-20491;NPR-25306;NPR-37210;CNN-153810;CNN-165198
Er Shipp,True,no,,False,False,4,4,2099,2006-05-31,2006-07-05,35.0,4,1,1.0,unchecked,0,PROFESSOR,NPR-4800;NPR-4816;NPR-4922;NPR-5141
Richard Cizik,True,no,,False,False,14,3,2085,2006-10-04,2008-02-10,494.0,6,11,0.21428571428571427,unchecked,0,MR;REV;REVEREND,NPR-17000;NPR-41286;NPR-47326;CNN-67470;CNN-111608
Frederic Hof,True,no,,False,False,6,3,2071,2013-01-08,2016-12-14,1436.0,5,4,0.6666666666666666,unchecked,0,,NPR-6779;NPR-12324;NPR-19884;NPR-24031;CNN-214288
Tom Scheck,True,no,,False,False,3,3,2068,2008-10-21,2011-08-15,1028.0,3,2,1.0,unchecked,0,,NPR-1525;NPR-5405;NPR-32794
Sheila Smith,True,no,,False,False,11,3,2064,2012-12-18,2019-07-12,2397.0,11,5,0.7272727272727273,unchecked,0,,NPR-9941;NPR-15998;NPR-16433;NPR-22319;NPR-23239
Seamus Hughes,True,no,,False,False,15,3,2062,2015-12-01,2019-07-19,1326.0,15,8,0.3333333333333333,unchecked,0,,NPR-7873;NPR-9826;NPR-13599;NPR-20176;NPR-23486
Tammy Garnes,True,no,,False,False,4,4,2057,2015-12-19,2017-04-01,469.0,4,1,1.0,unchecked,0,,NPR-18955;NPR-19870;NPR-21009;NPR-23316
Ben Fritz,True,no,,False,False,5,4,2052,2012-06-01,2015-12-30,1307.0,5,3,0.8,unchecked,0,,NPR-6482;NPR-23234;NPR-25615;NPR-27897;CNN-219428
Dan Wetzel,True,no,,False,False,5,3,2040,2010-11-22,2019-04-15,3066.0,4,4,0.6,unchecked,0,MR,NPR-3534;NPR-10947;NPR-19684;CNN-150859;CNN-175769
Angela Shelton,True,no,,False,False,11,3,2039,2007-07-20,2015-06-04,2876.0,7,4,0.45454545454545453,unchecked,0,MS,NPR-23;NPR-228;NPR-3028;NPR-3588;NPR-8829
Tim Golden,True,no,,False,False,7,3,2039,2005-05-21,2019-04-29,5091.0,5,7,0.42857142857142855,unchecked,0,MR,NPR-10621;NPR-44233;NPR-47628;CNN-6711;CNN-94764
Anita Elash,True,no,,False,False,7,4,2038,2006-09-23,2009-02-22,883.0,7,3,1.0,unchecked,0,,NPR-18899;NPR-34694;NPR-34801;NPR-35217;NPR-37032
Von Hippel,True,no,,False,False,4,3,2036,2016-02-08,2019-06-03,1211.0,4,2,0.0,unchecked,0,,CNN-275954;CNN-315318;CNN-345091;CNN-371330
Pamela Constable,True,no,,False,False,9,4,2031,2006-12-11,2019-09-17,4663.0,7,5,0.5555555555555556,unchecked,0,,NPR-1942;NPR-1947;NPR-3870;NPR-3877;NPR-8508
Mohsin Hamid,True,no,,False,False,4,3,2027,2014-12-19,2017-04-25,858.0,4,1,1.0,unchecked,0,,NPR-6278;NPR-15115;NPR-15172;NPR-22896
Gary Herbert,True,no,,False,False,16,3,1994,2015-11-13,2020-04-15,1615.0,9,7,0.25,unchecked,0,GOV,NPR-5991;NPR-15882;NPR-19730;NPR-19743;CNN-149647
Dasan Ahanu,True,no,,False,False,4,3,1987,2005-05-25,2006-10-23,516.0,4,1,1.0,unchecked,0,MR,NPR-3536;NPR-44430;NPR-46528;NPR-47923
Nicholas Lardy,True,no,,False,False,13,3,1985,2009-05-31,2019-08-15,3728.0,7,8,0.46153846153846156,unchecked,0,DR;MR,NPR-12648;NPR-24233;NPR-34678;NPR-36851;NPR-48195
Marcos Mcpeek Villatoro,True,no,,False,False,5,4,1979,2005-05-05,2008-08-11,1194.0,5,1,1.0,unchecked,0,MR,NPR-10990;NPR-13862;NPR-17185;NPR-17461;NPR-48039
Timothy Garton Ash,True,no,,False,False,10,3,1979,2010-12-01,2020-01-01,3318.0,9,6,0.3,unchecked,0,PROFESSOR,NPR-625;NPR-21614;NPR-30470;CNN-143630;CNN-278650
Anil Dash,True,no,,False,False,4,3,1972,2015-12-19,2016-12-14,361.0,4,2,0.75,unchecked,0,,NPR-22215;NPR-23140;NPR-23316;CNN-300669
Zeynep Tufekci,True,no,,False,False,9,3,1966,2014-07-06,2020-10-02,2280.0,9,5,0.4444444444444444,unchecked,0,DR,NPR-874;NPR-11510;NPR-11607;NPR-21715;CNN-234055
Michael Young,True,no,,False,False,16,3,1961,2000-10-10,2016-12-06,5901.0,9,11,0.3125,unchecked,1,MR,NPR-22624;NPR-41660;NPR-42007;NPR-43987;NPR-45618
David Wallechinsky,True,no,,False,False,11,3,1960,2006-02-16,2016-08-07,3825.0,10,6,0.45454545454545453,unchecked,0,MR,NPR-265;NPR-6325;NPR-14532;NPR-25382;NPR-31099
Caitlin Flanagan,True,no,,False,False,3,3,1948,2015-03-21,2019-09-01,1625.0,3,2,1.0,unchecked,0,,NPR-8954;NPR-24844;NPR-48959
Jennifer Duffy,True,no,,False,False,36,3,1942,2000-12-15,2018-10-08,6506.0,11,14,0.16666666666666666,unchecked,0,MS,NPR-3472;NPR-5396;NPR-21679;NPR-22218;NPR-41753
Greg Wyshynski,True,no,,False,False,4,4,1937,2012-10-18,2019-04-17,2372.0,4,2,1.0,unchecked,0,,NPR-10877;NPR-22953;NPR-30653;NPR-44856
Fred Bergsten,True,no,,False,False,12,3,1932,2005-12-31,2012-06-04,2347.0,5,10,0.3333333333333333,unchecked,0,MR,NPR-31403;NPR-31530;NPR-32520;NPR-43096;CNN-6253
Jim Hobart,True,no,,False,False,6,4,1928,2016-04-20,2017-03-27,341.0,6,2,0.8333333333333334,unchecked,0,,NPR-5664;NPR-15497;NPR-18263;NPR-19555;NPR-19629
Jessica Vaughan,True,no,,False,False,12,4,1920,2016-05-01,2018-06-03,763.0,9,5,0.75,unchecked,0,,NPR-6995;NPR-8105;NPR-11509;NPR-16758;NPR-17516
George Perkovich,True,no,,False,False,10,3,1914,2006-06-08,2013-11-23,2725.0,8,6,0.8,unchecked,0,DR;MR,NPR-12220;NPR-16529;NPR-26488;NPR-31881;NPR-34157
Muhannad Hadi,True,no,,False,False,6,3,1906,2013-04-04,2016-10-31,1306.0,6,4,0.6666666666666666,unchecked,0,,NPR-20391;NPR-23471;NPR-25479;NPR-26275;CNN-244320
Hilda Hutcherson,True,no,,False,False,4,4,1901,2006-02-21,2010-03-12,1480.0,4,2,1.0,unchecked,0,DR,NPR-5145;NPR-35872;NPR-45582;NPR-45642
Asli Aydintasbas,True,no,,False,False,10,3,1897,2009-07-19,2019-07-15,3648.0,7,5,0.5,unchecked,0,MS,NPR-7032;NPR-22632;NPR-24474;NPR-26025;NPR-36596
Matt Tait,True,no,,False,False,6,3,1891,2017-01-03,2018-11-30,696.0,6,3,0.6666666666666666,unchecked,0,,NPR-1827;NPR-14688;NPR-17058;NPR-45663;CNN-302237
Mac Stipanovich,True,no,,False,False,7,3,1889,2015-10-29,2018-04-09,893.0,7,5,0.5714285714285714,unchecked,0,,NPR-18354;NPR-19469;NPR-19900;NPR-47741;CNN-267889
Grayson Schaffer,True,no,,False,False,5,3,1888,2014-04-18,2019-08-15,1945.0,4,4,0.8,unchecked,0,,NPR-9205;NPR-11851;NPR-11975;NPR-27523;CNN-228689
Puneet Ahluwalia,True,no,,False,False,5,4,1888,2016-01-16,2018-03-10,784.0,5,1,1.0,unchecked,0,,NPR-19571;NPR-20048;NPR-22795;NPR-23058;NPR-48459
Jonathan Clements,True,no,,False,False,5,3,1874,2005-08-26,2006-01-06,133.0,3,2,0.6,unchecked,0,MR,NPR-6034;NPR-39735;NPR-40193;CNN-126243;CNN-126252
David Champion,True,no,,False,False,17,3,1872,2005-06-05,2011-05-22,2177.0,7,12,0.29411764705882354,unchecked,0,MR,NPR-19392;NPR-35948;NPR-36029;NPR-48401;NPR-49230
Del Grande,True,no,,False,False,4,3,1859,2007-12-15,2007-12-15,0.0,1,2,0.0,unchecked,0,,CNN-116258;CNN-119227;CNN-122158;CNN-139116
Charles Pelkey,True,no,,False,False,5,3,1858,2005-07-04,2016-04-09,3932.0,5,4,0.8,unchecked,0,MR;REP,NPR-16806;NPR-17855;NPR-43422;NPR-43791;CNN-281027
Jamila Trindle,True,no,,False,False,5,5,1858,2008-05-19,2009-03-03,288.0,5,1,1.0,unchecked,0,,NPR-15;NPR-341;NPR-6818;NPR-10988;NPR-11177
Daoud Kuttab,True,no,,False,False,8,3,1852,2004-11-12,2018-05-15,4932.0,6,6,0.5,unchecked,0,MR,NPR-18674;NPR-25184;NPR-25759;NPR-42218;CNN-69288
Peter Coy,True,no,,False,False,8,3,1846,2000-11-19,2017-06-13,6050.0,4,6,0.375,unchecked,0,MR,NPR-17847;NPR-35374;NPR-42939;CNN-16481;CNN-20211
Aj Willingham,True,no,,False,False,3,3,1843,2017-10-14,2018-04-28,196.0,3,1,1.0,unchecked,0,,NPR-14504;NPR-15070;NPR-46931
Alex Thier,True,no,,False,False,5,3,1843,2009-11-19,2019-08-14,3555.0,5,4,0.8,unchecked,0,MR,NPR-9323;NPR-14208;NPR-28551;NPR-34610;CNN-145262
Christopher Catrambone,True,no,,False,False,3,3,1829,2015-05-06,2017-04-18,713.0,3,1,1.0,unchecked,0,,NPR-15161;NPR-19386;NPR-22036
Howard Somers,True,no,,False,False,8,3,1827,2014-07-10,2019-08-16,1863.0,4,2,0.0,unchecked,0,DR,CNN-231639;CNN-231642;CNN-231647;CNN-231739;CNN-234352
David Taylor,True,no,,False,False,6,3,1823,2006-04-22,2016-06-07,3699.0,4,4,0.6666666666666666,unchecked,1,MR,NPR-7310;NPR-36714;NPR-40493;NPR-42490;CNN-71202
Karen Grigsby-Bates,True,no,,False,False,4,3,1815,2006-12-28,2008-07-30,580.0,4,2,1.0,unchecked,0,,NPR-3927;NPR-34649;NPR-46090;NPR-46456
Cary Leahey,True,no,,False,False,5,3,1781,2008-10-07,2013-03-08,1613.0,5,1,1.0,unchecked,0,DR,NPR-6412;NPR-7704;NPR-29671;NPR-38628;NPR-38678
Claudia Puig,True,no,,False,False,4,4,1763,2017-07-28,2018-12-31,521.0,4,1,1.0,unchecked,0,,NPR-1059;NPR-4236;NPR-14220;NPR-47679
Elvis Mitchell,True,no,,False,False,5,3,1748,2006-07-08,2007-07-28,385.0,3,3,0.6,unchecked,0,,NPR-18165;NPR-18886;NPR-19008;CNN-86471;CNN-86684
David Kushner,True,no,,False,False,5,3,1737,2008-01-13,2009-01-04,357.0,4,2,0.8,unchecked,0,MR,NPR-15647;NPR-15935;NPR-16134;NPR-17118;CNN-70873
Della Femina,True,no,,False,False,6,3,1719,2000-10-30,2006-10-30,2191.0,3,6,0.0,unchecked,0,,CNN-18972;CNN-45824;CNN-49622;CNN-49922;CNN-111615
Todd Whitman,True,no,,False,False,5,3,1706,2016-05-20,2019-08-09,1176.0,5,4,0.0,unchecked,0,,CNN-284591;CNN-320448;CNN-355942;CNN-377001;CNN-377092
Melissa Harris Lacewell,True,no,,False,False,4,3,1702,2006-07-17,2007-02-15,213.0,4,1,1.0,unchecked,0,PROFESSOR,NPR-2311;NPR-3304;NPR-4555;NPR-4643
Eric Copage,True,no,,False,False,4,3,1701,2005-12-26,2006-10-25,303.0,4,1,1.0,unchecked,0,MR,NPR-3447;NPR-3547;NPR-46157;NPR-46230
Najam Sethi,True,no,,False,False,5,3,1701,2007-12-27,2011-06-01,1252.0,4,5,0.8,unchecked,0,MR,NPR-12919;NPR-13482;NPR-29449;NPR-36247;CNN-39805
De Soto,True,no,,False,False,5,3,1699,2010-10-14,2010-10-14,0.0,1,4,0.0,unchecked,0,,CNN-35267;CNN-73096;CNN-108728;CNN-109336;CNN-156927
Carroll Doherty,True,no,,False,False,13,3,1688,2006-10-19,2017-12-22,4082.0,13,7,0.5384615384615384,unchecked,0,,NPR-14148;NPR-19470;NPR-22372;NPR-24195;NPR-24649
Javier Garza,True,no,,False,False,3,3,1679,2016-08-03,2019-08-31,1123.0,3,2,1.0,unchecked,0,,NPR-8535;NPR-11465;NPR-21270
Mike Voisin,True,no,,False,False,4,3,1676,2005-09-25,2007-05-27,609.0,3,2,0.75,unchecked,0,MR,NPR-17912;NPR-19121;NPR-19231;CNN-150490
Karla Holloway,True,no,,False,False,3,3,1672,2005-09-08,2006-06-26,291.0,3,1,1.0,unchecked,0,MS,NPR-4817;NPR-6328;NPR-45685
Van Paasschen,True,no,,False,False,5,3,1667,,,,0,2,0.0,unchecked,0,,CNN-163021;CNN-172577;CNN-172949;CNN-180481;CNN-229209
Thulani Davis,True,no,,False,False,3,3,1661,2006-02-14,2018-08-16,4566.0,3,2,1.0,unchecked,0,MS,NPR-1002;NPR-5001;NPR-45694
Todd Stern,True,no,,False,False,5,3,1634,2009-12-17,2017-05-31,2722.0,4,3,0.6,unchecked,0,MR,NPR-18111;NPR-23347;NPR-36266;CNN-145896;CNN-289722
Celia Beasley,True,no,,False,False,3,3,1602,2005-10-05,2007-01-15,467.0,3,1,1.0,unchecked,0,MS,NPR-15392;NPR-46275;NPR-48884
Van Auken,True,no,,False,False,4,3,1579,,,,0,4,0.0,unchecked,0,,CNN-29841;CNN-37903;CNN-58057;CNN-87274
Paul Barrett,True,no,,False,False,4,3,1576,2013-03-15,2019-09-08,2368.0,3,3,0.75,unchecked,0,,NPR-8840;NPR-24350;NPR-26378;CNN-147412
Tim Storey,True,no,,False,False,5,3,1574,2007-11-10,2016-10-21,3268.0,4,3,0.6,unchecked,0,MR;REVEREND,NPR-18265;NPR-34155;NPR-34456;CNN-121196;CNN-121274
Van Boxmeer,True,no,,False,False,4,3,1566,,,,0,1,0.0,unchecked,0,,CNN-148343;CNN-154837;CNN-171162;CNN-230150
Chad Bown,True,no,,False,False,9,3,1561,2009-01-31,2019-12-06,3961.0,9,3,0.6666666666666666,unchecked,0,DR,NPR-2438;NPR-13315;NPR-20919;NPR-37698;NPR-45953
Hadi Ghaemi,True,no,,False,False,7,3,1556,2009-05-16,2019-12-03,3853.0,5,4,0.5714285714285714,unchecked,0,MR,NPR-2514;NPR-15238;NPR-27233;NPR-34770;CNN-139979
Susan Shirk,True,no,,False,False,3,3,1551,2011-01-11,2019-08-17,3140.0,3,2,1.0,unchecked,0,MS,NPR-3118;NPR-8531;NPR-11209
De Sousa,True,no,,False,False,6,3,1549,2007-11-21,2018-06-27,3871.0,3,5,0.0,unchecked,0,,CNN-96223;CNN-121545;CNN-121547;CNN-151670;CNN-151814
Ryan Mcgee,True,no,,False,False,3,3,1546,2009-07-18,2013-02-25,1318.0,3,1,1.0,unchecked,0,MR,NPR-29757;NPR-35042;NPR-36601
Stefan Kornelius,True,no,,False,False,6,4,1537,2016-03-10,2018-12-31,1026.0,6,3,0.6666666666666666,unchecked,0,,NPR-19855;NPR-21372;NPR-22591;NPR-45561;CNN-353737
Jeremy Roebuck,True,no,,False,False,3,3,1536,2014-08-10,2017-05-22,1016.0,3,1,1.0,unchecked,0,,NPR-18302;NPR-24220;NPR-26528
Kunda Dixit,True,no,,False,False,6,3,1534,2006-02-09,2015-05-16,3383.0,6,5,0.8333333333333334,unchecked,0,MR,NPR-11909;NPR-11928;NPR-14643;NPR-24550;NPR-35437
Doyin Richards,True,no,,False,False,3,3,1530,2016-04-09,2016-11-12,217.0,3,1,1.0,unchecked,0,,NPR-20270;NPR-21009;NPR-22318
Sherif Mansour,True,no,,False,False,6,3,1528,2011-01-31,2018-10-15,2814.0,4,2,0.6666666666666666,unchecked,0,MR,NPR-3315;NPR-28082;NPR-31503;NPR-33889;CNN-212812
Anton La Guardia,True,no,,False,False,4,3,1525,2012-04-23,2017-10-03,1989.0,3,3,0.75,unchecked,0,,NPR-15218;NPR-23817;NPR-31765;CNN-52465
Hadeel Al-Shalchi,True,no,,False,False,3,3,1519,2012-09-12,2012-09-13,1.0,3,2,1.0,unchecked,0,,NPR-27388;NPR-30859;NPR-30862
Don Henry Ford,True,no,,False,False,3,3,1512,2005-05-18,2005-05-20,2.0,3,1,1.0,unchecked,0,MR,NPR-17198;NPR-17201;NPR-17230
De Silvo,True,no,,False,False,3,3,1504,,,,0,1,0.0,unchecked,0,,CNN-39316;CNN-39317;CNN-39325
Joe Wright,True,no,,False,False,5,3,1498,2005-05-04,2015-12-30,3892.0,5,2,0.6,unchecked,0,,NPR-42414;NPR-43269;NPR-44351;CNN-233918;CNN-272517
Wayne Flynt,True,no,,False,False,4,3,1493,2006-03-03,2016-02-20,3641.0,4,3,0.75,unchecked,0,PROFESSOR,NPR-11750;NPR-37577;NPR-42772;CNN-259652
David Henry Sterry,True,no,,False,False,4,3,1485,2010-11-21,2018-07-01,2779.0,4,1,1.0,unchecked,0,MR,NPR-4457;NPR-8091;NPR-13748;NPR-48263
Tim Brookes,True,no,,False,False,4,3,1484,2006-03-05,2007-07-08,490.0,4,1,1.0,unchecked,0,MR,NPR-17902;NPR-18160;NPR-18413;NPR-19041
Jimmy Izrael,True,no,,False,False,3,3,1477,2006-07-10,2007-01-16,190.0,3,2,1.0,unchecked,0,MR,NPR-2556;NPR-3085;NPR-48665
Elissa Ely,True,no,,False,False,4,4,1472,2005-08-11,2006-09-08,393.0,4,1,1.0,unchecked,0,,NPR-41897;NPR-42328;NPR-43008;NPR-43863
Maen Rashid Areikat,True,no,,False,False,11,3,1468,2011-05-22,2017-01-25,2075.0,9,5,0.2727272727272727,unchecked,0,MR,NPR-24850;NPR-26719;NPR-33172;CNN-166595;CNN-172578
Seth Stoughton,True,no,,False,False,9,3,1468,2015-04-08,2020-05-31,1880.0,9,4,0.4444444444444444,unchecked,0,,NPR-9087;NPR-19545;NPR-19955;NPR-21503;CNN-252882
Suzanne Dimaggio,True,no,,False,False,5,3,1467,2010-11-12,2019-02-24,3026.0,5,3,0.8,unchecked,0,,NPR-257;NPR-756;NPR-15895;NPR-48749;CNN-158184
Donna Straus,True,no,,False,False,3,3,1464,,,,0,1,0.0,unchecked,0,,CNN-95290;CNN-103771;CNN-104033
Laura Secorun Palet,True,no,,False,False,3,3,1463,2014-08-16,2014-09-06,21.0,3,1,1.0,unchecked,0,,NPR-26317;NPR-26418;NPR-26463
Issandr El Amrani,True,no,,False,False,6,3,1460,2009-06-03,2014-07-08,1861.0,5,3,0.6666666666666666,unchecked,0,MR,NPR-26849;NPR-29908;NPR-30074;NPR-32778;CNN-161807
Richard Purcell,True,no,,False,False,3,3,1458,2007-01-22,2007-04-03,71.0,3,1,1.0,unchecked,0,,NPR-1889;NPR-2306;NPR-2539
Phil Carter,True,no,,False,False,5,3,1457,2007-03-05,2016-09-14,3481.0,5,3,1.0,unchecked,0,MR,NPR-20858;NPR-23601;NPR-44413;NPR-44758;NPR-45520
Xiao Qiang,True,no,,False,False,5,3,1434,2006-04-20,2019-08-14,4864.0,3,3,0.6,unchecked,0,MR,NPR-9248;NPR-28388;NPR-42482;CNN-17238;CNN-35829
Grant Wahl,True,no,,False,False,9,3,1433,2013-03-27,2018-07-11,1932.0,6,6,0.4444444444444444,unchecked,0,,NPR-4567;NPR-4765;NPR-26295;NPR-46189;CNN-66232
Jonathan Cheng,True,no,,False,False,3,3,1420,2016-10-11,2018-07-03,630.0,3,1,1.0,unchecked,0,,NPR-4753;NPR-18358;NPR-47099
Laurie Roberts,True,no,,False,False,4,3,1414,2018-01-11,2018-08-27,228.0,3,3,0.75,unchecked,0,,NPR-4616;NPR-10992;NPR-13774;CNN-147679
Anika Kentish,True,no,,False,False,3,3,1404,2017-09-09,2017-12-23,105.0,3,1,1.0,unchecked,0,,NPR-7681;NPR-14152;NPR-15788
Gibran Peshimam,True,no,,False,False,3,3,1380,2011-05-03,2016-08-08,1924.0,3,1,1.0,unchecked,0,MR,NPR-6276;NPR-21222;NPR-33260
Jack Marshall,True,no,,False,False,3,3,1366,2017-01-08,2017-12-02,328.0,3,1,1.0,unchecked,0,,NPR-14561;NPR-14760;NPR-19669
Jack Shafer,True,no,,False,False,5,3,1357,2005-09-02,2018-08-16,4731.0,4,3,0.8,unchecked,0,MR,NPR-4992;NPR-15024;NPR-15822;NPR-49000;CNN-85036
Ken Harbaugh,True,no,,False,False,5,3,1356,2005-11-25,2018-03-18,4496.0,5,2,0.8,unchecked,0,,NPR-41294;NPR-41371;NPR-41378;NPR-43292;CNN-335365
Jamie Kitman,True,no,,False,False,3,3,1352,2006-04-25,2009-04-02,1073.0,3,2,1.0,unchecked,0,MR,NPR-13305;NPR-37238;NPR-42469
Chana Joffe,True,no,,False,False,4,3,1339,2008-11-14,2010-11-29,745.0,4,2,1.0,unchecked,0,,NPR-32568;NPR-34284;NPR-35319;NPR-38283
Kara Brown,True,no,,False,False,3,3,1334,2016-01-30,2017-05-27,483.0,3,1,1.0,unchecked,0,,NPR-18171;NPR-22643;NPR-22959
Kareem Fahim,True,no,,False,False,4,3,1319,2013-12-29,2018-10-11,1747.0,4,3,1.0,unchecked,0,,NPR-2253;NPR-24331;NPR-25371;NPR-44686
Shefali Luthra,True,no,,False,False,3,3,1317,2017-02-04,2019-08-03,910.0,3,2,1.0,unchecked,0,,NPR-6345;NPR-6944;NPR-9598
John Carroll,True,no,,False,False,9,3,1316,2002-10-27,2019-10-16,6198.0,8,6,0.6666666666666666,unchecked,0,DR;MAYOR;MR,NPR-17128;NPR-18863;NPR-21738;NPR-36505;NPR-39731
Lisa Clements,True,no,,False,False,11,3,1291,,,,0,5,0.0,unchecked,0,,CNN-203639;CNN-203673;CNN-203677;CNN-203728;CNN-204347
Jessica Silver-Greenberg,True,no,,False,False,3,3,1256,2010-08-17,2014-08-16,1460.0,3,3,1.0,unchecked,0,MS,NPR-12060;NPR-27243;NPR-31111
Nancy Lieberman,True,no,,False,False,3,3,1249,2005-05-10,2007-04-01,691.0,3,3,1.0,unchecked,0,MS,NPR-17435;NPR-18156;NPR-42644
Gideon Long,True,no,,False,False,4,3,1245,2010-06-27,2017-08-04,2595.0,4,2,1.0,unchecked,0,,NPR-14048;NPR-14065;NPR-35135;NPR-35221
Ina Fried,True,no,,False,False,4,3,1237,2010-07-30,2018-03-21,2791.0,4,3,1.0,unchecked,0,MR,NPR-11326;NPR-30777;NPR-31210;NPR-46331
Caryle Murphy,True,no,,False,False,3,3,1233,2005-05-02,2008-09-24,1241.0,3,2,1.0,unchecked,0,MS,NPR-10404;NPR-17474;NPR-39703
Siddhartha Mitter,True,no,,False,False,3,3,1233,2005-05-24,2005-08-23,91.0,3,1,1.0,unchecked,0,,NPR-47156;NPR-47846;NPR-47922
Brian Reed,True,no,,False,False,3,3,1219,2010-07-30,2011-06-30,335.0,3,2,1.0,unchecked,1,,NPR-29293;NPR-34997;NPR-35003
Tricia Lammers,True,no,,False,False,4,3,1175,2014-11-14,2014-11-16,2.0,3,3,0.0,unchecked,0,,CNN-208963;CNN-243223;CNN-243329;CNN-243372
Jenee Darden,True,no,,False,False,3,3,1143,2006-10-09,2007-10-10,366.0,3,1,1.0,unchecked,0,,NPR-509;NPR-3298;NPR-3646
Yo Yo Ma,True,no,,False,False,4,3,1134,,,,0,3,0.0,unchecked,0,,CNN-25049;CNN-25050;CNN-36967;CNN-36969
Ann Dornfeld,True,no,,False,False,3,3,1065,2006-11-02,2008-06-09,585.0,3,2,1.0,unchecked,0,,NPR-34931;NPR-36483;NPR-46972
Deirdre Kennedy,True,no,,False,False,3,3,1054,2006-12-06,2008-04-14,495.0,3,2,1.0,unchecked,0,,NPR-35264;NPR-35324;NPR-41583
Ron Christie,True,no,,False,False,70,23,17653,2006-10-26,2017-07-29,3929.0,49,11,0.35714285714285715,has-page(v1),0,MR,NPR-31;NPR-1078;NPR-1389;NPR-1542;NPR-1813
Farhad Manjoo,True,no,,False,False,18,11,17330,2009-10-08,2019-08-24,3607.0,14,8,0.6111111111111112,has-page(v1),0,MR,NPR-628;NPR-4097;NPR-4161;NPR-8792;NPR-11130
Ron Walters,True,no,,False,False,48,28,16276,2005-05-12,2007-12-14,946.0,38,9,0.7916666666666666,has-page(v1),0,DR;MR;PROF;PROFESSOR,NPR-1850;NPR-1946;NPR-2143;NPR-2321;NPR-2469
Shibley Telhami,True,no,,False,False,80,12,15898,2000-10-10,2018-12-15,6640.0,31,37,0.2375,has-page(v1),0,DR;PROF;PROFESSOR,NPR-1694;NPR-2126;NPR-2385;NPR-2916;NPR-9664
Amy Dickinson,True,no,,False,False,20,12,15716,2006-11-09,2013-01-20,2264.0,16,8,0.75,has-page(v1),0,MS,NPR-704;NPR-3235;NPR-3836;NPR-6097;NPR-16208
Jeffrey Rosen,True,no,,False,False,39,12,15491,2005-07-01,2020-10-22,5592.0,33,13,0.3333333333333333,has-page(v1),0,MR;PROFESSOR,NPR-2676;NPR-4504;NPR-4847;NPR-6621;NPR-9259
Van Praagh,True,no,,False,False,8,8,14878,2007-11-16,2007-11-24,8.0,2,4,0.0,has-page(v1),0,,CNN-7456;CNN-53108;CNN-65293;CNN-121421;CNN-121616
John Nagl,True,no,,False,False,39,15,13594,2006-12-05,2018-04-17,4151.0,26,11,0.5128205128205128,has-page(v1),0,COLONEL;DR;LIEUTENANT COLONEL;LT;MR,NPR-526;NPR-2754;NPR-3339;NPR-3764;NPR-4624
Lawrence Krauss,True,no,,False,False,13,6,13581,2010-11-05,2013-03-29,875.0,8,5,0.5384615384615384,has-page(v1),0,DR;PROFESSOR,NPR-230;NPR-2300;NPR-2410;NPR-3784;NPR-9115
Thomas Pickering,True,no,,False,False,66,6,12730,2008-04-19,2019-12-31,4273.0,50,26,0.10606060606060606,has-page(v1),0,AMB;AMBASSADOR;DR;MR,NPR-6745;NPR-9669;NPR-11525;NPR-12175;NPR-16922
Vin Weber,True,no,,False,False,67,9,12670,2000-10-21,2016-03-19,5628.0,28,30,0.23880597014925373,has-page(v1),0,MR,NPR-8117;NPR-10074;NPR-10664;NPR-12512;NPR-30124
Joseph Watkins,True,no,,False,False,36,22,12615,2005-07-28,2007-04-05,616.0,36,1,1.0,has-page(v1),0,MR;REV;REVEREND,NPR-1850;NPR-1885;NPR-2027;NPR-2281;NPR-2321
Dennis Ross,True,no,,False,False,86,10,12571,2000-10-15,2019-09-17,6911.0,38,42,0.1511627906976744,has-page(v1),1,AMB;AMBASSADOR;CONGRESSMAN;MR;REP;REPRESENTATIVE,NPR-2356;NPR-10814;NPR-12676;NPR-14511;NPR-18707
Sydney Spiesel,True,no,,False,False,27,27,12484,2005-12-22,2009-02-05,1141.0,27,1,1.0,has-page(v1),0,DR,NPR-101;NPR-636;NPR-8830;NPR-13303;NPR-13382
James Murdoch,True,no,,False,False,29,3,12474,2011-11-10,2011-11-10,0.0,4,11,0.034482758620689655,has-page(v1),0,,NPR-32382;CNN-168685;CNN-168687;CNN-168695;CNN-168704
Robert Kagan,True,no,,False,False,22,6,12091,2001-10-30,2018-09-27,6176.0,12,11,0.4090909090909091,has-page(v1),0,MR,NPR-847;NPR-6187;NPR-7107;NPR-13858;NPR-17472
Karim Sadjadpour,True,no,,False,False,97,12,11909,2006-04-13,2020-01-19,5029.0,45,26,0.15463917525773196,has-page(v1),0,MR,NPR-5230;NPR-7370;NPR-8861;NPR-9470;NPR-9821
David Ignatius,True,no,,False,False,43,11,11765,2005-12-13,2019-10-09,5048.0,29,15,0.2558139534883721,has-page(v1),0,MR,NPR-2668;NPR-6187;NPR-8157;NPR-11555;NPR-11960
Kenneth Feinberg,True,no,,False,False,77,6,11630,2001-11-27,2017-09-03,5759.0,36,25,0.11688311688311688,has-page(v1),0,MR,NPR-2193;NPR-4528;NPR-5280;NPR-8670;NPR-20865
Robert Malley,True,no,,False,False,45,9,11467,2003-11-17,2020-01-06,5894.0,31,18,0.4222222222222222,has-page(v1),0,MR,NPR-2949;NPR-6209;NPR-6303;NPR-12675;NPR-18585
Martin Indyk,True,no,,False,False,99,8,11435,2001-12-21,2020-09-02,6830.0,46,39,0.16161616161616163,has-page(v1),0,AMB;MR,NPR-6209;NPR-10004;NPR-13493;NPR-13960;NPR-17950
Michael Gerson,True,no,,False,False,45,6,11282,2006-11-03,2017-02-28,3770.0,23,17,0.2222222222222222,has-page(v1),0,MR,NPR-614;NPR-1519;NPR-3256;NPR-12432;NPR-12912
Von Essen,True,no,,False,False,23,10,11067,2016-09-11,2020-07-12,1400.0,3,14,0.0,has-page(v1),0,,CNN-11812;CNN-27634;CNN-32861;CNN-39286;CNN-39335
Howard Markel,True,no,,False,False,23,16,10901,2010-02-16,2020-04-28,3724.0,22,5,0.6956521739130435,has-page(v1),0,DR;PROFESSOR,NPR-601;NPR-1095;NPR-1245;NPR-1472;NPR-1872
Paul Offit,True,no,,False,False,77,3,10809,2002-12-13,2020-10-21,6522.0,74,14,0.03896103896103896,has-page(v1),0,DR,NPR-3117;NPR-14098;NPR-36028;CNN-64205;CNN-125103
Randy Cohen,True,no,,False,False,33,20,10505,2005-05-01,2007-04-29,728.0,28,5,0.7878787878787878,has-page(v1),0,MR,NPR-5156;NPR-41204;NPR-41439;NPR-41571;NPR-41732
Van Dyke,True,no,,False,False,17,7,10474,2000-12-25,2018-10-06,6494.0,9,9,0.0,has-page(v1),0,,CNN-16351;CNN-22390;CNN-61236;CNN-70239;CNN-72676
Marc Abrahams,True,no,,False,False,9,8,10377,2010-11-26,2013-01-25,791.0,9,2,1.0,has-page(v1),0,MR,NPR-706;NPR-3516;NPR-6491;NPR-7105;NPR-10507
Neal Katyal,True,no,,False,False,78,4,10312,2000-11-20,2020-09-23,7247.0,67,27,0.08974358974358974,has-page(v1),0,MR;PROF;PROFESSOR,NPR-2325;NPR-12649;NPR-12823;NPR-29410;NPR-33428
Ahmed Rashid,True,no,,False,False,43,9,10060,2001-11-13,2018-04-22,6004.0,20,25,0.32558139534883723,has-page(v1),0,MR,NPR-6132;NPR-7503;NPR-15918;NPR-16171;NPR-18202
Peter Singer,True,no,,False,False,51,5,9992,2001-10-29,2018-03-01,5967.0,21,30,0.11764705882352941,has-page(v1),0,MR;PROFESSOR,NPR-9487;NPR-13033;NPR-14534;NPR-31482;NPR-42789
Marc Fisher,True,no,,False,False,39,4,9885,2002-10-12,2019-11-12,6240.0,38,12,0.1282051282051282,has-page(v1),0,MR,NPR-8799;NPR-12141;NPR-15505;NPR-15507;NPR-16685
Vander Plaats,True,no,,False,False,27,9,9564,2011-12-16,2019-07-17,2770.0,26,8,0.0,has-page(v1),0,,CNN-177823;CNN-178031;CNN-179389;CNN-260142;CNN-271072
Bill Rhoden,True,no,,False,False,17,15,9478,2005-05-12,2008-11-27,1295.0,15,3,0.8823529411764706,has-page(v1),0,MR,NPR-6192;NPR-7348;NPR-9371;NPR-9989;NPR-10403
Dave Zirin,True,no,,False,False,30,11,9464,2007-01-29,2020-08-13,4945.0,20,10,0.36666666666666664,has-page(v1),0,MR,NPR-1625;NPR-6223;NPR-6986;NPR-9068;NPR-15792
Steve Coll,True,no,,False,False,42,9,9389,2009-12-29,2018-02-15,2970.0,16,20,0.30952380952380953,has-page(v1),0,MR,NPR-17517;NPR-19945;NPR-19952;NPR-20630;NPR-24703
Snoop Dogg,True,no,,False,False,52,3,9384,2004-11-16,2020-04-18,5632.0,22,20,0.057692307692307696,has-page(v1),0,,NPR-18542;NPR-46410;NPR-47148;CNN-2312;CNN-8574
Jonathan Capehart,True,no,,False,False,29,12,9297,2007-10-14,2019-09-20,4359.0,18,10,0.4482758620689655,has-page(v1),0,,NPR-1175;NPR-7165;NPR-8495;NPR-8778;NPR-9983
Noah Feldman,True,no,,False,False,46,8,9114,2001-11-28,2020-09-27,6878.0,36,20,0.21739130434782608,has-page(v1),0,PROF;PROFESSOR,NPR-14242;NPR-15348;NPR-15885;NPR-16266;NPR-17910
David Klinger,True,no,,False,False,56,3,9013,2012-01-12,2018-05-10,2310.0,55,10,0.05357142857142857,has-page(v1),0,,NPR-352;NPR-21515;NPR-26419;CNN-200875;CNN-236641
Paul Krugman,True,no,,False,False,54,5,8984,2004-10-30,2020-08-09,5762.0,31,21,0.09259259259259259,has-page(v1),0,MR;PROFESSOR,NPR-9654;NPR-27928;NPR-35447;NPR-36672;NPR-37183
Zbigniew Brzezinski,True,no,,False,False,62,6,8961,2000-10-12,2016-11-06,5869.0,19,32,0.12903225806451613,has-page(v1),0,DR;MR,NPR-9775;NPR-11784;NPR-20884;NPR-36439;NPR-41880
Sylvia Earle,True,no,,False,False,18,3,8945,2000-10-23,2018-04-19,6387.0,5,9,0.16666666666666666,has-page(v1),0,DR,NPR-4367;NPR-6587;NPR-12440;CNN-190;CNN-3078
Solis Doyle,True,no,,False,False,52,4,8941,2015-08-03,2020-05-02,1734.0,52,9,0.0,has-page(v1),0,,CNN-261210;CNN-262599;CNN-263802;CNN-266558;CNN-267626
Ariel Dorfman,True,no,,False,False,6,6,8813,2006-05-08,2018-06-09,4415.0,6,2,1.0,has-page(v1),0,MR;PROFESSOR,NPR-602;NPR-4369;NPR-17556;NPR-18074;NPR-18289
Zanny Minton Beddoes,True,no,,False,False,30,4,8782,2010-05-27,2020-09-13,3762.0,24,13,0.13333333333333333,has-page(v1),0,MS,NPR-26281;NPR-27102;NPR-28484;NPR-44810;CNN-4236
Jon Lee Anderson,True,no,,False,False,12,5,8759,2007-01-30,2013-03-06,2227.0,5,7,0.4166666666666667,has-page(v1),0,MR,NPR-4633;NPR-9368;NPR-41414;NPR-46112;NPR-47877
Mary Roach,True,no,,False,False,7,3,7455,2006-10-27,2013-05-31,2408.0,4,4,0.5714285714285714,has-page,0,MS,NPR-8481;NPR-8566;NPR-8966;NPR-17380;CNN-74690
Tom Reed,True,no,,False,False,85,6,6549,2012-12-27,2020-09-18,2822.0,82,17,0.11764705882352941,has-page,1,REP;REPRESENTATIVE;SEN,NPR-5491;NPR-7274;NPR-11503;NPR-12331;NPR-12611
Beppe Severgnini,True,no,,False,False,15,6,6316,2006-04-13,2020-04-26,5127.0,14,10,0.5333333333333333,has-page,0,MR,NPR-853;NPR-3364;NPR-4304;NPR-9401;NPR-10537
Carlos Gutierrez,True,no,,False,False,86,4,6083,2004-11-29,2020-05-20,5651.0,42,28,0.10465116279069768,has-page,0,DR;MR;SEC;SECRETARY,NPR-7562;NPR-9080;NPR-17209;NPR-21764;NPR-38435
Andrew Exum,True,no,,False,False,14,4,5968,2010-12-16,2017-07-23,2411.0,6,9,0.2857142857142857,has-page,0,MR,NPR-611;NPR-2231;NPR-10770;NPR-10832;CNN-85182
Anne Applebaum,True,no,,False,False,28,3,5700,2014-08-01,2020-10-18,2270.0,26,7,0.10714285714285714,has-page,0,,NPR-18116;NPR-23765;NPR-45948;CNN-65346;CNN-207487
James Stavridis,True,no,,False,False,40,8,5668,2011-03-30,2020-01-13,3211.0,35,15,0.225,has-page,0,ADM;ADMIRAL,NPR-1619;NPR-6295;NPR-12626;NPR-14900;NPR-16222
Jay Bakker,True,no,,False,False,10,6,5389,2006-12-12,2006-12-15,3.0,3,6,0.0,has-page,0,,CNN-9025;CNN-24658;CNN-33247;CNN-112831;CNN-112832
Brian Cooley,True,no,,False,False,27,3,5279,2005-11-13,2011-12-13,2221.0,7,13,0.1111111111111111,has-page,0,MR,NPR-1485;NPR-5714;NPR-33041;CNN-75372;CNN-91734
Rajiv Shah,True,no,,False,False,18,3,5172,2010-01-13,2020-09-15,3898.0,14,11,0.2222222222222222,has-page,0,DR,NPR-3119;NPR-29307;NPR-34913;NPR-36187;CNN-146962
Gary Sick,True,no,,False,False,15,5,5139,2005-07-01,2019-06-15,5097.0,8,10,0.4666666666666667,has-page,0,DR;MR;PROFESSOR,NPR-229;NPR-10183;NPR-11032;NPR-11841;NPR-17316
Stephen Walt,True,no,,False,False,8,3,5081,2011-02-14,2019-10-12,3162.0,6,6,0.5,has-page,0,MR;PROF;PROFESSOR,NPR-727;NPR-1866;NPR-2830;NPR-8143;CNN-149087
La Salla,True,no,,False,False,7,7,5064,,,,0,2,0.0,has-page,0,,CNN-12839;CNN-15076;CNN-19192;CNN-22910;CNN-24865
Juan Zarate,True,no,,False,False,31,6,4850,2003-12-11,2017-08-19,5000.0,24,12,0.45161290322580644,has-page,0,MR,NPR-11397;NPR-16336;NPR-21956;NPR-24570;NPR-26167
Andrew Kohut,True,no,,False,False,50,6,4693,2000-11-16,2013-11-19,4751.0,23,21,0.22,has-page,0,MR,NPR-7050;NPR-7644;NPR-28154;NPR-30816;NPR-32616
Mary Bono Mack,True,no,,False,False,36,5,4615,2012-11-29,2012-12-17,18.0,4,7,0.0,has-page,0,REP,CNN-149251;CNN-180921;CNN-181100;CNN-181148;CNN-181259
Robert Ford,True,no,,False,False,58,4,4599,2007-12-30,2020-01-02,4386.0,38,21,0.13793103448275862,has-page,0,AMB,NPR-648;NPR-786;NPR-7258;NPR-22007;NPR-23693
George Parker,True,no,,False,False,10,7,4581,2009-01-05,2019-01-15,3662.0,9,5,0.8,has-page,1,MR,NPR-641;NPR-1107;NPR-1710;NPR-3076;NPR-19845
Steven Pinker,True,no,,False,False,9,4,4499,2010-11-05,2020-07-25,3550.0,8,5,0.4444444444444444,has-page,0,PROFESSOR,NPR-621;NPR-3784;NPR-21418;NPR-26256;CNN-227526
Daniel Kurtzer,True,no,,False,False,33,5,4491,2003-10-15,2018-01-25,5216.0,22,15,0.21212121212121213,has-page,0,MR,NPR-19746;NPR-23915;NPR-28238;NPR-30009;NPR-33172
Arsalan Iftikhar,True,no,,False,False,26,5,4476,2005-05-23,2017-06-18,4409.0,20,8,0.23076923076923078,has-page,0,MR,NPR-6999;NPR-17214;NPR-20271;NPR-23445;NPR-23638
Guy Benson,True,no,,False,False,12,9,4376,2015-06-17,2019-05-31,1444.0,12,4,0.75,has-page,0,,NPR-2336;NPR-7011;NPR-10266;NPR-12610;NPR-14501
Tom Udall,True,no,,False,False,61,4,4366,2006-05-01,2020-09-29,5265.0,55,19,0.16393442622950818,has-page,0,MR;REP;REPRESENTATIVE;SEN;SENATOR,NPR-6627;NPR-6644;NPR-13522;NPR-29972;NPR-30369
Suu Kyi,True,no,,False,False,18,4,4342,2010-11-15,2019-12-12,3314.0,13,6,0.0,has-page,0,,CNN-95409;CNN-158281;CNN-176843;CNN-187093;CNN-188216
Andrew Fraknoi,True,no,,False,False,3,3,4262,2006-07-28,2013-01-04,2352.0,3,1,1.0,has-page,0,MR,NPR-375;NPR-9855;NPR-17852
Bill Adair,True,no,,False,False,60,7,4250,2008-04-27,2012-12-12,1690.0,13,14,0.13333333333333333,has-page,0,MR,NPR-13853;NPR-15936;NPR-16356;NPR-16725;NPR-30359
Asra Nomani,True,no,,False,False,14,3,4203,2004-11-20,2017-05-21,4565.0,7,10,0.2857142857142857,has-page,0,MS,NPR-4638;NPR-18310;NPR-20273;NPR-44931;CNN-89921
Brendan Koerner,True,no,,False,False,4,4,3982,2005-09-20,2011-02-02,1961.0,4,2,1.0,has-page,0,MR,NPR-53;NPR-2920;NPR-4908;NPR-15590
Bob Ferguson,True,no,,False,False,42,3,3945,2016-02-09,2020-08-18,1652.0,42,14,0.14285714285714285,has-page,0,,NPR-4226;NPR-11308;NPR-15762;NPR-16436;NPR-18715
Lonnie Bunch,True,no,,False,False,13,6,3704,2005-06-14,2020-07-26,5521.0,10,8,0.46153846153846156,has-page,0,DR;MR,NPR-502;NPR-15437;NPR-21836;NPR-32743;NPR-35090
Kevin Merida,True,no,,False,False,6,4,3661,2006-07-10,2016-08-05,3679.0,6,3,0.8333333333333334,has-page,0,MR,NPR-18007;NPR-22006;NPR-23203;NPR-25598;NPR-40107
Von Drehle,True,no,,False,False,12,3,3634,2012-10-25,2017-08-19,1759.0,7,6,0.0,has-page,0,,CNN-82477;CNN-94995;CNN-94997;CNN-115717;CNN-148297
De Villepin,True,no,,False,False,10,3,3630,2003-11-13,2017-05-08,4925.0,6,9,0.0,has-page,0,,CNN-66777;CNN-67667;CNN-67690;CNN-79157;CNN-100134
Kori Schake,True,no,,False,False,23,3,3546,2010-10-08,2019-10-14,3293.0,23,12,0.17391304347826086,has-page,0,MS,NPR-3593;NPR-9945;NPR-34631;NPR-46248;CNN-159605
Phil Flynn,True,no,,False,False,44,3,3454,2002-12-21,2014-10-16,4317.0,13,23,0.2727272727272727,has-page,0,MR,NPR-7231;NPR-15702;NPR-23285;NPR-34829;NPR-35787
David Kilcullen,True,no,,False,False,19,3,3351,2009-10-10,2016-10-23,2570.0,11,10,0.15789473684210525,has-page,0,LT,NPR-40;NPR-24511;NPR-31309;CNN-134397;CNN-134805
Kayla Williams,True,no,,False,False,16,3,3279,2005-09-12,2019-02-22,4911.0,9,12,0.25,has-page,0,MS;SGT,NPR-283;NPR-6176;NPR-15712;NPR-48052;CNN-98327
Al Baker,True,no,,False,False,11,5,3218,2015-04-30,2019-06-17,1509.0,9,1,0.0,has-page,0,,CNN-153513;CNN-227885;CNN-254336;CNN-284356;CNN-297958
Jill Tarter,True,no,,False,False,7,3,3100,2011-04-29,2013-05-10,742.0,3,5,0.42857142857142855,has-page,0,DR,NPR-2133;NPR-8764;NPR-8765;CNN-83879;CNN-86886
Taylor Branch,True,no,,False,False,9,3,3049,2006-06-09,2018-04-03,4316.0,7,7,0.7777777777777778,has-page,0,MR,NPR-6729;NPR-7335;NPR-23162;NPR-23443;NPR-45860
David Stockman,True,no,,False,False,15,3,3025,2010-08-07,2019-03-08,3135.0,9,11,0.26666666666666666,has-page,0,MR,NPR-5427;NPR-30075;NPR-34989;NPR-48322;CNN-85251
Jessica Stern,True,no,,False,False,27,3,2916,2001-10-19,2018-06-21,6089.0,21,18,0.18518518518518517,has-page,0,MS,NPR-17641;NPR-26350;NPR-43836;NPR-44558;NPR-47579
Dan Neil,True,no,,False,False,5,5,2900,2005-05-06,2013-12-16,3146.0,5,3,1.0,has-page,0,MR,NPR-14651;NPR-15847;NPR-17424;NPR-28164;NPR-30215
Phyllis Bennis,True,no,,False,False,19,3,2881,2000-10-21,2011-03-31,3813.0,7,13,0.15789473684210525,has-page,0,MS,NPR-3800;NPR-4477;NPR-29785;CNN-18354;CNN-18372
Roxana Saberi,True,no,,False,False,19,3,2874,2006-04-17,2016-01-18,3563.0,8,5,0.2631578947368421,has-page,0,MS,NPR-23059;NPR-36866;NPR-36888;NPR-38927;NPR-47240
Simon Hoggart,True,no,,False,False,5,5,2822,2009-03-27,2011-04-30,764.0,5,2,1.0,has-page,0,MR,NPR-5961;NPR-14324;NPR-34735;NPR-35505;NPR-48306
Susan Orlean,True,no,,False,False,4,3,2761,2003-12-30,2013-05-15,3424.0,4,3,0.75,has-page,0,MS,NPR-8659;NPR-40346;NPR-48838;CNN-80703
Steven Law,True,no,,False,False,9,3,2759,2012-07-10,2017-11-15,1954.0,7,5,0.5555555555555556,has-page,0,,NPR-19033;NPR-19534;NPR-20023;NPR-27318;NPR-31295
Craig Gilbert,True,no,,False,False,7,3,2654,2011-05-18,2016-04-04,1783.0,4,6,0.42857142857142855,has-page,0,CMDR;MR,NPR-1927;NPR-11208;NPR-12705;CNN-51754;CNN-183686
Scott Smith,True,no,,False,False,15,3,2508,2008-10-25,2018-08-20,3586.0,6,11,0.3333333333333333,has-page,1,MAYOR,NPR-3711;NPR-6396;NPR-24915;NPR-29754;NPR-32292
Ted Shaw,True,no,,False,False,5,4,2508,2005-09-05,2007-10-15,770.0,4,2,0.8,has-page,0,MR,NPR-481;NPR-1413;NPR-44928;NPR-47034;CNN-122706
Rosemary Mariner,True,no,,False,False,3,3,2464,2009-12-23,2013-06-24,1279.0,3,1,1.0,has-page,0,CAPTAIN,NPR-3179;NPR-8132;NPR-46061
Derek Thompson,True,no,,False,False,4,3,2408,2016-04-10,2019-01-03,998.0,4,3,0.75,has-page,0,,NPR-1032;NPR-1122;NPR-12762;CNN-354972
Robert Harris,True,no,,False,False,10,3,2324,2005-11-23,2020-09-24,5419.0,7,7,0.4,has-page,1,MR,NPR-14829;NPR-19257;NPR-37397;NPR-37430;CNN-60867
Norman Francis,True,no,,False,False,10,3,2309,2000-11-10,2006-12-15,2226.0,5,7,0.3,has-page,0,DR;MR,NPR-40345;NPR-42749;NPR-46888;CNN-19684;CNN-88081
Alice Rivlin,True,no,,False,False,31,3,2273,2000-12-20,2011-10-27,3963.0,13,18,0.25806451612903225,has-page,0,DR;MS,NPR-29726;NPR-30526;NPR-34380;NPR-35120;NPR-35546
Anna Deavere Smith,True,no,,False,False,7,3,2249,2006-02-13,2018-03-04,4402.0,5,7,0.42857142857142855,has-page,1,MS,NPR-9756;NPR-45695;NPR-48681;CNN-144007;CNN-200703
Thomas Lippman,True,no,,False,False,9,4,2201,2010-06-30,2016-05-15,2146.0,7,6,0.5555555555555556,has-page,0,MR,NPR-952;NPR-11930;NPR-22666;NPR-22806;NPR-31387
Tim Arango,True,no,,False,False,4,3,2164,2011-05-30,2015-10-11,1595.0,3,4,0.75,has-page,0,MR,NPR-1695;NPR-1865;NPR-6860;CNN-187750
Glenn Ivey,True,no,,False,False,14,3,2059,2000-11-14,2017-06-17,6059.0,8,9,0.35714285714285715,has-page,0,MR,NPR-17838;NPR-21768;NPR-23087;NPR-31381;NPR-39592
L. Cheney,False,no,,True,False,21,10,7501,2000-10-27,2006-12-24,2249.0,8,12,0.0,long-tail,0,,CNN-12558;CNN-18747;CNN-23926;CNN-60226;CNN-87615
H. Hogan,False,no,,True,False,19,5,7304,2006-10-19,2008-10-21,733.0,4,3,0.0,long-tail,0,,CNN-95912;CNN-96447;CNN-103916;CNN-111350;CNN-121213
V. Osteen,False,no,,True,False,8,6,6874,2006-12-22,2007-12-26,369.0,4,3,0.0,long-tail,0,,CNN-93762;CNN-95816;CNN-113115;CNN-120675;CNN-120811
Sheera Frenkel,False,yes,BYLINE,False,False,13,11,5542,2009-10-12,2011-09-25,713.0,13,4,1.0,long-tail,0,,NPR-13947;NPR-13979;NPR-14375;NPR-30877;NPR-31555
T. Holmes,False,no,,True,False,11,5,5099,2006-12-30,2011-12-18,1814.0,4,5,0.0,long-tail,0,,CNN-113306;CNN-113757;CNN-118115;CNN-128923;CNN-128924
Alfonso Aguilar,False,yes,CNN,False,False,36,3,4682,2015-07-21,2019-09-28,1530.0,35,9,0.08333333333333333,long-tail,0,,NPR-8328;NPR-10703;NPR-13764;CNN-153674;CNN-260086
M. Croslin,False,no,,True,False,23,6,4668,,,,0,2,0.0,long-tail,0,,CNN-135811;CNN-147737;CNN-147738;CNN-147980;CNN-148199
M. Lohan,False,no,,True,False,22,3,3781,2010-10-20,2012-11-15,757.0,8,4,0.0,long-tail,0,,CNN-117240;CNN-125631;CNN-125632;CNN-150410;CNN-151176
Patti Neighmond,False,yes,BYLINE,False,False,9,6,3069,2007-02-08,2010-08-20,1289.0,9,2,1.0,long-tail,0,,NPR-31083;NPR-31204;NPR-32998;NPR-33008;NPR-33204
J. Romney,False,no,,True,False,3,3,2044,2012-10-15,2012-10-15,0.0,1,2,0.0,long-tail,0,,CNN-180505;CNN-182167;CNN-194262
Carrie Kahn,False,yes,BYLINE,False,False,51,39,18902,2006-04-13,2011-06-09,1883.0,51,6,1.0,long-tail(v1),0,,NPR-2004;NPR-7622;NPR-8648;NPR-13064;NPR-14325
D. Chapman,False,no,,True,False,14,10,18720,2006-11-29,2007-11-10,346.0,3,5,0.0,long-tail(v1),0,,CNN-40696;CNN-112435;CNN-112561;CNN-115975;CNN-116052
Martin Kaste,False,yes,BYLINE,False,False,48,37,18640,2006-02-12,2011-10-04,2060.0,48,5,1.0,long-tail(v1),0,,NPR-3484;NPR-5228;NPR-5643;NPR-5836;NPR-6190
M. Osmond,False,no,,True,False,13,8,18360,2007-11-14,2011-12-19,1496.0,4,7,0.0,long-tail(v1),0,,CNN-9086;CNN-29439;CNN-106023;CNN-121361;CNN-121388
Peter Overby,False,yes,BYLINE,False,False,44,29,17708,2006-01-17,2011-07-23,2013.0,44,6,1.0,long-tail(v1),0,,NPR-3988;NPR-7238;NPR-9712;NPR-14730;NPR-17140
D. Cheney,False,no,,True,False,19,6,16764,2000-10-27,2015-09-02,5423.0,6,10,0.0,long-tail(v1),0,,CNN-12558;CNN-17257;CNN-18747;CNN-23926;CNN-87627
Cheryl Corley,False,yes,BYLINE,False,False,46,33,16561,2005-07-04,2011-02-23,2060.0,46,4,1.0,long-tail(v1),0,,NPR-5441;NPR-5594;NPR-6084;NPR-6476;NPR-6973
Gregory Feifer,False,yes,REPORTING,False,False,45,35,16210,2006-01-20,2009-03-13,1148.0,45,5,1.0,long-tail(v1),0,,NPR-5026;NPR-6545;NPR-6654;NPR-8394;NPR-16462
Eric Deggans,False,yes,BYLINE,False,False,48,19,15741,2005-08-04,2017-07-20,4368.0,32,11,0.4375,long-tail(v1),0,MR,NPR-4548;NPR-4933;NPR-24519;NPR-26432;NPR-26480
J. Roberts,False,no,,True,False,47,18,14374,2006-11-22,2020-02-03,4821.0,40,8,0.0,long-tail(v1),0,,CNN-96192;CNN-106866;CNN-107007;CNN-107540;CNN-112266
Robert Traynham,False,yes,HOST,False,False,42,25,14294,2005-07-07,2011-10-19,2295.0,30,5,0.6666666666666666,long-tail(v1),0,MR;PROFESSOR,NPR-31;NPR-748;NPR-1635;NPR-2546;NPR-2617
Joanne Silberner,False,yes,REPORTER,False,False,35,25,14248,2006-05-26,2011-09-05,1928.0,35,6,1.0,long-tail(v1),0,,NPR-3771;NPR-5696;NPR-6751;NPR-6989;NPR-8822
T. Carlson,False,no,,True,False,38,21,14198,2000-10-18,2002-12-11,784.0,12,5,0.0,long-tail(v1),0,,CNN-1338;CNN-3169;CNN-4477;CNN-6955;CNN-8252
A. Gore,False,no,,True,False,16,5,13920,2000-10-24,2002-12-22,789.0,5,9,0.0,long-tail(v1),0,,CNN-9160;CNN-13512;CNN-14151;CNN-14152;CNN-16729
Karen Grigsby Bates,False,yes,BYLINE,False,False,42,24,13857,2005-08-10,2014-11-09,3378.0,41,5,0.9761904761904762,long-tail(v1),0,MS,NPR-2783;NPR-3014;NPR-3775;NPR-3968;NPR-4491
B. Bush,False,no,,True,False,42,10,13403,2000-10-18,2018-12-06,6623.0,22,21,0.0,long-tail(v1),0,,CNN-2571;CNN-13142;CNN-18154;CNN-21978;CNN-24011
Yuki Noguchi,False,yes,BYLINE,False,False,43,23,12871,2008-08-20,2011-10-04,1140.0,43,5,1.0,long-tail(v1),0,,NPR-5962;NPR-6761;NPR-8503;NPR-8623;NPR-9255
Jennifer Ludden,False,yes,HOST,False,False,30,18,12701,2006-01-25,2015-12-28,3624.0,30,5,1.0,long-tail(v1),0,,NPR-3402;NPR-3934;NPR-4526;NPR-6709;NPR-16141
J. Bush,False,no,,True,False,77,12,12418,2000-11-16,2017-01-15,5904.0,46,26,0.0,long-tail(v1),0,,CNN-13131;CNN-13142;CNN-13207;CNN-19287;CNN-19991
Question: Trump,False,no,,False,True,52,13,12144,2015-07-23,2020-09-24,1890.0,49,11,0.0,long-tail(v1),0,,CNN-404;CNN-138114;CNN-165399;CNN-260265;CNN-260326
Begin Videotape,False,yes,CORRESPONDENT,False,False,72,10,12129,2000-12-30,2006-12-31,2192.0,8,21,0.0,long-tail(v1),0,,CNN-1062;CNN-9178;CNN-9813;CNN-12809;CNN-13064
Howard Berkes,False,yes,BYLINE,False,False,29,21,11965,2006-10-05,2011-06-29,1728.0,28,7,0.9655172413793104,long-tail(v1),0,,NPR-6240;NPR-7160;NPR-9154;NPR-10982;NPR-14576
Kelly Mcevers,False,yes,BYLINE,False,False,29,19,11729,2009-04-09,2019-07-30,3764.0,29,5,1.0,long-tail(v1),0,,NPR-834;NPR-6215;NPR-7593;NPR-9608;NPR-13627
Jerome Socolovsky,False,yes,BYLINE,False,False,28,23,11671,2006-02-06,2009-12-15,1408.0,28,5,1.0,long-tail(v1),0,,NPR-743;NPR-5841;NPR-8731;NPR-9097;NPR-14663
M. Carlson,False,no,,True,False,37,17,11556,2000-10-18,2002-12-11,784.0,12,5,0.0,long-tail(v1),0,,CNN-1338;CNN-1896;CNN-3169;CNN-4477;CNN-8252
Pam Fessler,False,yes,BYLINE,False,False,24,21,11379,2006-02-10,2011-09-14,2042.0,24,4,1.0,long-tail(v1),0,,NPR-4926;NPR-16531;NPR-28862;NPR-30635;NPR-30956
Tara Wall,False,yes,COMMENTATOR,False,False,80,3,11276,2005-05-12,2014-11-04,3463.0,13,16,0.0625,long-tail(v1),0,MS,NPR-3803;NPR-46126;NPR-46656;NPR-47547;NPR-48137
John Mccann,False,yes,COMMENTATOR,False,False,27,17,11145,2005-07-15,2008-01-21,920.0,20,3,0.7407407407407407,long-tail(v1),0,MR,NPR-1859;NPR-2561;NPR-2737;NPR-3090;NPR-3099
J. Ramsey,False,no,,True,False,28,6,10923,2002-11-23,2016-12-28,5149.0,6,13,0.0,long-tail(v1),0,,CNN-5332;CNN-5346;CNN-5364;CNN-7024;CNN-7378
J. Edwards,False,no,,True,False,27,6,10776,2004-12-12,2020-03-27,5584.0,2,10,0.0,long-tail(v1),0,,CNN-77660;CNN-86404;CNN-86511;CNN-88552;CNN-88635
Andrew Wallenstein,False,yes,REPORTER,False,False,34,21,10522,2006-03-28,2015-06-07,3358.0,34,6,0.7941176470588235,long-tail(v1),0,MR,NPR-3940;NPR-4015;NPR-4123;NPR-6503;NPR-8252
Betty Baye,False,yes,COMMENTATOR,False,False,26,15,10437,2005-05-25,2007-11-22,911.0,26,1,1.0,long-tail(v1),0,MS,NPR-31;NPR-657;NPR-779;NPR-2010;NPR-2732
S. Levy,False,no,,True,False,45,6,10361,2001-12-31,2001-12-31,0.0,1,21,0.0,long-tail(v1),0,,CNN-10889;CNN-33004;CNN-34571;CNN-34577;CNN-34594
B. Van Dam,False,no,,True,False,14,6,10157,,,,0,9,0.0,long-tail(v1),0,,CNN-48670;CNN-48691;CNN-48749;CNN-49040;CNN-49275
Elizabeth Shogren,False,yes,BYLINE,False,False,31,18,10111,2000-12-19,2011-06-29,3844.0,29,9,0.8709677419354839,long-tail(v1),0,MS,NPR-6229;NPR-7050;NPR-7172;NPR-14185;NPR-14198
Kathy Lohr,False,yes,BYLINE,False,False,30,19,10110,2006-03-29,2011-04-30,1858.0,30,6,1.0,long-tail(v1),0,,NPR-3808;NPR-7714;NPR-14475;NPR-14492;NPR-14586
Nina Totenberg Reporting,False,no,,False,True,44,10,10015,2005-05-16,2006-06-29,409.0,44,3,1.0,long-tail(v1),0,,NPR-19445;NPR-38451;NPR-38465;NPR-38693;NPR-38879
John Mcchesney,False,yes,REPORTING,False,False,22,17,9892,2006-09-13,2013-02-11,2343.0,22,5,1.0,long-tail(v1),0,,NPR-3250;NPR-5440;NPR-7054;NPR-9518;NPR-16474
D. Reeve,False,no,,True,False,11,7,9777,2010-12-21,2010-12-21,0.0,1,6,0.0,long-tail(v1),0,,CNN-60830;CNN-61336;CNN-92338;CNN-92460;CNN-94809
Margie Omero,False,yes,HOST,False,False,51,10,9717,2003-11-16,2020-10-20,6183.0,48,14,0.23529411764705882,long-tail(v1),0,MS,NPR-2853;NPR-3795;NPR-5664;NPR-10795;NPR-18263
A. Harris,False,no,,True,False,10,6,9603,2000-12-15,2000-12-15,0.0,1,5,0.0,long-tail(v1),0,,CNN-21782;CNN-23189;CNN-24143;CNN-35885;CNN-55939
Jeff Obafemi Carr,False,yes,HOST,False,False,13,12,9597,2005-06-02,2007-12-28,939.0,13,1,1.0,long-tail(v1),0,MR,NPR-3;NPR-31;NPR-86;NPR-12924;NPR-46236
Mandalit Del Barco,False,yes,BYLINE,False,False,25,18,8708,2006-02-15,2011-07-14,1975.0,25,5,1.0,unchecked,0,,NPR-5367;NPR-6572;NPR-7455;NPR-13208;NPR-13985
Mark Mazzetti,False,yes,REPORTER,False,False,69,4,8620,2005-11-30,2020-10-15,5433.0,63,16,0.057971014492753624,unchecked,0,,NPR-6615;NPR-13941;NPR-18306;NPR-27728;CNN-88417
Omar Gallaga,False,yes,REPORTER,False,False,19,15,8619,2008-07-08,2014-10-26,2301.0,19,1,1.0,unchecked,0,MR,NPR-5959;NPR-6676;NPR-25963;NPR-33591;NPR-34888
N. Reagan,False,no,,True,False,14,3,8614,2004-12-24,2016-03-06,4090.0,3,9,0.0,unchecked,0,,CNN-25134;CNN-26888;CNN-37394;CNN-85261;CNN-85336
Andrei Codrescu,False,yes,BYLINE,False,False,27,14,8556,2005-05-26,2014-06-16,3308.0,27,1,1.0,unchecked,0,MR,NPR-27022;NPR-32513;NPR-32733;NPR-33657;NPR-33919
Adam Gopnik,False,yes,CNN,False,False,7,4,8455,2009-12-03,2016-03-13,2292.0,5,6,0.5714285714285714,unchecked,0,MR,NPR-720;NPR-13639;NPR-31786;NPR-46217;CNN-53509
Adam Entous,False,yes,REPORTER,False,False,53,4,8407,2016-12-10,2019-09-27,1021.0,53,15,0.07547169811320754,unchecked,0,,NPR-8456;NPR-11568;NPR-12755;NPR-44476;CNN-305283
Ruben Navarrette,False,yes,COMMENTATOR,False,False,45,4,8298,2008-11-11,2018-02-03,3371.0,19,13,0.1111111111111111,unchecked,0,MR,NPR-1997;NPR-14486;NPR-27238;NPR-46107;NPR-49455
Ll Cool J,False,yes,HOST,True,False,36,6,8288,2000-10-23,2017-12-27,6274.0,6,17,0.1388888888888889,unchecked,0,MR,NPR-2465;NPR-5656;NPR-9008;NPR-17520;NPR-28848
R. Levy,False,no,,True,False,35,5,8273,2001-12-31,2001-12-31,0.0,1,17,0.0,unchecked,0,,CNN-34571;CNN-34577;CNN-34594;CNN-35097;CNN-35132
Reza Aslan,False,yes,HOST,False,False,58,5,8255,2005-07-28,2017-05-21,4315.0,28,15,0.1206896551724138,unchecked,0,DR;MR;PROF,NPR-7132;NPR-10662;NPR-18303;NPR-25374;NPR-30874
Kevin Blackistone,False,yes,BYLINE,False,False,19,17,8219,2009-09-19,2018-05-09,3154.0,19,2,1.0,unchecked,0,MR,NPR-5339;NPR-6116;NPR-7408;NPR-7505;NPR-13829
Nell Greenfieldboyce,False,yes,BYLINE,False,False,21,16,8115,2007-08-13,2011-07-21,1438.0,21,3,1.0,unchecked,0,,NPR-2418;NPR-2446;NPR-29226;NPR-31652;NPR-32467
Ken Dolan,False,yes,HOST,False,False,33,11,8106,2009-10-17,2011-12-17,791.0,9,5,0.0,unchecked,0,,CNN-93260;CNN-93956;CNN-94536;CNN-94722;CNN-144088
David Miliband,False,yes,CORRESPONDENT,False,False,68,4,8097,2008-11-27,2020-07-16,4249.0,55,17,0.17647058823529413,unchecked,0,MR,NPR-1960;NPR-11426;NPR-13082;NPR-19872;NPR-20079
Mona Charen,False,yes,COMMENTATOR,False,False,39,9,8043,2003-12-23,2019-09-28,5758.0,36,11,0.23076923076923078,unchecked,0,,NPR-8328;NPR-18305;NPR-19571;NPR-20267;NPR-20556
Barbara Bradley Hagerty,False,yes,BYLINE,False,False,12,5,8039,2005-07-04,2016-03-16,3908.0,12,5,1.0,unchecked,0,,NPR-7217;NPR-16732;NPR-19887;NPR-33620;NPR-34398
J. Jackson,False,no,,True,False,44,3,8015,2003-12-15,2019-12-06,5835.0,10,15,0.0,unchecked,0,,CNN-80209;CNN-81243;CNN-81867;CNN-84212;CNN-85534
Mike Murphy,False,yes,HOST,False,False,64,3,8010,2004-10-11,2017-09-11,4718.0,19,31,0.109375,unchecked,1,CAPTAIN;CHIEF;COL;MR,NPR-1147;NPR-13644;NPR-27933;NPR-30303;NPR-32545
Jon Wertheim,False,yes,REPORTER,False,False,49,10,8002,2008-07-06,2018-10-10,3748.0,21,19,0.24489795918367346,unchecked,0,MR,NPR-2257;NPR-20883;NPR-23917;NPR-26867;NPR-27483
Jean Lee,False,yes,CORRESPONDENT,False,False,43,8,7895,2014-10-16,2020-02-10,1943.0,43,12,0.20930232558139536,unchecked,0,,NPR-1097;NPR-3901;NPR-8113;NPR-19346;NPR-46767
Aaron Brown,False,yes,ANCHOR,False,False,17,3,7837,2001-10-25,2018-11-02,6217.0,10,8,0.17647058823529413,unchecked,0,MR;REV,NPR-1792;NPR-1819;NPR-38963;CNN-42479;CNN-45734
S. Osbourne,False,no,,True,False,12,4,7819,2002-11-30,2011-12-12,3299.0,5,6,0.0,unchecked,0,,CNN-51103;CNN-63621;CNN-67495;CNN-67697;CNN-71957
Chuck D,False,no,,True,False,28,8,7734,2001-12-18,2020-06-30,6769.0,9,18,0.07142857142857142,unchecked,0,MR,NPR-4211;NPR-39119;CNN-2025;CNN-8718;CNN-8729
Fred Kaplan,False,yes,REPORTING,False,False,23,11,7599,2005-06-16,2016-12-23,4208.0,16,13,0.4782608695652174,unchecked,0,DR;MR,NPR-7559;NPR-7725;NPR-10080;NPR-12681;NPR-15268
Tovia Smith,False,yes,BYLINE,False,False,22,16,7594,2006-06-22,2011-06-22,1826.0,22,4,1.0,unchecked,0,,NPR-1639;NPR-7581;NPR-7668;NPR-17132;NPR-29325
Mike Pesca Reporting,False,no,,False,True,63,4,7537,2005-05-05,2006-08-30,482.0,63,2,1.0,unchecked,0,MR,NPR-7464;NPR-7723;NPR-7741;NPR-13307;NPR-13401
Anthony Shadid,False,yes,CORRESPONDENT,False,False,23,9,7519,2003-11-10,2011-09-05,2856.0,10,11,0.391304347826087,unchecked,0,MR,NPR-1407;NPR-2833;NPR-31082;NPR-32522;NPR-37569
John Phillips,False,yes,HOST,False,False,73,4,7507,2006-10-06,2018-09-28,4375.0,41,19,0.0821917808219178,unchecked,1,MR,NPR-3729;NPR-13765;NPR-16135;NPR-46429;NPR-47318
Loren Jenkins,False,yes,REPORTING,False,False,12,7,7501,2010-07-05,2011-08-23,414.0,11,3,0.9166666666666666,unchecked,0,,NPR-1495;NPR-1923;NPR-2413;NPR-2435;NPR-2765
Callie Crossley,False,yes,COMMENTATOR,False,False,14,10,7476,2005-05-12,2006-06-15,399.0,12,4,0.8571428571428571,unchecked,0,MS,NPR-18090;NPR-45868;NPR-46342;NPR-46378;NPR-46476
Ta-Nehisi Coates,False,yes,CORRESPONDENT,False,False,17,6,7464,2010-12-29,2020-08-28,3530.0,17,7,0.35294117647058826,unchecked,0,MR,NPR-3219;NPR-8570;NPR-12584;NPR-24034;NPR-24501
Emily Harris,False,yes,BYLINE,False,False,19,16,7446,2006-08-23,2018-02-25,4204.0,19,6,0.8947368421052632,unchecked,1,,NPR-8239;NPR-18420;NPR-18781;NPR-26804;NPR-36649
Cynthia Tucker,False,yes,CNN,False,False,50,3,7410,2000-10-18,2013-03-29,4545.0,15,18,0.06,unchecked,0,MS,NPR-379;NPR-7624;NPR-29530;CNN-1290;CNN-1597
Keli Goff,False,yes,COMMENTATOR,False,False,26,3,7370,2008-10-26,2016-02-12,2665.0,11,8,0.11538461538461539,unchecked,0,MS,NPR-5627;NPR-9791;NPR-45889;CNN-121816;CNN-123391
John Hendren,False,yes,CORRESPONDENT,False,False,23,15,7308,2004-11-29,2006-11-14,715.0,22,7,0.8260869565217391,unchecked,0,MR,NPR-18890;NPR-37479;NPR-37491;NPR-37592;NPR-37611
E. Smart,False,no,,True,False,24,8,7094,2003-10-30,2010-12-10,2598.0,3,14,0.0,unchecked,0,,CNN-55588;CNN-55643;CNN-55674;CNN-56035;CNN-56157
C. Reeve,False,no,,True,False,8,5,7092,2010-12-21,2010-12-21,0.0,1,3,0.0,unchecked,0,,CNN-60830;CNN-61336;CNN-92338;CNN-92460;CNN-103627
Brenda Wilson,False,yes,REPORTING,False,False,18,10,7081,2005-07-04,2010-09-19,1903.0,18,5,1.0,unchecked,1,,NPR-5563;NPR-16368;NPR-16641;NPR-32101;NPR-32263
S. Sanders,False,no,,True,False,14,9,7058,2015-12-20,2019-04-23,1220.0,14,6,0.0,unchecked,0,,CNN-271738;CNN-274785;CNN-275836;CNN-275995;CNN-277372
Robin Washington,False,yes,REPORTING,False,False,14,13,6938,2005-12-26,2007-02-06,407.0,13,2,0.9285714285714286,unchecked,0,MR,NPR-2392;NPR-2463;NPR-2550;NPR-3410;NPR-3964
Luke Burbank,False,yes,HOST,False,False,15,14,6929,2006-02-01,2007-03-09,401.0,15,3,1.0,unchecked,0,,NPR-37542;NPR-37866;NPR-37970;NPR-41734;NPR-41821
Marcus Mabry,False,yes,CNN,False,False,23,4,6877,2006-10-30,2009-01-02,795.0,10,10,0.17391304347826086,unchecked,0,MR,NPR-360;NPR-1736;NPR-9106;NPR-12726;CNN-23777
John Campbell,False,yes,CORRESPONDENT,False,False,75,3,6823,2005-11-17,2020-06-22,5331.0,56,24,0.21333333333333335,unchecked,1,GEN;GENERAL;MAJ;MAJOR;MR;OFFICER;REP;REPRESENTATIVE;STATE SENATOR,NPR-168;NPR-15329;NPR-20986;NPR-22295;NPR-22386
Sarah Westwood,False,yes,REPORTER,False,False,35,3,6786,2014-07-07,2020-05-09,2133.0,35,9,0.11428571428571428,unchecked,0,,NPR-13762;NPR-15674;NPR-17188;NPR-18305;CNN-234128
Ronald Kessler,False,yes,CORRESPONDENT,False,False,62,3,6755,2000-12-20,2018-04-03,6313.0,31,28,0.06451612903225806,unchecked,0,MR,NPR-12027;NPR-12476;NPR-17055;NPR-45988;CNN-22055
D. Osmond,False,no,,True,False,13,6,6555,2007-11-14,2011-12-19,1496.0,3,6,0.0,unchecked,0,,CNN-9086;CNN-29439;CNN-106023;CNN-121361;CNN-121412
Hanna Rosin,False,yes,BYLINE,False,False,6,5,6519,2009-02-13,2015-09-02,2392.0,5,5,0.8333333333333334,unchecked,0,MS,NPR-1393;NPR-4162;NPR-8733;NPR-24083;NPR-46170
Buzz Bissinger,False,yes,COMMENTATOR,False,False,24,3,6488,2010-12-28,2015-06-07,1622.0,10,10,0.125,unchecked,0,MR,NPR-1392;NPR-3209;NPR-10494;CNN-92003;CNN-146705
David Gardner,False,yes,HOST,False,False,6,3,6473,2006-06-01,2007-12-06,553.0,3,4,0.5,unchecked,0,MR,NPR-14947;NPR-16497;NPR-18195;CNN-23051;CNN-32621
Todd Boyd,False,yes,COMMENTATOR,False,False,29,10,6454,2005-05-23,2019-07-27,5178.0,19,10,0.41379310344827586,unchecked,0,DR;MR;PROFESSOR,NPR-2402;NPR-3976;NPR-4095;NPR-4296;NPR-4427
P. Ramsey,False,no,,True,False,32,5,6407,2002-11-23,2016-12-28,5149.0,9,16,0.0,unchecked,0,,CNN-5332;CNN-7024;CNN-7378;CNN-8781;CNN-9241
Melissa Harris-Lacewell,False,yes,REPORTING,False,False,24,10,6405,2006-01-23,2010-04-10,1538.0,13,6,0.5,unchecked,0,DR;PROF;PROFESSOR,NPR-937;NPR-1852;NPR-2182;NPR-2312;NPR-2479
Jon Ralston,False,yes,REPORTER,False,False,14,6,6402,2009-10-30,2018-09-23,3250.0,9,7,0.5714285714285714,unchecked,0,MR,NPR-2142;NPR-3842;NPR-5380;NPR-8030;NPR-22826
Franklin Graham,False,yes,CNN,False,False,68,3,6380,2000-12-21,2020-08-27,7189.0,21,35,0.029411764705882353,unchecked,0,REV;REVEREND,NPR-4628;NPR-23065;CNN-22140;CNN-24052;CNN-24076
Rajiv Chandrasekaran,False,yes,CORRESPONDENT,False,False,22,3,6362,2003-11-29,2012-02-29,3014.0,6,12,0.18181818181818182,unchecked,0,MR,NPR-1414;NPR-12794;NPR-35303;NPR-44433;CNN-65342
C. Akers,False,no,,True,False,12,3,6342,,,,0,5,0.0,unchecked,0,,CNN-113683;CNN-113689;CNN-113690;CNN-113691;CNN-113697
Keith Devlin,False,yes,BYLINE,False,False,8,8,6301,2007-11-10,2017-02-11,3381.0,8,3,1.0,unchecked,0,DR;PROFESSOR,NPR-1532;NPR-11521;NPR-12149;NPR-12212;NPR-14122
J. Huntsman,False,no,,True,False,4,4,6297,2012-11-30,2012-11-30,0.0,1,4,0.0,unchecked,0,,CNN-5704;CNN-33203;CNN-179118;CNN-196639
Micheline Maynard,False,yes,CORRESPONDENT,False,False,12,6,6211,2006-01-23,2013-10-24,2831.0,9,7,0.5833333333333334,unchecked,0,MS,NPR-1875;NPR-3669;NPR-5081;NPR-13045;NPR-31208
Vicki Barker,False,yes,BYLINE,False,False,22,11,6203,2008-04-03,2011-09-29,1274.0,22,3,1.0,unchecked,0,,NPR-14373;NPR-28783;NPR-28828;NPR-28896;NPR-30604
Neda Ulaby,False,yes,BYLINE,False,False,20,11,6198,2006-08-23,2010-12-24,1584.0,20,4,1.0,unchecked,0,,NPR-3485;NPR-13532;NPR-16483;NPR-30320;NPR-30691
M. Romney,False,no,,True,False,29,7,6190,2007-12-24,2016-10-01,3204.0,6,9,0.0,unchecked,0,,CNN-49012;CNN-61019;CNN-114707;CNN-115287;CNN-122365
John Ridley,False,yes,BYLINE,False,False,31,4,6159,2005-08-12,2020-06-10,5416.0,12,15,0.1935483870967742,unchecked,0,MR,NPR-3642;NPR-34924;NPR-38740;NPR-39633;NPR-40715
Doualy Xaykaothao,False,yes,BYLINE,False,False,16,8,6123,2008-05-08,2011-03-27,1053.0,16,5,1.0,unchecked,0,,NPR-5364;NPR-6123;NPR-16657;NPR-30833;NPR-32266
J. Kasich,False,no,,True,False,6,3,6108,2016-01-20,2016-04-12,83.0,6,3,0.0,unchecked,0,,CNN-274406;CNN-281122;CNN-281125;CNN-281284;CNN-281309
Tom Goldstein,False,yes,BYLINE,False,False,63,5,6088,2000-11-30,2017-01-31,5906.0,20,24,0.19047619047619047,unchecked,0,MR;PROFESSOR,NPR-12200;NPR-21609;NPR-29540;NPR-29565;NPR-31378
Tom Ricks,False,yes,CORRESPONDENT,False,False,21,6,6039,2009-10-26,2013-03-18,1239.0,13,12,0.3333333333333333,unchecked,0,MR,NPR-611;NPR-2126;NPR-2375;NPR-9262;NPR-14802
Michele Norris,False,yes,HOST,False,False,22,7,6029,2005-05-12,2020-10-04,5624.0,20,7,0.7272727272727273,unchecked,0,,NPR-6811;NPR-12736;NPR-13224;NPR-13236;NPR-32691
L. Anthony,False,no,,True,False,56,4,5933,2008-10-16,2008-12-30,75.0,6,6,0.0,unchecked,0,,CNN-129111;CNN-129159;CNN-129206;CNN-129248;CNN-129486
Libby Lewis,False,yes,REPORTING,False,False,19,11,5862,2005-11-03,2009-03-09,1222.0,19,5,1.0,unchecked,0,,NPR-5439;NPR-7603;NPR-15507;NPR-18487;NPR-19018
David Walker,False,yes,ANCHOR,False,False,64,3,5859,2006-07-12,2018-06-23,4364.0,19,20,0.078125,unchecked,1,BISHOP;DR;GEN;GOV;MAYOR;MR,NPR-6591;NPR-18298;NPR-35211;NPR-38326;NPR-39270
T. Irwin,False,no,,True,False,4,3,5850,,,,0,2,0.0,unchecked,0,,CNN-32427;CNN-113605;CNN-113667;CNN-121141
David Fahrenthold,False,yes,REPORTER,False,False,44,3,5819,2016-09-12,2018-12-19,828.0,44,11,0.06818181818181818,unchecked,0,,NPR-7211;NPR-19800;NPR-20796;CNN-293828;CNN-293857
Gustavo Arellano,False,yes,REPORTING,False,False,13,6,5808,2008-05-21,2018-07-22,3714.0,8,5,0.6153846153846154,unchecked,0,MR,NPR-228;NPR-9791;NPR-15070;NPR-18535;NPR-20928
Daniel Zwerdling,False,yes,HOST,False,False,14,9,5777,2005-12-27,2011-08-08,2050.0,14,6,0.8571428571428571,unchecked,0,,NPR-15192;NPR-18167;NPR-29048;NPR-32590;NPR-34458
Joshua Levs,False,yes,REPORTER,False,False,14,10,5774,2006-01-27,2016-05-14,3760.0,11,6,0.7142857142857143,unchecked,0,,NPR-1948;NPR-2532;NPR-3021;NPR-3454;NPR-3779
Ezra Klein,False,yes,HOST,False,False,8,3,5747,2010-04-27,2020-02-02,3568.0,8,5,0.375,unchecked,0,MR,NPR-2775;NPR-3988;NPR-45041;CNN-299151;CNN-314945
Charlamagne Tha God,False,yes,HOST,False,False,10,4,5735,2019-04-04,2020-10-20,565.0,10,7,0.0,unchecked,0,,CNN-366304;CNN-376423;CNN-376424;CNN-400877;CNN-400956
T. Messner,False,no,,True,False,3,3,5627,,,,0,3,0.0,unchecked,0,,CNN-9025;CNN-33247;CNN-50442
H. Johnson,False,no,,True,False,21,8,5615,2017-11-14,2019-12-18,764.0,21,8,0.0,unchecked,0,,CNN-326006;CNN-328272;CNN-343871;CNN-361535;CNN-375706
Charlie Sykes,False,yes,HOST,False,False,14,10,5590,2016-07-30,2018-10-06,798.0,13,6,0.7857142857142857,unchecked,0,,NPR-3611;NPR-4334;NPR-11646;NPR-15674;NPR-16344
Joseph Shapiro,False,yes,BYLINE,False,False,7,6,5553,2006-10-03,2010-11-17,1506.0,7,3,1.0,unchecked,0,,NPR-3573;NPR-4851;NPR-31651;NPR-36818;NPR-39078
Hadas Gold,False,yes,REPORTER,False,False,20,10,5488,2017-04-20,2019-04-04,714.0,20,5,0.5,unchecked,0,,NPR-3186;NPR-3190;NPR-13889;NPR-15126;NPR-46252
M. Reagan,False,no,,True,False,6,4,5483,2004-12-24,2004-12-24,0.0,1,6,0.0,unchecked,0,,CNN-12021;CNN-13064;CNN-36699;CNN-37394;CNN-90840
Seth Waxman,False,yes,CNN,False,False,29,4,5479,2007-12-06,2019-03-24,4126.0,26,8,0.2413793103448276,unchecked,0,MR,NPR-888;NPR-4154;NPR-12825;NPR-29630;NPR-34120
Allison Samuels,False,yes,CORRESPONDENT,False,False,16,4,5469,2007-05-04,2008-12-26,602.0,9,8,0.25,unchecked,0,MS,NPR-1657;NPR-1771;NPR-10733;NPR-12731;CNN-95323
J. Mccain,False,no,,True,False,29,5,5431,2008-10-17,2020-08-18,4323.0,7,10,0.0,unchecked,0,,CNN-14221;CNN-123066;CNN-123085;CNN-123176;CNN-123853
Jacqueline Charles,False,yes,CORRESPONDENT,False,False,9,8,5412,2010-01-13,2019-02-20,3325.0,9,3,1.0,unchecked,0,MS,NPR-2412;NPR-12995;NPR-13005;NPR-18454;NPR-19327
O. Osbourne,False,no,,True,False,8,4,5403,2002-11-30,2011-10-16,3242.0,2,6,0.0,unchecked,0,,CNN-51103;CNN-63621;CNN-66435;CNN-67495;CNN-67697
Walter Cronkite,False,yes,ANCHOR,False,False,35,4,5396,2001-11-27,2020-02-23,6662.0,12,17,0.2,unchecked,0,MR,NPR-7382;NPR-18362;NPR-36602;NPR-39165;NPR-41446
T. Gore,False,no,,True,False,11,5,5387,2000-10-29,2002-12-22,784.0,5,6,0.0,unchecked,0,,CNN-9160;CNN-13512;CNN-14086;CNN-14151;CNN-16729
Lisa Ling,False,yes,HOST,False,False,52,3,5386,2007-11-10,2017-11-19,3662.0,13,11,0.0,unchecked,0,,CNN-121275;CNN-128076;CNN-138898;CNN-138930;CNN-138971
A. Speaker,False,no,,True,False,10,4,5371,,,,0,4,0.0,unchecked,0,,CNN-117313;CNN-117393;CNN-117395;CNN-117416;CNN-117421
Allison Aubrey,False,yes,BYLINE,False,False,17,9,5327,2006-01-26,2011-08-05,2017.0,17,3,1.0,unchecked,0,,NPR-8818;NPR-29057;NPR-29126;NPR-34355;NPR-35220
Eugene Fidell,False,yes,CNN,False,False,75,3,5294,2001-12-17,2017-11-04,5801.0,34,32,0.13333333333333333,unchecked,0,MR;PROFESSOR,NPR-10005;NPR-16665;NPR-22288;NPR-24772;NPR-28591
Chana Joffe-Walt,False,yes,BYLINE,False,False,15,9,5248,2006-10-10,2010-09-24,1445.0,15,4,1.0,unchecked,0,,NPR-16924;NPR-31851;NPR-32073;NPR-32113;NPR-32277
Wayne Slater,False,yes,REPORTER,False,False,65,3,5224,2000-11-12,2014-07-09,4987.0,9,31,0.046153846153846156,unchecked,0,MR,NPR-3002;NPR-10919;NPR-14547;CNN-11540;CNN-12491
A. King,False,no,,True,False,17,6,5168,2002-10-27,2020-01-31,6305.0,7,11,0.0,unchecked,0,,CNN-60089;CNN-60124;CNN-62203;CNN-63004;CNN-63985
Carol Rosenberg,False,yes,REPORTER,False,False,9,6,5161,2012-01-11,2020-02-10,2952.0,8,6,0.7777777777777778,unchecked,0,,NPR-6954;NPR-9111;NPR-17072;NPR-25352;NPR-26027
J. Eisenhower,False,no,,True,False,6,3,5154,,,,0,5,0.0,unchecked,0,,CNN-13071;CNN-23926;CNN-71978;CNN-73204;CNN-85277
David Corn,False,yes,HOST,False,False,27,3,5115,2000-10-23,2018-07-19,6478.0,10,16,0.14814814814814814,unchecked,0,MR,NPR-7100;NPR-32027;NPR-45294;NPR-45496;CNN-7092
B. Chapman,False,no,,True,False,9,5,5108,2006-11-29,2006-11-29,0.0,1,3,0.0,unchecked,0,,CNN-112435;CNN-112561;CNN-115975;CNN-116052;CNN-117290
Patrick Smith,False,yes,BYLINE,False,False,25,6,5097,2008-04-04,2019-01-18,3941.0,11,14,0.24,unchecked,1,CHIEF;MR,NPR-5638;NPR-7074;NPR-13034;NPR-36990;NPR-40372
Anna Fifield,False,yes,REPORTER,False,False,24,7,5085,2014-09-06,2020-02-16,1989.0,24,7,0.2916666666666667,unchecked,0,,NPR-14778;NPR-20111;NPR-20370;NPR-22672;NPR-25523
John Mercurio,False,yes,CNN,False,False,58,3,5049,2004-10-10,2006-12-14,795.0,11,15,0.05172413793103448,unchecked,0,MR,NPR-42278;NPR-42478;NPR-42547;CNN-81508;CNN-82968
Diane Roberts,False,yes,BYLINE,False,False,15,11,5048,2005-11-20,2011-08-07,2086.0,15,1,1.0,unchecked,0,PROFESSOR,NPR-13630;NPR-15186;NPR-15808;NPR-16146;NPR-16730
Carrie Johnson,False,yes,BYLINE,False,False,22,9,5036,2005-10-13,2011-09-22,2170.0,17,6,0.7272727272727273,unchecked,0,,NPR-13782;NPR-28806;NPR-29630;NPR-29840;NPR-30159
Pat Duggins,False,yes,REPORTING,False,False,4,3,5033,2005-07-30,2011-04-22,2092.0,4,3,1.0,unchecked,0,MR,NPR-2163;NPR-4083;NPR-5383;NPR-40694
Julian Barnes,False,yes,REPORTER,False,False,6,5,4958,2011-05-09,2019-08-29,3034.0,6,3,0.8333333333333334,unchecked,0,MR,NPR-2026;NPR-8283;NPR-9031;NPR-9520;NPR-9753
Leroy Sievers,False,yes,REPORTING,False,False,9,7,4946,2005-07-08,2008-08-18,1137.0,9,2,1.0,unchecked,0,MR,NPR-13358;NPR-17119;NPR-36964;NPR-37409;NPR-38256
Nancy Mullane,False,yes,REPORTING,False,False,12,10,4918,2006-02-19,2008-11-04,989.0,12,5,1.0,unchecked,0,,NPR-1652;NPR-2309;NPR-2734;NPR-3418;NPR-5360
Shane Harris,False,yes,CORRESPONDENT,False,False,26,3,4869,2014-08-31,2020-03-21,2029.0,25,9,0.11538461538461539,unchecked,0,,NPR-15104;NPR-26337;NPR-45734;CNN-208512;CNN-315560
David Pogue,False,yes,REPORTING,False,False,13,9,4841,2005-05-16,2007-08-14,820.0,12,3,0.9230769230769231,unchecked,0,MR,NPR-3246;NPR-6857;NPR-38181;NPR-38971;NPR-39004
Zeke Emanuel,False,yes,CNN,False,False,40,3,4823,2016-05-31,2020-10-22,1605.0,40,11,0.075,unchecked,0,DR,NPR-6966;NPR-9596;NPR-15783;CNN-323413;CNN-323565
Dan Murphy,False,yes,REPORTER,False,False,16,6,4768,2005-07-25,2016-09-28,4083.0,13,8,0.6875,unchecked,1,MR,NPR-14000;NPR-15267;NPR-15370;NPR-15839;NPR-15970
John Nielsen,False,yes,BYLINE,False,False,12,8,4717,2006-02-08,2008-08-15,919.0,12,3,1.0,unchecked,0,,NPR-17152;NPR-17706;NPR-34560;NPR-35219;NPR-35471
Pablo Torre,False,yes,REPORTER,False,False,15,5,4656,2011-07-20,2017-11-23,2318.0,6,5,0.4,unchecked,0,MR,NPR-798;NPR-15058;NPR-15284;NPR-15311;NPR-29179
Xeni Jardin,False,yes,REPORTING,False,False,24,3,4631,2005-10-13,2007-08-16,672.0,8,9,0.20833333333333334,unchecked,0,,NPR-3147;NPR-14074;NPR-45153;NPR-45888;NPR-46963
George P. Bush,False,no,,True,False,48,3,4625,2000-10-17,2018-12-07,6625.0,28,18,0.0,unchecked,0,,CNN-12110;CNN-12218;CNN-12587;CNN-12983;CNN-12992
C. Mccain,False,no,,True,False,22,4,4567,2016-09-14,2018-08-31,716.0,4,11,0.0,unchecked,0,,CNN-12987;CNN-13065;CNN-14221;CNN-14503;CNN-123853
Amy Alexander,False,yes,COMMENTATOR,False,False,8,6,4541,2005-09-05,2007-01-08,490.0,8,1,1.0,unchecked,0,MS,NPR-2711;NPR-4803;NPR-4979;NPR-5118;NPR-45164
Kim Zetter,False,yes,REPORTER,False,False,25,3,4536,2000-10-28,2015-05-17,5314.0,7,9,0.12,unchecked,0,,NPR-7497;NPR-9656;NPR-30636;CNN-817;CNN-2515
C. Brown,False,no,,True,False,10,7,4509,2009-10-29,2009-10-29,0.0,1,4,0.0,unchecked,0,,CNN-124314;CNN-124979;CNN-125449;CNN-125450;CNN-125451
Michael Schmidt,False,yes,REPORTER,False,False,26,4,4478,2012-09-18,2020-10-09,2943.0,18,9,0.19230769230769232,unchecked,0,,NPR-7381;NPR-10279;NPR-14352;NPR-26379;NPR-48503
A. Cooper,False,no,,True,False,16,5,4444,2013-12-31,2020-10-15,2480.0,8,6,0.0,unchecked,0,,CNN-113826;CNN-116008;CNN-154997;CNN-154998;CNN-154999
K. Collins,False,no,,True,False,17,6,4405,2018-09-18,2020-10-20,763.0,14,7,0.0,unchecked,0,,CNN-101747;CNN-101763;CNN-101776;CNN-350371;CNN-350449
Neal Conan,False,yes,HOST,False,False,8,4,4396,2006-06-21,2012-10-18,2311.0,7,4,0.875,unchecked,0,,NPR-1534;NPR-4839;NPR-5993;NPR-7664;NPR-10185
Daniel Schorr Reporting,False,no,,False,True,25,6,4370,2005-05-08,2006-08-30,479.0,25,2,1.0,unchecked,0,,NPR-7195;NPR-18826;NPR-18977;NPR-18981;NPR-19399
J. Berman,False,no,,True,False,15,4,4345,2002-11-12,2020-09-25,6527.0,10,7,0.0,unchecked,0,,CNN-8791;CNN-52337;CNN-59109;CNN-62935;CNN-63258
Michel Martin,False,yes,HOST,False,False,59,4,4333,2006-03-28,2020-06-23,5201.0,57,6,0.1016949152542373,unchecked,0,,NPR-2135;NPR-2141;NPR-3305;NPR-13465;NPR-23488
Thomas Ricks,False,yes,CORRESPONDENT,False,False,21,4,4299,2006-08-07,2017-08-11,4022.0,11,12,0.23809523809523808,unchecked,0,MR,NPR-4394;NPR-16790;NPR-17869;NPR-47729;NPR-48336
Philip Gourevitch,False,yes,CORRESPONDENT,False,False,8,3,4295,2003-10-24,2019-04-09,5646.0,7,6,0.5,unchecked,0,MR,NPR-2033;NPR-11107;NPR-40035;NPR-43853;CNN-78461
J. Rivers,False,no,,True,False,9,4,4285,2005-12-22,2005-12-22,0.0,1,5,0.0,unchecked,0,,CNN-13152;CNN-13923;CNN-100940;CNN-103599;CNN-163067
Nancy Solomon,False,yes,BYLINE,False,False,13,9,4272,2006-04-05,2008-05-30,786.0,13,4,1.0,unchecked,0,,NPR-1073;NPR-16995;NPR-17737;NPR-35026;NPR-35738
P. Castro,False,no,,True,False,21,6,4264,,,,0,11,0.0,unchecked,0,,CNN-206618;CNN-206623;CNN-206626;CNN-206627;CNN-206628
Kathleen Schalch,False,yes,REPORTING,False,False,10,7,4249,2006-05-01,2008-07-16,807.0,10,3,1.0,unchecked,0,,NPR-6069;NPR-7053;NPR-7243;NPR-18329;NPR-36450
David Rennie,False,yes,CORRESPONDENT,False,False,9,4,4234,2016-06-24,2020-07-23,1490.0,9,4,0.5555555555555556,unchecked,0,,NPR-5820;NPR-11003;NPR-16682;NPR-17238;NPR-19260
B. Baldwin,False,no,,True,False,15,5,4222,2010-12-16,2019-05-14,3071.0,9,3,0.0,unchecked,0,,CNN-149770;CNN-157772;CNN-159604;CNN-187871;CNN-188994
Barbara Demick,False,yes,REPORTER,False,False,15,5,4194,2005-07-03,2018-06-11,4726.0,14,9,0.3333333333333333,unchecked,0,MS,NPR-4163;NPR-5219;NPR-29468;NPR-30474;NPR-44068
M. Bish,False,no,,True,False,6,3,4193,2005-12-28,2005-12-28,0.0,1,5,0.0,unchecked,0,,CNN-13243;CNN-34850;CNN-35642;CNN-101150;CNN-101322
Mary Robinson,False,yes,CNN,False,False,37,3,4193,2001-11-14,2020-06-28,6801.0,21,22,0.13513513513513514,unchecked,1,FORMER PRESIDENT;MS;REV,NPR-4276;NPR-15115;NPR-15172;NPR-15280;NPR-44618
Joby Warrick,False,yes,REPORTER,False,False,14,5,4192,2006-04-12,2019-08-20,4878.0,14,9,0.42857142857142855,unchecked,0,MR,NPR-977;NPR-4233;NPR-18839;NPR-21184;NPR-24927
B. Anderson,False,no,,True,False,16,4,4158,2006-10-19,2020-10-15,5110.0,10,5,0.0,unchecked,0,,CNN-95714;CNN-96826;CNN-104137;CNN-104639;CNN-111349
Janet Babin,False,yes,BYLINE,False,False,11,11,4140,2006-04-06,2008-10-21,929.0,11,1,1.0,unchecked,0,MS,NPR-97;NPR-220;NPR-338;NPR-1302;NPR-1303
J. Hawkins,False,no,,True,False,12,3,4139,,,,0,9,0.0,unchecked,0,,CNN-24207;CNN-95502;CNN-95522;CNN-95544;CNN-95550
Kevin Powell,False,yes,COMMENTATOR,False,False,22,4,4136,2000-11-28,2019-08-07,6826.0,16,9,0.2727272727272727,unchecked,1,MR,NPR-25629;NPR-28656;NPR-39399;NPR-47213;NPR-47583
Glenn Kessler,False,yes,CORRESPONDENT,False,False,17,4,4128,2004-10-23,2019-11-24,5510.0,17,11,0.23529411764705882,unchecked,0,MR,NPR-358;NPR-1883;NPR-30946;NPR-44107;CNN-89139
Ari Shavit,False,yes,CORRESPONDENT,False,False,28,5,4093,2004-11-12,2015-05-05,3826.0,13,18,0.17857142857142858,unchecked,0,,NPR-2982;NPR-23374;NPR-24512;NPR-24994;NPR-26847
Adam Burke,False,yes,REPORTING,False,False,7,7,4065,2005-06-17,2009-03-19,1371.0,7,1,1.0,unchecked,0,,NPR-1777;NPR-8243;NPR-8247;NPR-8258;NPR-8630
Mark Bowden,False,yes,CORRESPONDENT,False,False,27,4,4056,2001-12-29,2019-07-14,6406.0,13,17,0.2222222222222222,unchecked,0,MR,NPR-4940;NPR-9502;NPR-9903;NPR-10150;NPR-25359
John Harwood,False,yes,CORRESPONDENT,False,False,33,3,4030,2000-11-26,2020-06-03,7129.0,18,17,0.09090909090909091,unchecked,0,MR,NPR-783;NPR-15340;NPR-17082;CNN-20625;CNN-28149
Josh Rogers,False,yes,BYLINE,False,False,11,6,4013,2008-08-08,2015-07-03,2520.0,9,6,0.8181818181818182,unchecked,0,,NPR-472;NPR-708;NPR-24324;NPR-24612;NPR-39283
Kathie Obradovich,False,yes,REPORTER,False,False,19,3,3992,2005-10-29,2020-02-05,5212.0,17,8,0.21052631578947367,unchecked,0,MS,NPR-708;NPR-9667;NPR-11766;NPR-43442;CNN-122565
F. Goldman,False,no,,True,False,17,5,3948,2006-11-16,2017-07-15,3894.0,11,6,0.0,unchecked,0,,CNN-85524;CNN-112088;CNN-112158;CNN-112179;CNN-112358
Ronen Bergman,False,yes,CORRESPONDENT,False,False,17,3,3921,2010-06-04,2020-08-14,3724.0,13,7,0.29411764705882354,unchecked,0,DR;MR,NPR-3006;NPR-12488;NPR-23584;NPR-35356;NPR-44531
David Smith,False,yes,CORRESPONDENT,False,False,61,3,3903,2003-10-13,2020-05-17,6061.0,21,31,0.13114754098360656,unchecked,1,DR;MR,NPR-8989;NPR-12159;NPR-27574;NPR-27586;NPR-33623
N. Allen,False,no,,True,False,14,4,3816,2016-02-13,2019-08-04,1268.0,14,1,0.0,unchecked,0,,CNN-276443;CNN-336523;CNN-336524;CNN-336525;CNN-336526
Corey Dade,False,yes,BYLINE,False,False,5,3,3790,2010-11-01,2013-06-11,953.0,4,3,0.8,unchecked,0,,NPR-1483;NPR-3789;NPR-8347;NPR-29775;CNN-230694
David Carr,False,yes,REPORTER,False,False,17,4,3778,2006-03-06,2015-02-13,3266.0,10,11,0.29411764705882354,unchecked,0,MR,NPR-7686;NPR-9506;NPR-12584;NPR-14296;NPR-27374
Jj Sutherland,False,yes,REPORTING,False,False,8,7,3755,2006-11-12,2015-11-27,3302.0,8,5,1.0,unchecked,0,,NPR-1908;NPR-15609;NPR-18250;NPR-18561;NPR-23502
Robert Jeffress,False,yes,HOST,False,False,44,3,3755,2005-12-18,2020-04-12,5229.0,27,15,0.09090909090909091,unchecked,0,DR;PASTOR;REV,NPR-713;NPR-3558;NPR-5347;NPR-48522;CNN-60241
K. Goldman,False,no,,True,False,13,5,3721,2006-11-19,2017-07-15,3891.0,8,4,0.0,unchecked,0,,CNN-85524;CNN-112158;CNN-112179;CNN-112358;CNN-115257
Alan Blinder,False,yes,REPORTER,False,False,37,4,3711,2006-02-20,2020-07-03,5247.0,20,15,0.3783783783783784,unchecked,0,DR;MR;PROFESSOR,NPR-14171;NPR-14539;NPR-15759;NPR-16287;NPR-16476
Susan Stamberg,False,yes,BYLINE,False,False,17,3,3711,2005-07-04,2019-07-10,5119.0,17,4,1.0,unchecked,0,,NPR-5164;NPR-9908;NPR-15357;NPR-33507;NPR-33566
Teri Schultz,False,yes,BYLINE,False,False,14,5,3673,2008-12-12,2015-12-31,2575.0,14,2,1.0,unchecked,0,,NPR-23196;NPR-23543;NPR-29139;NPR-29804;NPR-30399
Mike Thompson,False,yes,BYLINE,False,False,26,3,3640,2003-10-30,2018-03-10,5245.0,14,17,0.15384615384615385,unchecked,1,MR;REP,NPR-963;NPR-3985;NPR-6781;NPR-37619;CNN-61029
O. Castro,False,no,,True,False,18,6,3628,,,,0,10,0.0,unchecked,0,,CNN-206618;CNN-206623;CNN-206626;CNN-206627;CNN-206628
Jerry Mitchell,False,yes,REPORTER,False,False,9,4,3627,2007-02-14,2019-07-26,4545.0,6,7,0.4444444444444444,unchecked,1,MR,NPR-1384;NPR-2322;NPR-9677;NPR-45789;CNN-28510
Kurt Eichenwald,False,yes,REPORTER,False,False,23,3,3608,2005-12-21,2018-11-12,4709.0,17,14,0.13043478260869565,unchecked,0,MR,NPR-14293;NPR-14660;NPR-18359;CNN-40952;CNN-100912
Rob Schmitz,False,yes,BYLINE,False,False,5,5,3583,2006-04-26,2008-04-25,730.0,5,3,1.0,unchecked,0,,NPR-3826;NPR-13580;NPR-40294;NPR-41783;NPR-46268
Alan Schwarz,False,yes,CORRESPONDENT,False,False,6,3,3573,2006-09-13,2011-09-08,1821.0,4,4,0.6666666666666666,unchecked,0,MR,NPR-1392;NPR-5832;NPR-16885;NPR-47330;CNN-218427
Alan Cheuse Reporting,False,no,,False,True,12,4,3554,2005-05-30,2006-08-17,444.0,12,1,1.0,unchecked,0,,NPR-41985;NPR-42095;NPR-42498;NPR-42611;NPR-42642
Felix Contreras,False,yes,BYLINE,False,False,8,6,3521,2006-02-17,2011-02-27,1836.0,8,3,1.0,unchecked,0,,NPR-33733;NPR-36400;NPR-36827;NPR-37588;NPR-41793
J. Mann,False,no,,True,False,3,3,3513,,,,0,2,0.0,unchecked,0,,CNN-56699;CNN-88552;CNN-91569
Lynn Neary,False,yes,BYLINE,False,False,10,7,3496,2008-03-21,2010-12-21,1005.0,10,3,1.0,unchecked,0,,NPR-3269;NPR-31228;NPR-32499;NPR-34096;NPR-34563
Gloria Hillard,False,yes,BYLINE,False,False,9,7,3492,2006-12-28,2009-06-08,893.0,9,4,1.0,unchecked,0,,NPR-5813;NPR-7059;NPR-13140;NPR-16144;NPR-34063
Sonari Glinton,False,yes,BYLINE,False,False,16,4,3405,2008-07-17,2011-07-02,1080.0,16,4,1.0,unchecked,0,,NPR-13488;NPR-29403;NPR-29475;NPR-29631;NPR-29941
Elisabeth Rosenthal,False,yes,REPORTER,False,False,7,4,3395,2011-12-06,2020-06-14,3113.0,7,5,0.5714285714285714,unchecked,0,DR,NPR-626;NPR-6180;NPR-7952;NPR-11265;CNN-394720
Eugene Robinson,False,yes,COMMENTATOR,False,False,15,5,3367,2005-10-14,2019-03-21,4906.0,8,6,0.4,unchecked,0,MR;REVEREND,NPR-16206;NPR-17612;NPR-26258;NPR-27286;NPR-27661
Hannah Vaughan Jones,False,yes,HOST,False,False,11,6,3353,2016-12-21,2018-12-31,740.0,11,4,0.0,unchecked,0,,CNN-301299;CNN-305356;CNN-306831;CNN-306832;CNN-306877
P. Potter,False,no,,True,False,7,3,3341,2011-11-25,2011-12-29,34.0,6,1,0.0,unchecked,0,,CNN-172277;CNN-176581;CNN-176582;CNN-178129;CNN-178130
M. Rivers,False,no,,True,False,10,3,3308,2005-12-22,2005-12-22,0.0,1,5,0.0,unchecked,0,,CNN-13152;CNN-13923;CNN-100940;CNN-103599;CNN-139165
J. Duckett,False,no,,True,False,5,3,3291,2006-11-17,2006-11-17,0.0,1,1,0.0,unchecked,0,,CNN-110536;CNN-110760;CNN-110786;CNN-110862;CNN-112114
K. Phillips,False,no,,True,False,12,5,3271,,,,0,4,0.0,unchecked,0,,CNN-56726;CNN-63803;CNN-83271;CNN-111034;CNN-111035
Elizabeth Blair,False,yes,BYLINE,False,False,9,5,3252,2006-11-04,2011-06-13,1682.0,9,2,1.0,unchecked,0,,NPR-32572;NPR-33031;NPR-33201;NPR-33623;NPR-36720
V. Castile,False,no,,True,False,5,3,3250,2016-07-07,2016-07-08,1.0,5,2,0.0,unchecked,0,,CNN-288380;CNN-288413;CNN-288416;CNN-288471;CNN-288475
Noah Adams,False,yes,HOST,False,False,11,5,3232,2005-05-25,2013-08-01,2990.0,11,3,1.0,unchecked,0,,NPR-3030;NPR-15944;NPR-28594;NPR-33276;NPR-34129
Roben Farzad,False,yes,BYLINE,False,False,19,5,3229,2003-12-13,2013-12-31,3671.0,9,11,0.2631578947368421,unchecked,0,MR,NPR-5630;NPR-13646;NPR-35077;NPR-38617;NPR-47008
Sudarsan Raghavan,False,yes,CORRESPONDENT,False,False,9,7,3212,2010-07-12,2019-04-08,3192.0,8,3,0.8888888888888888,unchecked,0,MR,NPR-6174;NPR-11123;NPR-14950;NPR-26659;NPR-29741
Charles Lane,False,yes,BYLINE,False,False,6,4,3197,2006-12-18,2012-02-29,1899.0,4,4,0.6666666666666666,unchecked,0,,NPR-485;NPR-8393;NPR-12793;NPR-46486;CNN-83321
Robert Siegel,False,yes,BYLINE,False,False,23,5,3187,2005-12-27,2013-01-16,2577.0,20,9,0.8260869565217391,unchecked,0,,NPR-451;NPR-5993;NPR-6195;NPR-7445;NPR-13643
Motoko Rich,False,yes,CORRESPONDENT,False,False,4,3,3185,2005-05-09,2019-05-01,5105.0,4,4,0.75,unchecked,0,MS,NPR-10493;NPR-13024;NPR-48140;CNN-289742
R. Young,False,no,,True,False,10,3,3184,,,,0,7,0.0,unchecked,0,,CNN-28435;CNN-68434;CNN-68443;CNN-69305;CNN-69312
Robert Krulwich,False,yes,BYLINE,False,False,7,3,3158,2007-02-17,2015-12-15,3223.0,6,5,0.8571428571428571,unchecked,0,,NPR-4190;NPR-8376;NPR-18587;NPR-23352;NPR-41196
Kimberly Atkins,False,yes,REPORTER,False,False,11,6,3150,2017-05-26,2018-11-23,546.0,11,2,0.5454545454545454,unchecked,0,,NPR-1960;NPR-3604;NPR-13335;NPR-17375;NPR-18191
Jonathan Landay,False,yes,CORRESPONDENT,False,False,8,3,3149,2005-08-16,2014-12-11,3404.0,6,6,0.5,unchecked,0,MR,NPR-1414;NPR-13000;NPR-40639;NPR-40676;CNN-17357
Evan Osnos,False,yes,CORRESPONDENT,False,False,12,4,3137,2014-12-20,2020-05-23,1981.0,12,6,0.3333333333333333,unchecked,0,,NPR-4326;NPR-20804;NPR-22723;NPR-25526;CNN-296728
B. Sanders,False,no,,True,False,20,4,3131,2015-10-12,2019-10-06,1455.0,18,8,0.0,unchecked,0,,CNN-92016;CNN-92030;CNN-266480;CNN-266481;CNN-266576
Frank Morris,False,yes,BYLINE,False,False,9,3,3124,2006-10-24,2012-07-19,2095.0,6,5,0.5555555555555556,unchecked,1,,NPR-10464;NPR-31598;NPR-33139;NPR-40124;NPR-40422
Alex Perry,False,yes,CORRESPONDENT,False,False,10,4,3065,2002-10-26,2019-08-01,6123.0,5,7,0.4,unchecked,0,MR,NPR-824;NPR-827;NPR-9613;NPR-11973;CNN-58574
Lynn Toler,False,yes,HOST,False,False,10,3,3053,2007-04-19,2012-10-24,2015.0,4,5,0.3,unchecked,0,JUDGE;MS,NPR-1808;NPR-8786;NPR-10649;CNN-126111;CNN-136721
Jasmyne Cannick,False,yes,COMMENTATOR,False,False,10,3,3034,2005-06-09,2020-06-08,5478.0,9,5,0.5,unchecked,0,MS,NPR-2098;NPR-2497;NPR-3532;NPR-18671;NPR-47826
Borzou Daragahi,False,yes,REPORTER,False,False,12,5,3032,2005-10-14,2018-10-21,4755.0,9,6,0.5,unchecked,0,MR,NPR-7742;NPR-14429;NPR-14854;NPR-23195;NPR-32662
Marc Ambinder,False,yes,REPORTER,False,False,7,3,3025,2008-08-14,2017-02-19,3111.0,5,6,0.42857142857142855,unchecked,0,MR,NPR-12971;NPR-39206;NPR-45044;CNN-117081;CNN-203498
T. Green,False,no,,True,False,5,3,3022,,,,0,4,0.0,unchecked,0,,CNN-30866;CNN-30867;CNN-33218;CNN-34022;CNN-51194
C. Simon,False,no,,True,False,4,3,3012,,,,0,2,0.0,unchecked,0,,CNN-84443;CNN-86915;CNN-96495;CNN-96877
D. Van Dam,False,no,,True,False,12,5,3005,2018-02-26,2018-02-26,0.0,1,8,0.0,unchecked,0,,CNN-48670;CNN-48749;CNN-49040;CNN-49275;CNN-49305
John Dimsdale,False,yes,REPORTING,False,False,10,4,3004,2005-08-22,2008-09-11,1116.0,10,1,1.0,unchecked,0,,NPR-16;NPR-467;NPR-1741;NPR-4386;NPR-10462
L. Jones,False,no,,True,False,5,4,2998,2016-07-08,2018-08-11,764.0,4,3,0.0,unchecked,0,,CNN-16898;CNN-288449;CNN-339254;CNN-339322;CNN-347447
G. King,False,no,,True,False,7,3,2992,2006-12-28,2020-02-10,4792.0,4,3,0.0,unchecked,0,,CNN-110797;CNN-113259;CNN-134464;CNN-143923;CNN-145376
James Poniewozik,False,yes,CORRESPONDENT,False,False,25,3,2952,2000-10-26,2019-09-09,6892.0,8,16,0.2,unchecked,0,,NPR-5576;NPR-24771;NPR-30249;NPR-44245;NPR-46165
Molly Peterson,False,yes,BYLINE,False,False,6,6,2949,2006-09-19,2015-03-22,3106.0,6,2,1.0,unchecked,0,,NPR-3018;NPR-6614;NPR-24815;NPR-45719;NPR-47468
V. Jones,False,no,,True,False,12,4,2941,2014-11-11,2020-08-21,2110.0,10,6,0.0,unchecked,0,,CNN-208687;CNN-210549;CNN-242969;CNN-261162;CNN-261163
J. Thomas,False,no,,True,False,8,5,2918,2016-06-28,2017-11-30,520.0,7,3,0.0,unchecked,0,,CNN-29883;CNN-287690;CNN-303318;CNN-307641;CNN-308201
S. King,False,no,,True,False,13,3,2890,2010-12-16,2019-12-18,3289.0,5,8,0.0,unchecked,0,,CNN-8583;CNN-39135;CNN-76192;CNN-93678;CNN-116550
Peter Spiegel,False,yes,CORRESPONDENT,False,False,8,3,2888,2015-06-30,2020-09-25,1914.0,5,3,0.5,unchecked,0,,NPR-6127;NPR-7951;NPR-21213;NPR-21634;CNN-177335
A. Brown,False,no,,True,False,10,5,2859,2014-11-09,2019-03-21,1593.0,4,4,0.0,unchecked,0,,CNN-42953;CNN-92921;CNN-92922;CNN-98052;CNN-98053
Carol Marin,False,yes,REPORTER,False,False,15,5,2856,2004-10-22,2017-07-01,4635.0,10,5,0.4,unchecked,0,MS,NPR-11432;NPR-11647;NPR-11802;NPR-11952;NPR-48118
Michael Graham,False,yes,REPORTER,False,False,13,4,2844,2011-11-07,2018-06-20,2417.0,6,8,0.38461538461538464,unchecked,0,,NPR-7477;NPR-10705;NPR-11435;NPR-11505;NPR-11608
Iona Craig,False,yes,CORRESPONDENT,False,False,10,4,2825,2011-05-25,2017-11-21,2372.0,10,7,0.5,unchecked,0,,NPR-23466;NPR-24780;NPR-25298;NPR-25399;NPR-29483
Sandip Roy,False,yes,BYLINE,False,False,7,5,2763,2005-08-04,2014-08-21,3304.0,7,1,1.0,unchecked,0,MR,NPR-23616;NPR-34830;NPR-36128;NPR-36721;NPR-38182
Jacki Lyden,False,yes,HOST,False,False,7,5,2722,2007-02-18,2011-04-28,1530.0,7,5,1.0,unchecked,0,,NPR-2145;NPR-13484;NPR-14801;NPR-32653;NPR-38278
Scott Simon,False,yes,BYLINE,False,False,23,3,2705,2006-09-09,2016-01-02,3402.0,22,10,0.391304347826087,unchecked,0,,NPR-13632;NPR-14918;NPR-15899;NPR-16313;NPR-17319
M. King,False,no,,True,False,8,3,2686,2018-04-04,2018-04-04,0.0,1,7,0.0,unchecked,0,,CNN-70303;CNN-74670;CNN-94470;CNN-119936;CNN-120070
Nell Boyce,False,yes,REPORTING,False,False,7,4,2675,2006-09-09,2007-03-13,185.0,6,3,0.8571428571428571,unchecked,0,,NPR-36783;NPR-41385;NPR-41406;NPR-41633;NPR-41761
Edward Jay Epstein,False,yes,REPORTING,False,False,8,5,2668,2005-05-23,2017-10-28,4541.0,8,4,0.625,unchecked,0,,NPR-16166;NPR-16289;NPR-16392;NPR-17013;NPR-17213
Greg Miller,False,yes,REPORTER,False,False,26,4,2645,2007-01-09,2019-04-02,4466.0,21,17,0.23076923076923078,unchecked,0,CHIEF;LT;MR,NPR-7384;NPR-11197;NPR-11336;NPR-16772;NPR-28153
Shia Levitt,False,yes,BYLINE,False,False,6,6,2620,2008-02-25,2009-03-16,385.0,6,3,1.0,unchecked,0,,NPR-5453;NPR-8241;NPR-8637;NPR-8735;NPR-35595
Steve Fainaru,False,yes,CORRESPONDENT,False,False,7,5,2607,2005-06-10,2019-01-21,4973.0,5,3,0.7142857142857143,unchecked,0,MR,NPR-1024;NPR-26259;NPR-26948;NPR-43511;NPR-44119
Arun Venugopal,False,yes,BYLINE,False,False,3,3,2579,2010-05-03,2016-06-11,2231.0,3,2,1.0,unchecked,0,,NPR-1213;NPR-21768;NPR-44972
J. Brown,False,no,,True,False,14,3,2576,2009-10-26,2019-07-10,3544.0,4,7,0.0,unchecked,0,,CNN-42953;CNN-113376;CNN-113405;CNN-114685;CNN-126510
S. Williams,False,no,,True,False,16,3,2571,2012-11-25,2012-11-25,0.0,1,13,0.0,unchecked,0,,CNN-11365;CNN-11415;CNN-11439;CNN-11474;CNN-27530
Carol Leonnig,False,yes,REPORTER,False,False,11,4,2567,2008-03-31,2019-04-21,4038.0,9,9,0.36363636363636365,unchecked,0,MS,NPR-7893;NPR-10557;NPR-40489;NPR-49175;CNN-175582
Laura Lorson,False,yes,BYLINE,False,False,5,5,2541,2005-07-27,2008-02-09,927.0,5,1,1.0,unchecked,0,,NPR-40846;NPR-41704;NPR-41933;NPR-43861;NPR-43948
Andrew Ross Sorkin,False,yes,REPORTER,False,False,18,3,2531,2006-11-14,2019-09-07,4680.0,16,8,0.2222222222222222,unchecked,0,,NPR-3079;NPR-29984;NPR-31569;NPR-33994;CNN-111989
L. Berman,False,no,,True,False,8,3,2522,2002-11-12,2017-11-09,5476.0,4,5,0.0,unchecked,0,,CNN-8791;CNN-52337;CNN-59109;CNN-62935;CNN-63258
David Malakoff,False,yes,REPORTING,False,False,6,5,2505,2006-03-29,2008-05-04,767.0,6,3,1.0,unchecked,0,,NPR-14084;NPR-16724;NPR-18634;NPR-40236;NPR-41271
Robert Worth,False,yes,CORRESPONDENT,False,False,5,4,2491,2005-10-04,2017-06-01,4258.0,5,5,0.8,unchecked,0,MR,NPR-975;NPR-14944;NPR-15401;NPR-32154;CNN-284778
Greg Jaffe,False,yes,REPORTER,False,False,6,4,2472,2009-11-11,2019-09-30,3610.0,6,4,0.6666666666666666,unchecked,0,MR,NPR-526;NPR-8424;NPR-8427;NPR-31826;CNN-144967
Lucy Craft,False,yes,BYLINE,False,False,7,5,2464,2006-09-05,2011-06-01,1730.0,7,2,1.0,unchecked,0,,NPR-7241;NPR-29849;NPR-31522;NPR-32129;NPR-33099
Martin Chulov,False,yes,CORRESPONDENT,False,False,5,4,2457,2013-01-16,2018-09-09,2062.0,5,3,0.8,unchecked,0,,NPR-4325;NPR-22985;NPR-27021;NPR-30076;CNN-269669
Shawn Johnson,False,yes,BYLINE,False,False,13,3,2455,2005-09-13,2016-08-05,3979.0,10,7,0.38461538461538464,unchecked,0,MR,NPR-1535;NPR-11577;NPR-33433;NPR-41533;NPR-46873
Carlotta Gall,False,yes,REPORTER,False,False,8,4,2441,2005-06-01,2016-08-16,4094.0,7,6,0.625,unchecked,0,MS,NPR-16799;NPR-18968;NPR-39623;NPR-41018;NPR-44065
Ghaith Abdul-Ahad,False,yes,REPORTER,False,False,4,3,2439,2012-05-29,2014-08-09,802.0,4,2,1.0,unchecked,0,,NPR-7136;NPR-10906;NPR-28509;NPR-28708
Jamelle Bouie,False,yes,CORRESPONDENT,False,False,9,4,2438,2013-12-13,2017-08-14,1340.0,9,5,0.4444444444444444,unchecked,0,,NPR-13664;NPR-19728;NPR-20046;NPR-23155;CNN-220800
Shankar Vedantam,False,yes,BYLINE,False,False,4,4,2429,2006-07-31,2019-10-09,4818.0,4,3,1.0,unchecked,0,MR,NPR-6324;NPR-8215;NPR-17825;NPR-33040
Anthony Brooks,False,yes,HOST,False,False,8,4,2427,2006-02-10,2010-09-09,1672.0,8,3,1.0,unchecked,1,,NPR-2107;NPR-30991;NPR-31206;NPR-34813;NPR-34957
J. Reynolds,False,no,,True,False,9,3,2416,2011-12-20,2011-12-20,0.0,1,6,0.0,unchecked,0,,CNN-31367;CNN-178007;CNN-201130;CNN-201131;CNN-201239
G. Beck,False,no,,True,False,3,3,2414,2006-12-11,2006-12-11,0.0,1,1,0.0,unchecked,0,,CNN-112787;CNN-124512;CNN-124513
V. Kerry,False,no,,True,False,5,3,2403,2004-10-13,2004-11-22,40.0,3,3,0.0,unchecked,0,,CNN-86545;CNN-86643;CNN-88850;CNN-89173;CNN-89957
P. Akers,False,no,,True,False,9,3,2399,,,,0,6,0.0,unchecked,0,,CNN-113683;CNN-113690;CNN-113697;CNN-113834;CNN-113857
Ana Kasparian,False,yes,HOST,False,False,5,5,2395,2017-12-15,2019-05-31,532.0,5,1,1.0,unchecked,0,,NPR-3729;NPR-4599;NPR-10266;NPR-14280;NPR-49015
Curt Nickisch,False,yes,BYLINE,False,False,8,4,2385,2006-11-30,2011-05-07,1619.0,8,5,1.0,unchecked,0,,NPR-16364;NPR-17311;NPR-34723;NPR-34829;NPR-38414
Laura Sullivan Reporting,False,no,,False,True,21,3,2375,2005-05-03,2006-08-12,466.0,21,3,1.0,unchecked,0,,NPR-7410;NPR-13407;NPR-38782;NPR-39011;NPR-39034
Dan Charles,False,yes,BYLINE,False,False,7,5,2365,2006-03-04,2010-10-28,1699.0,7,5,1.0,unchecked,0,,NPR-12732;NPR-16500;NPR-17008;NPR-17871;NPR-19210
M. Brown,False,no,,True,False,11,3,2363,2003-10-31,2014-11-27,4045.0,5,8,0.0,unchecked,0,,CNN-66288;CNN-78700;CNN-97288;CNN-97334;CNN-128395
Cokie Roberts,False,yes,BYLINE,False,False,18,3,2346,2000-11-11,2019-09-17,6884.0,12,9,0.3888888888888889,unchecked,0,,NPR-8511;NPR-16361;NPR-29213;NPR-37397;NPR-37408
Peter Sagal,False,yes,BYLINE,False,False,7,4,2346,2007-06-11,2010-10-16,1223.0,5,4,0.5714285714285714,unchecked,0,,NPR-14931;NPR-41076;NPR-41181;NPR-47835;CNN-156999
Will Shortz,False,yes,BYLINE,False,False,7,4,2340,2005-11-21,2009-02-15,1182.0,5,4,0.7142857142857143,unchecked,0,,NPR-12148;NPR-15503;NPR-16372;NPR-17313;NPR-18009
Ben Domenech,False,yes,HOST,False,False,8,3,2339,2015-07-18,2019-09-29,1534.0,8,4,0.375,unchecked,0,,NPR-10473;NPR-22795;NPR-45667;CNN-259898;CNN-261592
R. Stewart,False,no,,True,False,3,3,2312,,,,0,1,0.0,unchecked,0,,CNN-81876;CNN-84443;CNN-89529
Alex Wagner,False,yes,CORRESPONDENT,False,False,14,3,2265,2007-12-27,2018-10-05,3935.0,9,4,0.21428571428571427,unchecked,0,,NPR-19422;NPR-20505;NPR-22870;CNN-122437;CNN-122650
Charles Maynes,False,yes,BYLINE,False,False,4,4,2254,2017-07-30,2019-05-14,653.0,4,2,1.0,unchecked,0,,NPR-5516;NPR-13432;NPR-16864;NPR-47660
D. Thompson,False,no,,True,False,7,4,2251,2009-10-22,2014-07-17,1729.0,3,5,0.0,unchecked,0,,CNN-67988;CNN-67991;CNN-144269;CNN-144316;CNN-149428
B. Carson,False,no,,True,False,4,3,2246,2015-10-08,2016-01-20,104.0,3,4,0.0,unchecked,0,,CNN-36930;CNN-266269;CNN-270838;CNN-274435
T. Barnes,False,no,,True,False,6,4,2227,,,,0,3,0.0,unchecked,0,,CNN-113376;CNN-125114;CNN-140782;CNN-140877;CNN-145787
Graham Usher,False,yes,REPORTER,False,False,4,4,2226,2006-03-04,2007-11-04,610.0,4,2,1.0,unchecked,0,MR,NPR-17485;NPR-41119;NPR-41300;NPR-42748
Jonathan Freedland,False,yes,REPORTER,False,False,5,3,2226,2005-08-26,2019-07-22,5078.0,4,3,0.6,unchecked,0,MR,NPR-9804;NPR-15861;NPR-35458;CNN-128112;CNN-317370
Ibram X Kendi,False,no,,True,False,3,3,2225,2019-07-18,2019-08-14,27.0,3,1,1.0,unchecked,0,,NPR-9319;NPR-9329;NPR-9881
Ruth Levy Guyer,False,yes,REPORTING,False,False,5,5,2219,2005-05-28,2007-02-24,637.0,5,1,1.0,unchecked,0,MS,NPR-6938;NPR-41345;NPR-43424;NPR-43783;NPR-44193
Kirk Siegler,False,yes,BYLINE,False,False,7,4,2212,2006-07-10,2017-01-30,3857.0,7,3,1.0,unchecked,0,,NPR-10453;NPR-16593;NPR-32156;NPR-38338;NPR-38764
David Jackson,False,yes,CORRESPONDENT,False,False,15,3,2205,2005-06-17,2019-04-28,5063.0,6,11,0.3333333333333333,unchecked,1,MR,NPR-19373;NPR-40093;NPR-43359;NPR-43580;NPR-49406
D. Moxley,False,no,,True,False,4,3,2201,,,,0,3,0.0,unchecked,0,,CNN-55517;CNN-59844;CNN-59849;CNN-59888
Andrea Hsu,False,yes,REPORTING,False,False,8,3,2197,2006-11-24,2010-09-06,1382.0,8,2,1.0,unchecked,0,,NPR-34820;NPR-39169;NPR-41270;NPR-41353;NPR-41400
J. Stepanek,False,no,,True,False,3,3,2195,,,,0,2,0.0,unchecked,0,,CNN-59994;CNN-85594;CNN-103905
Lydia Polgreen,False,yes,CORRESPONDENT,False,False,7,3,2195,2006-05-26,2017-08-27,4111.0,7,3,0.42857142857142855,unchecked,0,,NPR-24633;NPR-29902;NPR-42341;CNN-304153;CNN-307966
John Myers,False,yes,BYLINE,False,False,12,3,2194,2008-03-27,2020-01-04,4300.0,9,8,0.5833333333333334,unchecked,1,REVEREND,NPR-6082;NPR-13490;NPR-15107;NPR-29738;NPR-30774
Amy Sullivan,False,yes,CORRESPONDENT,False,False,10,3,2193,2013-08-02,2015-11-27,847.0,3,6,0.3,unchecked,1,,NPR-23503;NPR-28529;NPR-28580;CNN-102621;CNN-107845
Diantha Parker,False,yes,REPORTING,False,False,6,4,2171,2006-09-11,2009-02-20,893.0,6,2,1.0,unchecked,0,,NPR-3252;NPR-7670;NPR-8627;NPR-9105;NPR-9843
George Packer,False,yes,REPORTER,False,False,13,3,2156,2005-10-14,2019-07-04,5011.0,10,8,0.23076923076923078,unchecked,0,MR,NPR-6916;NPR-43264;NPR-46451;CNN-67281;CNN-96104
Rukmini Callimachi,False,yes,CORRESPONDENT,False,False,7,3,2149,2014-10-27,2020-09-23,2158.0,7,3,0.42857142857142855,unchecked,0,,NPR-22432;NPR-22482;NPR-48930;CNN-241834;CNN-248588
David Was,False,yes,REPORTING,False,False,8,5,2147,2005-07-25,2010-08-30,1862.0,8,2,1.0,unchecked,0,MR,NPR-2289;NPR-3383;NPR-14847;NPR-15378;NPR-16409
Roy Hurst,False,yes,BYLINE,False,False,5,5,2122,2006-11-22,2009-03-20,849.0,5,1,1.0,unchecked,0,,NPR-482;NPR-1638;NPR-2562;NPR-3159;NPR-8187
James Fredrick,False,yes,BYLINE,False,False,5,4,2075,2017-09-20,2018-11-25,431.0,5,3,1.0,unchecked,0,,NPR-1841;NPR-2058;NPR-7460;NPR-8025;NPR-49245
Devlin Barrett,False,yes,REPORTER,False,False,10,3,2071,2014-11-14,2019-07-30,1719.0,10,7,0.3,unchecked,0,,NPR-9569;NPR-14823;NPR-25199;CNN-243267;CNN-243316
E. Hill,False,no,,True,False,7,4,2069,2017-11-22,2018-09-08,290.0,6,2,0.0,unchecked,0,,CNN-125011;CNN-326697;CNN-349567;CNN-349568;CNN-349569
Julie Zickefoose,False,yes,REPORTING,False,False,6,5,2067,2006-02-13,2008-07-21,889.0,6,1,1.0,unchecked,0,,NPR-5739;NPR-41676;NPR-41831;NPR-42550;NPR-42845
A. Khashoggi,False,no,,True,False,6,4,2054,2018-11-04,2018-11-05,1.0,6,2,0.0,unchecked,0,,CNN-353902;CNN-353912;CNN-353913;CNN-353918;CNN-353939
Baxter Black,False,yes,COMMENTATOR,False,False,5,4,2048,2005-07-25,2009-05-25,1400.0,5,2,1.0,unchecked,0,MR,NPR-6109;NPR-16193;NPR-32842;NPR-40235;NPR-40803
M. Dyson,False,no,,True,False,5,4,2035,,,,0,4,0.0,unchecked,0,,CNN-124285;CNN-124712;CNN-128943;CNN-129052;CNN-135415
David Kipen Reporting,False,no,,False,True,3,3,2029,2005-05-25,2005-07-20,56.0,3,1,1.0,unchecked,0,,NPR-16412;NPR-17016;NPR-17191
Scott Shane,False,yes,REPORTER,False,False,6,3,2010,2011-04-25,2017-01-22,2099.0,3,5,0.5,unchecked,0,,NPR-2168;NPR-19479;NPR-46173;CNN-135128;CNN-165802
Ben Hubbard,False,yes,REPORTER,False,False,4,3,2006,2015-06-16,2018-11-04,1237.0,4,3,0.75,unchecked,0,,NPR-2857;NPR-7997;NPR-24361;CNN-339350
Hannah Allam,False,yes,BYLINE,False,False,4,3,2006,2005-08-25,2017-06-24,4321.0,3,4,0.75,unchecked,0,MS,NPR-2929;NPR-15859;NPR-17682;CNN-89509
Kara Swisher,False,yes,BYLINE,False,False,27,3,1989,2013-03-26,2020-04-08,2570.0,24,14,0.2222222222222222,unchecked,0,,NPR-4334;NPR-9077;NPR-14768;NPR-25947;NPR-29568
Kavitha Davidson,False,yes,REPORTER,False,False,9,3,1982,2014-09-11,2016-09-12,732.0,9,3,0.3333333333333333,unchecked,0,,NPR-7408;NPR-22240;NPR-23793;CNN-238661;CNN-238924
Annabelle Gurwitch,False,yes,HOST,False,False,8,3,1972,2005-05-24,2010-12-27,2043.0,6,2,0.625,unchecked,0,MS,NPR-1902;NPR-16064;NPR-16808;NPR-17203;NPR-45623
G. Rancic,False,no,,True,False,8,3,1947,2011-10-17,2011-10-20,3.0,3,2,0.0,unchecked,0,,CNN-148407;CNN-174243;CNN-174311;CNN-174428;CNN-184010
John Mccann Reporting,False,no,,False,True,4,4,1940,2006-02-01,2006-06-13,132.0,4,1,1.0,unchecked,0,,NPR-4984;NPR-45179;NPR-45311;NPR-45835
Cory Turner,False,yes,BYLINE,False,False,6,3,1936,2006-09-15,2010-09-06,1452.0,6,2,1.0,unchecked,0,,NPR-737;NPR-1533;NPR-3428;NPR-3916;NPR-34820
L. Roeder,False,no,,True,False,3,3,1935,,,,0,1,0.0,unchecked,0,,CNN-138933;CNN-139060;CNN-139061
Luke Harding,False,yes,CORRESPONDENT,False,False,8,3,1918,2016-06-04,2018-07-15,771.0,7,7,0.375,unchecked,0,,NPR-8077;NPR-11303;NPR-21858;CNN-106969;CNN-294210
R. Williams,False,no,,True,False,8,4,1911,2016-03-02,2016-03-02,0.0,1,5,0.0,unchecked,0,,CNN-33415;CNN-39010;CNN-57443;CNN-73600;CNN-88170
Nishat Kurwa,False,yes,BYLINE,False,False,3,3,1909,2008-12-22,2009-03-12,80.0,3,1,1.0,unchecked,0,,NPR-8262;NPR-8619;NPR-9647
Amy Scott,False,yes,HOST,False,False,8,3,1903,2007-10-08,2008-08-08,305.0,5,2,0.625,unchecked,1,,NPR-104;NPR-210;NPR-2287;NPR-7522;NPR-10981
Aaron Freeman,False,yes,REPORTING,False,False,6,3,1901,2005-05-10,2006-11-07,546.0,6,1,1.0,unchecked,0,,NPR-41684;NPR-41876;NPR-41892;NPR-43034;NPR-43789
Adam Frank,False,yes,BYLINE,False,False,4,4,1887,2012-12-26,2015-12-21,1090.0,4,1,1.0,unchecked,0,,NPR-23305;NPR-23533;NPR-27248;NPR-30205
J. Barnes,False,no,,True,False,4,4,1876,,,,0,1,0.0,unchecked,0,,CNN-140782;CNN-140877;CNN-145787;CNN-148055
R. Ford,False,no,,True,False,13,3,1872,2013-11-16,2013-11-19,3.0,10,9,0.0,unchecked,0,,CNN-52211;CNN-53566;CNN-207822;CNN-218909;CNN-218920
Adam Winkler,False,yes,REPORTER,False,False,18,3,1868,2013-06-25,2019-10-11,2299.0,15,8,0.5555555555555556,unchecked,0,PROF,NPR-7341;NPR-7941;NPR-8703;NPR-11961;NPR-14691
S. Murphy,False,no,,True,False,3,3,1866,2017-10-19,2020-03-05,868.0,2,3,0.0,unchecked,0,,CNN-147760;CNN-323993;CNN-394454
Josh White,False,yes,REPORTER,False,False,7,3,1831,2005-08-03,2015-12-29,3800.0,7,4,0.42857142857142855,unchecked,0,MR,NPR-5437;NPR-16176;NPR-16283;CNN-272382;CNN-272392
Andy Carvin,False,yes,BYLINE,False,False,6,3,1830,2008-11-01,2011-05-02,912.0,5,3,0.8333333333333334,unchecked,0,,NPR-6222;NPR-6308;NPR-33283;NPR-33750;NPR-37991
Ishaan Tharoor,False,yes,REPORTER,False,False,5,4,1829,2017-04-14,2018-01-25,286.0,5,2,0.8,unchecked,0,,NPR-14602;NPR-15077;NPR-15178;NPR-46919;CNN-331299
Jay Field,False,yes,BYLINE,False,False,4,4,1815,2006-10-25,2011-04-16,1634.0,4,2,1.0,unchecked,0,,NPR-33840;NPR-35895;NPR-41724;NPR-48316
Ellen Knickmeyer,False,yes,REPORTER,False,False,4,4,1814,2005-05-25,2014-03-29,3230.0,4,3,1.0,unchecked,0,MS,NPR-12151;NPR-28245;NPR-40023;NPR-41030
R. Martin,False,no,,True,False,5,3,1800,2003-10-23,2005-12-22,791.0,2,4,0.0,unchecked,0,,CNN-78415;CNN-78976;CNN-100952;CNN-136492;CNN-137936
Karen Brown,False,yes,REPORTER,False,False,8,3,1797,2006-12-09,2009-02-04,788.0,3,7,0.375,unchecked,1,,NPR-8991;NPR-18362;NPR-41575;CNN-53574;CNN-53593
Amelia Shaw,False,yes,REPORTING,False,False,4,4,1794,2006-02-03,2010-01-14,1441.0,4,3,1.0,unchecked,0,MS,NPR-14665;NPR-14666;NPR-42835;NPR-45898
Alice Furlaud,False,yes,REPORTER,False,False,3,3,1781,2007-09-09,2008-12-25,473.0,3,3,1.0,unchecked,0,MS,NPR-9645;NPR-16466;NPR-41136
Eve Troeh,False,yes,REPORTING,False,False,4,4,1778,2006-11-07,2008-10-30,723.0,4,3,1.0,unchecked,0,,NPR-465;NPR-37544;NPR-38427;NPR-44994
Roger Bennett,False,yes,BYLINE,False,False,4,4,1776,2016-09-03,2018-07-06,671.0,4,1,1.0,unchecked,0,,NPR-20926;NPR-45943;NPR-46049;NPR-46057
Jaime Tarabay,False,yes,REPORTING,False,False,4,4,1760,2006-09-08,2006-11-24,77.0,4,3,1.0,unchecked,0,,NPR-5898;NPR-18560;NPR-18619;NPR-37959
Will Saletan,False,yes,CORRESPONDENT,False,False,4,3,1760,2001-11-16,2005-08-04,1357.0,4,2,0.75,unchecked,0,,NPR-16185;NPR-17197;NPR-17418;CNN-43892
Leigh Keno,False,yes,HOST,False,False,4,3,1755,2003-10-17,2003-10-17,0.0,1,2,0.0,unchecked,0,,CNN-8522;CNN-78190;CNN-81364;CNN-83495
Phillip Reeves,False,yes,REPORTING,False,False,5,4,1736,2006-10-08,2008-09-04,697.0,5,2,1.0,unchecked,0,,NPR-34500;NPR-34923;NPR-36233;NPR-39167;NPR-41777
Nick Miroff,False,yes,BYLINE,False,False,5,4,1735,2010-09-03,2015-10-25,1878.0,5,3,1.0,unchecked,0,,NPR-1696;NPR-30969;NPR-33376;NPR-33673;NPR-34847
Frank Browning,False,yes,REPORTING,False,False,3,3,1694,2007-03-01,2013-01-22,2154.0,3,3,1.0,unchecked,0,,NPR-9751;NPR-41165;NPR-45528
E. Cohen,False,no,,True,False,6,3,1675,2004-10-18,2014-06-20,3532.0,3,3,0.0,unchecked,0,,CNN-88993;CNN-91049;CNN-118033;CNN-136452;CNN-159867
Geoff Bennett,False,yes,BYLINE,False,False,4,4,1675,2007-09-26,2018-09-29,4021.0,4,3,1.0,unchecked,0,,NPR-671;NPR-3734;NPR-6671;NPR-14592
Kaomi Goetz,False,yes,BYLINE,False,False,5,4,1671,2009-02-17,2010-12-28,679.0,5,2,1.0,unchecked,0,,NPR-8396;NPR-8711;NPR-34128;NPR-35360;NPR-37207
Ej Dionne,False,yes,BYLINE,False,False,3,3,1647,2014-06-06,2019-08-02,1883.0,3,1,1.0,unchecked,0,,NPR-9600;NPR-9824;NPR-27129
Farajii Muhammad,False,yes,BYLINE,False,False,4,3,1642,2015-04-27,2017-02-25,670.0,4,2,0.75,unchecked,0,,NPR-19287;NPR-20048;NPR-21102;CNN-254106
Leoneda Inge,False,yes,BYLINE,False,False,5,3,1641,2006-11-13,2010-12-11,1489.0,5,2,1.0,unchecked,0,,NPR-2019;NPR-2313;NPR-3234;NPR-34235;NPR-41651
Aryn Baker,False,yes,CORRESPONDENT,False,False,4,3,1589,2014-05-16,2018-06-24,1500.0,3,3,0.75,unchecked,0,,NPR-7393;NPR-16112;NPR-46207;CNN-206948
Jerry Capeci,False,yes,REPORTER,False,False,7,3,1581,2005-08-10,2007-06-08,667.0,3,4,0.42857142857142855,unchecked,0,MR,NPR-4281;NPR-6368;NPR-47463;CNN-28732;CNN-55388
Jim Kent,False,yes,BYLINE,False,False,5,4,1576,2006-09-23,2017-08-18,3982.0,5,4,0.8,unchecked,0,,NPR-8833;NPR-31484;NPR-36850;NPR-41847;CNN-319310
Adeed Dawisha,False,yes,REPORTING,False,False,3,3,1575,2005-12-13,2008-03-31,839.0,3,3,1.0,unchecked,0,PROFESSOR,NPR-5330;NPR-39885;NPR-40476
A. Kerry,False,no,,True,False,5,3,1566,2004-10-25,2004-11-22,28.0,2,3,0.0,unchecked,0,,CNN-86545;CNN-86643;CNN-89173;CNN-89957;CNN-113607
Rachel Jones,False,yes,REPORTING,False,False,5,3,1559,2007-02-12,2016-05-18,3383.0,5,5,0.8,unchecked,1,,NPR-18018;NPR-36779;NPR-41362;NPR-44394;CNN-284445
David Wessell,False,yes,CORRESPONDENT,False,False,3,3,1553,2006-05-31,2006-06-23,23.0,3,1,1.0,unchecked,0,MR,NPR-5710;NPR-38545;NPR-38630
Joe Flint,False,yes,REPORTER,False,False,7,3,1526,2011-01-23,2017-11-11,2484.0,4,5,0.5714285714285714,unchecked,0,MR,NPR-13494;NPR-14932;NPR-20575;NPR-25031;CNN-100391
Jack Zahora,False,yes,REPORTING,False,False,4,4,1517,2007-01-22,2008-10-08,625.0,4,2,1.0,unchecked,0,,NPR-3255;NPR-34308;NPR-36674;NPR-37037
Robin Urevich,False,yes,REPORTING,False,False,3,3,1516,2006-09-08,2006-11-17,70.0,3,1,1.0,unchecked,0,,NPR-3150;NPR-3537;NPR-3963
T. Woods,False,no,,True,False,6,3,1496,2018-11-23,2018-11-23,0.0,1,5,0.0,unchecked,0,,CNN-28405;CNN-32739;CNN-36923;CNN-58891;CNN-149897
Tanya Ott,False,yes,REPORTING,False,False,3,3,1490,2008-07-19,2011-04-28,1013.0,3,2,1.0,unchecked,0,MS,NPR-2124;NPR-33289;NPR-39443
Sabrina Tavernise,False,yes,REPORTING,False,False,3,3,1489,2005-05-24,2014-07-18,3342.0,3,2,1.0,unchecked,0,MS,NPR-23820;NPR-43317;NPR-44216
Heather King,False,yes,REPORTING,False,False,8,3,1467,2005-07-13,2007-04-10,636.0,3,4,0.375,unchecked,0,,NPR-41249;NPR-41586;NPR-43993;CNN-223647;CNN-223657
Emily Green,False,yes,BYLINE,False,False,4,3,1464,2010-08-14,2019-06-28,3240.0,4,4,0.75,unchecked,1,,NPR-3056;NPR-10046;NPR-13783;CNN-321632
D. Burlingame,False,no,,True,False,3,3,1424,,,,0,3,0.0,unchecked,0,,CNN-39409;CNN-40742;CNN-76796
Scott Hensley,False,yes,BYLINE,False,False,6,3,1423,2010-02-23,2020-04-27,3716.0,6,3,0.6666666666666666,unchecked,0,,NPR-31655;NPR-31706;NPR-35371;NPR-35946;CNN-398614
Elaine Korry,False,yes,REPORTING,False,False,5,3,1414,2006-08-23,2008-02-28,554.0,5,1,1.0,unchecked,0,,NPR-5562;NPR-35732;NPR-36913;NPR-36958;NPR-38069
Tariq Panja,False,yes,REPORTER,False,False,3,3,1407,2018-06-13,2019-01-26,227.0,3,2,1.0,unchecked,0,,NPR-9719;NPR-46322;NPR-46377
Brad Linder,False,yes,REPORTING,False,False,4,3,1400,2006-07-09,2008-12-07,882.0,4,2,1.0,unchecked,0,,NPR-34562;NPR-34937;NPR-38119;NPR-42167
Russell Lewis,False,yes,BYLINE,False,False,6,3,1386,2010-01-19,2011-07-28,555.0,4,5,0.6666666666666666,unchecked,0,,NPR-29106;NPR-29601;NPR-35105;NPR-45857;CNN-33700
Anyi Howell,False,yes,REPORTER,False,False,4,3,1373,2006-01-03,2009-03-20,1172.0,4,2,1.0,unchecked,0,KING;MR,NPR-1077;NPR-2619;NPR-8224;NPR-46137
Desiree Cooper,False,yes,REPORTING,False,False,3,3,1370,2005-08-01,2006-01-17,169.0,3,1,1.0,unchecked,0,,NPR-43022;NPR-43212;NPR-43932
Kevin Arnovitz,False,yes,REPORTING,False,False,3,3,1369,2007-06-26,2018-04-13,3944.0,3,2,1.0,unchecked,0,,NPR-4002;NPR-5500;NPR-47653
Steve Tripoli,False,yes,REPORTING,False,False,3,3,1350,2007-02-09,2007-07-20,161.0,3,1,1.0,unchecked,0,,NPR-3594;NPR-4135;NPR-45802
Monica Ortiz Uribe,False,yes,BYLINE,False,False,3,3,1337,2010-03-15,2010-09-13,182.0,3,2,1.0,unchecked,0,,NPR-31481;NPR-34775;NPR-35862
Phyllis Fletcher,False,yes,REPORTING,False,False,3,3,1314,2005-07-17,2006-11-19,490.0,3,2,1.0,unchecked,0,,NPR-18567;NPR-19358;NPR-41725
B. Dunn,False,no,,True,False,3,3,1304,,,,0,1,0.0,unchecked,0,,CNN-160395;CNN-160626;CNN-160916
Mark Schleifstein,False,yes,REPORTER,False,False,4,3,1304,2005-08-29,2012-08-27,2555.0,3,2,0.75,unchecked,0,MR,NPR-30985;NPR-39404;NPR-43755;CNN-151499
David Chanatry,False,yes,BYLINE,False,False,3,3,1292,2006-11-21,2011-11-03,1808.0,3,1,1.0,unchecked,0,,NPR-28601;NPR-28958;NPR-37435
J. Kyle,False,no,,True,False,3,3,1261,2015-02-09,2015-02-23,14.0,3,1,0.0,unchecked,0,,CNN-248923;CNN-249592;CNN-249922
Ray Brown,False,yes,BYLINE,False,False,5,3,1243,2006-10-22,2018-07-03,4272.0,5,3,1.0,unchecked,0,MR,NPR-11637;NPR-11882;NPR-11915;NPR-18631;NPR-45958
Keegan Hamilton,False,yes,REPORTER,False,False,3,3,1236,2019-01-11,2019-07-18,188.0,3,1,1.0,unchecked,0,,NPR-426;NPR-777;NPR-9874
John Otis,False,yes,BYLINE,False,False,3,3,1215,2008-07-02,2019-06-11,3996.0,3,2,1.0,unchecked,0,MR,NPR-10240;NPR-39614;NPR-47116
Joe Wertz,False,yes,BYLINE,False,False,3,3,1210,2014-05-29,2016-09-03,828.0,3,2,1.0,unchecked,0,,NPR-1611;NPR-20925;NPR-27225
Nicole Perlroth,False,yes,REPORTER,False,False,4,3,1209,2013-01-31,2017-06-29,1610.0,3,3,0.75,unchecked,0,,NPR-17621;NPR-26597;NPR-27953;CNN-200370
Kristen Gillespie,False,yes,REPORTING,False,False,6,3,1207,2006-12-05,2007-06-11,188.0,3,4,0.5,unchecked,0,,NPR-36457;NPR-37359;NPR-41450;CNN-99444;CNN-99445
Daniel Pinkwater,False,yes,REPORTING,False,False,5,3,1184,2006-10-11,2011-06-04,1697.0,5,2,1.0,unchecked,0,MR,NPR-41489;NPR-41603;NPR-41659;NPR-41765;NPR-48108
D. Eisenhower,False,no,,True,False,3,3,1176,,,,0,2,0.0,unchecked,0,,CNN-13071;CNN-23926;CNN-71978
Meredith Ochs,False,yes,BYLINE,False,False,3,3,1160,2006-11-20,2013-10-23,2529.0,3,1,1.0,unchecked,0,,NPR-28294;NPR-41551;NPR-41641
Matt Sepic,False,yes,BYLINE,False,False,3,3,1155,2007-01-15,2014-10-31,2846.0,3,2,1.0,unchecked,0,,NPR-7634;NPR-37110;NPR-39568
R. Graham,False,no,,True,False,3,3,1143,,,,0,1,0.0,unchecked,0,,CNN-107794;CNN-110204;CNN-110231
Maximilian Popp,False,yes,BYLINE,False,False,3,3,1128,2015-09-18,2016-01-11,115.0,3,1,1.0,unchecked,0,,NPR-20297;NPR-20775;NPR-21079
M. Mcstay,False,no,,True,False,4,3,1114,,,,0,2,0.0,unchecked,0,,CNN-148579;CNN-161584;CNN-163438;CNN-163439
Jeff Lunden,False,yes,BYLINE,False,False,3,3,1106,2007-10-10,2011-02-14,1223.0,3,1,1.0,unchecked,0,,NPR-30047;NPR-36208;NPR-36298
Sarah Varney,False,yes,REPORTER,False,False,3,3,1059,2006-07-26,2007-01-26,184.0,3,2,1.0,unchecked,0,,NPR-38155;NPR-46001;NPR-48409
Y. Arafat,False,no,,True,False,3,3,991,2004-11-13,2004-11-13,0.0,1,2,0.0,unchecked,0,,CNN-52470;CNN-56706;CNN-89724
J. Acosta,False,no,,True,False,3,3,977,2019-07-10,2019-07-12,2.0,3,1,0.0,unchecked,0,,CNN-374551;CNN-374552;CNN-374756
Steven Greenhouse,False,yes,CORRESPONDENT,False,False,12,10,18940,2010-11-30,2013-06-19,932.0,10,2,0.8333333333333334,has-page(v1),0,MR,NPR-496;NPR-1391;NPR-2030;NPR-2771;NPR-3524
Eleanor Beardsley,False,yes,BYLINE,False,False,85,19,18903,2006-01-26,2011-09-14,2057.0,85,5,1.0,has-page(v1),0,,NPR-5277;NPR-5355;NPR-5376;NPR-5411;NPR-7545
Deborah Amos,False,yes,BYLINE,False,False,38,28,18250,2005-07-04,2014-01-24,3126.0,38,5,1.0,has-page(v1),0,,NPR-2379;NPR-2776;NPR-6031;NPR-6748;NPR-7087
Laura Sydell,False,yes,BYLINE,False,False,46,31,18138,2006-01-20,2011-09-29,2078.0,46,4,1.0,has-page(v1),0,,NPR-938;NPR-3480;NPR-5675;NPR-7237;NPR-18216
Wade Goodwyn,False,yes,BYLINE,False,False,43,27,17190,2006-04-04,2011-09-06,1981.0,43,7,0.9767441860465116,has-page(v1),0,,NPR-457;NPR-1405;NPR-6851;NPR-13489;NPR-14111
Debbie Elliott,False,yes,BYLINE,False,False,48,26,17173,2006-03-12,2017-08-28,4187.0,48,5,1.0,has-page(v1),0,,NPR-5773;NPR-6022;NPR-7377;NPR-7751;NPR-16004
Jeff Brady,False,yes,BYLINE,False,False,54,29,16748,2006-01-19,2011-09-02,2052.0,54,6,1.0,has-page(v1),0,,NPR-3141;NPR-4410;NPR-9781;NPR-10072;NPR-14192
Farai Chideya,False,yes,HOST,False,False,72,19,16423,2000-10-17,2019-07-30,6860.0,54,20,0.6388888888888888,has-page(v1),0,,NPR-1075;NPR-1474;NPR-1530;NPR-1628;NPR-1772
Reihan Salam,False,yes,CORRESPONDENT,False,False,80,10,16334,2008-09-02,2018-12-21,3762.0,21,16,0.15,has-page(v1),0,MR,NPR-1676;NPR-3679;NPR-6888;NPR-10839;NPR-13032
Tamara Keith,False,yes,BYLINE,False,False,58,27,16213,2006-03-17,2015-06-22,3384.0,57,9,0.8103448275862069,has-page(v1),0,,NPR-1643;NPR-13141;NPR-14117;NPR-16559;NPR-29008
Wesley Lowery,False,yes,REPORTER,False,False,67,4,16130,2014-08-14,2019-09-19,1862.0,66,11,0.05970149253731343,has-page(v1),0,,NPR-7408;NPR-17776;NPR-23292;NPR-23668;CNN-184230
Katrina Vanden Heuvel,False,yes,HOST,False,False,84,6,16003,2000-11-18,2017-03-27,5973.0,37,31,0.07142857142857142,has-page(v1),0,,NPR-1253;NPR-9929;NPR-10828;NPR-27038;NPR-28098
Kim Masters,False,yes,BYLINE,False,False,38,32,15964,2006-01-26,2019-04-14,4826.0,34,8,0.8947368421052632,has-page(v1),0,,NPR-278;NPR-4506;NPR-5032;NPR-5857;NPR-6616
Joe Palca,False,yes,HOST,False,False,32,24,15939,2006-03-24,2011-08-27,1982.0,32,6,1.0,has-page(v1),0,,NPR-2123;NPR-2150;NPR-2414;NPR-2447;NPR-5364
Juan Forero,False,yes,BYLINE,False,False,41,32,15719,2006-09-25,2017-05-14,3884.0,41,5,1.0,has-page(v1),0,,NPR-3487;NPR-6080;NPR-6270;NPR-8825;NPR-10423
Ross Douthat,False,yes,COMMENTATOR,False,False,78,6,15579,2008-09-02,2018-09-16,3666.0,42,18,0.08974358974358974,has-page(v1),0,MR,NPR-378;NPR-6888;NPR-10812;NPR-32506;NPR-45061
Steven Erlanger,False,yes,CORRESPONDENT,False,False,79,5,15314,2006-02-14,2019-12-22,5059.0,79,6,0.10126582278481013,has-page(v1),0,MR,NPR-2413;NPR-8998;NPR-11157;NPR-42850;NPR-44810
Jamie Tarabay,False,yes,CORRESPONDENT,False,False,40,28,15142,2006-02-22,2019-05-18,4833.0,40,6,0.95,has-page(v1),0,,NPR-2770;NPR-2784;NPR-3253;NPR-3682;NPR-4876
Richard Knox,False,yes,BYLINE,False,False,32,23,15083,2006-02-03,2011-07-11,1984.0,32,5,1.0,has-page(v1),0,,NPR-339;NPR-1725;NPR-3528;NPR-3981;NPR-6660
Anne Garrels,False,yes,REPORTING,False,False,41,29,15049,2003-10-14,2013-03-17,3442.0,40,8,0.9512195121951219,has-page(v1),0,,NPR-529;NPR-2783;NPR-4624;NPR-17566;NPR-17806
Joe Nocera,False,yes,REPORTING,False,False,42,25,15030,2005-05-21,2020-06-13,5502.0,34,12,0.6428571428571429,has-page(v1),0,MR,NPR-11468;NPR-12246;NPR-12303;NPR-12360;NPR-12388
Mark Jordan Legan,False,yes,REPORTING,False,False,32,31,14654,2006-01-20,2009-03-19,1154.0,32,1,1.0,has-page(v1),0,MR,NPR-14;NPR-103;NPR-215;NPR-351;NPR-1227
Joel Rose,False,yes,BYLINE,False,False,45,31,14580,2006-10-02,2018-09-23,4374.0,45,5,1.0,has-page(v1),0,MR,NPR-216;NPR-5851;NPR-6554;NPR-8022;NPR-8372
Celeste Headlee,False,yes,HOST,False,False,38,31,14358,2006-10-13,2009-06-05,966.0,36,3,0.9473684210526315,has-page(v1),0,,NPR-10;NPR-94;NPR-450;NPR-632;NPR-1304
Kenneth Turan,False,yes,BYLINE,False,False,60,14,14068,2006-01-27,2014-08-08,3115.0,56,4,0.9333333333333333,has-page(v1),0,MR,NPR-23704;NPR-24288;NPR-24518;NPR-24744;NPR-24950
Corey Flintoff,False,yes,BYLINE,False,False,35,28,13919,2006-02-06,2015-01-25,3275.0,35,6,1.0,has-page(v1),0,,NPR-2914;NPR-9641;NPR-13474;NPR-14570;NPR-14656
Wendy Kaufman,False,yes,BYLINE,False,False,60,18,13902,2006-01-19,2011-10-07,2087.0,60,3,1.0,has-page(v1),0,,NPR-222;NPR-3948;NPR-5280;NPR-5648;NPR-5755
David Kestenbaum,False,yes,BYLINE,False,False,30,25,13832,2006-01-23,2016-03-10,3699.0,29,5,0.9666666666666667,has-page(v1),0,,NPR-7072;NPR-9490;NPR-11138;NPR-14733;NPR-16090
Ina Jaffe,False,yes,BYLINE,False,False,42,25,13683,2005-07-04,2011-08-04,2222.0,42,4,1.0,has-page(v1),0,,NPR-6715;NPR-7511;NPR-13644;NPR-14673;NPR-16087
Claudio Sanchez,False,yes,BYLINE,False,False,29,21,13573,2005-07-04,2013-06-23,2911.0,29,4,1.0,has-page(v1),0,,NPR-974;NPR-6205;NPR-14478;NPR-14988;NPR-17002
Jon Hamilton,False,yes,BYLINE,False,False,30,22,13002,2006-05-31,2011-05-19,1814.0,30,6,1.0,has-page(v1),0,,NPR-7305;NPR-10630;NPR-15648;NPR-29776;NPR-29851
Louisa Lim,False,yes,BYLINE,False,False,37,22,12978,2006-07-11,2011-07-26,1841.0,37,5,1.0,has-page(v1),0,,NPR-1301;NPR-6692;NPR-6927;NPR-15014;NPR-16560
Howard Bryant,False,yes,BYLINE,False,False,24,21,12320,2005-08-11,2020-08-27,5495.0,24,3,0.9583333333333334,has-page(v1),0,MR,NPR-6411;NPR-11779;NPR-12217;NPR-12313;NPR-13524
Alan Cheuse,False,yes,BYLINE,False,False,50,7,12109,2006-02-08,2014-06-11,3045.0,50,1,1.0,has-page(v1),0,,NPR-27073;NPR-27179;NPR-30656;NPR-31696;NPR-32476
Matt Bai,False,yes,CORRESPONDENT,False,False,12,6,12089,2008-01-20,2014-10-17,2462.0,7,5,0.5,has-page(v1),0,MR,NPR-471;NPR-6622;NPR-12483;NPR-13465;NPR-17115
Mary Louise Kelly,False,yes,HOST,False,False,29,23,12044,2006-05-08,2011-05-03,1821.0,29,3,1.0,has-page(v1),1,,NPR-5550;NPR-5657;NPR-5986;NPR-32355;NPR-32722
Christopher Joyce,False,yes,BYLINE,False,False,31,24,11898,2006-05-11,2011-09-16,1954.0,31,6,1.0,has-page(v1),0,,NPR-1501;NPR-4117;NPR-5916;NPR-6075;NPR-7647
John Feinstein,False,yes,COMMENTATOR,False,False,40,17,11886,2000-11-12,2016-03-13,5600.0,21,20,0.45,has-page(v1),0,MR,NPR-6508;NPR-17378;NPR-22587;NPR-32235;NPR-32249
Alex Cohen,False,yes,HOST,False,False,31,25,11676,2006-09-08,2009-03-20,924.0,30,2,0.967741935483871,has-page(v1),0,,NPR-16;NPR-447;NPR-1507;NPR-3246;NPR-3694
Linda Chavez,False,yes,COMMENTATOR,False,False,54,9,11610,2010-05-24,2020-04-30,3629.0,31,21,0.16666666666666666,has-page(v1),1,MS,NPR-3851;NPR-5627;NPR-9659;NPR-9756;NPR-12834
Guy Raz,False,yes,HOST,False,False,34,17,11267,2005-10-26,2015-01-11,3364.0,34,7,0.9705882352941176,has-page(v1),0,,NPR-1721;NPR-2782;NPR-3478;NPR-3819;NPR-6623
Bob Mondello,False,yes,BYLINE,False,False,33,18,11015,2006-03-03,2015-05-22,3367.0,33,2,1.0,has-page(v1),0,MR,NPR-4865;NPR-7450;NPR-24445;NPR-24733;NPR-26517
Julia Ioffe,False,yes,REPORTER,False,False,72,10,10977,2010-08-09,2018-12-13,3048.0,57,19,0.1527777777777778,has-page(v1),0,MS,NPR-7396;NPR-11470;NPR-12162;NPR-22994;NPR-26742
M. Johnson,False,no,,True,False,25,7,10944,2015-12-28,2020-08-19,1696.0,20,14,0.0,has-page(v1),0,,CNN-52072;CNN-92557;CNN-121792;CNN-182821;CNN-213718
John Burnett,False,yes,BYLINE,False,False,31,16,10868,2006-02-12,2018-06-19,4510.0,28,8,0.8387096774193549,has-page(v1),0,,NPR-3019;NPR-5940;NPR-10406;NPR-13486;NPR-18164
Michael Isikoff,False,yes,REPORTER,False,False,73,6,10838,2000-12-30,2019-11-16,6895.0,27,32,0.0958904109589041,has-page(v1),0,MR,NPR-11422;NPR-18476;NPR-19350;NPR-22733;NPR-23935
Jeffrey Gettleman,False,yes,BYLINE,False,False,24,10,10679,2006-03-27,2020-05-04,5152.0,21,8,0.4583333333333333,has-page(v1),0,MR,NPR-364;NPR-1092;NPR-1241;NPR-10793;NPR-11220
Thomas Erdbrink,False,yes,CORRESPONDENT,False,False,38,13,10591,2012-02-27,2018-08-13,2359.0,38,11,0.39473684210526316,has-page(v1),0,,NPR-3876;NPR-5954;NPR-13938;NPR-17524;NPR-18404
E J Dionne,False,yes,BYLINE,True,False,17,17,10540,2014-11-28,2019-09-06,1743.0,17,1,1.0,has-page(v1),0,,NPR-7769;NPR-8849;NPR-18322;NPR-21094;NPR-21369
Ramesh Ponnuru,False,yes,BYLINE,False,False,80,14,10522,2000-10-31,2019-09-20,6898.0,38,27,0.2375,has-page(v1),0,MR;MS,NPR-432;NPR-2067;NPR-8495;NPR-12257;NPR-16334
E. Edwards,False,no,,True,False,28,9,10432,2004-10-13,2004-12-12,60.0,3,11,0.0,has-page(v1),0,,CNN-77660;CNN-81894;CNN-82597;CNN-86404;CNN-86619
Adam Hochberg,False,yes,REPORTING,False,False,26,24,10426,2006-01-28,2010-01-12,1445.0,26,4,1.0,has-page(v1),0,,NPR-7242;NPR-7579;NPR-18020;NPR-18583;NPR-32228
Jeffrey Goldberg,False,yes,CORRESPONDENT,False,False,59,10,10131,2002-11-21,2020-09-08,6501.0,40,23,0.1864406779661017,has-page(v1),0,MR,NPR-11792;NPR-12256;NPR-12367;NPR-12412;NPR-24113
Laura Sullivan,False,yes,BYLINE,False,False,21,14,10124,2006-02-10,2010-11-09,1733.0,17,7,0.8095238095238095,has-page(v1),1,,NPR-3658;NPR-3831;NPR-5301;NPR-16365;NPR-18577
Geoffrey Bennett,False,yes,NPR,False,False,27,24,10075,2007-07-11,2009-01-28,567.0,27,1,1.0,has-page(v1),0,MR,NPR-30;NPR-313;NPR-350;NPR-473;NPR-512
Christopher Johnson,False,yes,REPORTING,False,False,32,10,10023,2006-09-19,2020-05-16,4988.0,29,11,0.78125,has-page(v1),1,,NPR-1637;NPR-1651;NPR-1775;NPR-1812;NPR-1858
Mark Potok,False,yes,REPORTER,False,False,99,5,9917,2005-05-23,2016-11-16,4195.0,30,34,0.1111111111111111,has-page(v1),0,MR,NPR-729;NPR-3092;NPR-13489;NPR-17214;NPR-24172
Linda Wertheimer,False,yes,HOST,False,False,24,18,9837,2006-09-27,2012-08-11,2145.0,24,4,1.0,has-page(v1),0,,NPR-7008;NPR-12709;NPR-16234;NPR-16993;NPR-33344
Steve Proffitt,False,yes,REPORTING,False,False,34,15,9792,2005-08-17,2011-06-02,2115.0,34,2,1.0,has-page(v1),0,,NPR-7;NPR-1300;NPR-2518;NPR-3241;NPR-3475
Robert Costa,False,yes,REPORTER,False,False,60,9,9754,2014-06-29,2018-12-22,1637.0,46,7,0.2,has-page(v1),0,,NPR-1614;NPR-1955;NPR-4332;NPR-4502;NPR-10683
Lester Spence,False,yes,REPORTING,False,False,20,16,9751,2005-08-09,2015-04-29,3550.0,20,3,1.0,has-page(v1),0,MR;PROFESSOR,NPR-2476;NPR-2988;NPR-3083;NPR-3157;NPR-3776
Natalie Allen,False,yes,ANCHOR,False,False,54,6,9661,2000-10-31,2020-06-01,7153.0,43,7,0.0,has-page(v1),0,,CNN-4558;CNN-17307;CNN-19029;CNN-26825;CNN-29400
Dexter Filkins,False,yes,CORRESPONDENT,False,False,22,7,9658,2004-10-17,2020-01-07,5560.0,16,12,0.3181818181818182,has-page(v1),0,MR,NPR-3858;NPR-6009;NPR-12667;NPR-15871;NPR-16043
Richard Gonzales,False,yes,BYLINE,False,False,31,18,9524,2006-08-08,2011-09-24,1873.0,31,4,1.0,has-page(v1),1,,NPR-3144;NPR-5025;NPR-6300;NPR-16646;NPR-29591
Margot Adler,False,yes,BYLINE,False,False,22,11,9506,2006-09-11,2011-10-06,1851.0,22,4,1.0,has-page(v1),0,,NPR-1213;NPR-13976;NPR-28799;NPR-32985;NPR-33389
Steve Inskeep,False,yes,HOST,False,False,34,8,9164,2006-01-18,2019-09-17,4990.0,32,7,0.5,has-page(v1),0,,NPR-6476;NPR-6645;NPR-8511;NPR-14323;NPR-14370
Linda Gradstein,False,yes,REPORTING,False,False,26,17,9085,2006-01-08,2008-11-12,1039.0,26,4,1.0,has-page(v1),0,,NPR-5027;NPR-19124;NPR-36022;NPR-36230;NPR-36959
Emily Bazelon,False,yes,REPORTING,False,False,28,15,9083,2005-05-03,2020-09-27,5626.0,20,11,0.5357142857142857,has-page(v1),0,MS,NPR-2827;NPR-3851;NPR-14082;NPR-14628;NPR-15403
Mark Anthony Neal,False,yes,REPORTING,False,False,11,9,8958,2005-06-16,2018-04-26,4697.0,11,4,0.9090909090909091,has-page(v1),0,DR;PROFESSOR,NPR-3050;NPR-4774;NPR-4923;NPR-5151;NPR-7700
Annie Murphy,False,yes,BYLINE,False,False,22,16,8956,2009-12-05,2011-06-21,563.0,22,4,1.0,has-page(v1),0,,NPR-6306;NPR-13775;NPR-13839;NPR-13855;NPR-14799
Daria Dolan,False,yes,HOST,False,False,37,14,8936,2009-10-17,2011-12-17,791.0,9,5,0.0,has-page(v1),0,,CNN-93260;CNN-93956;CNN-94722;CNN-144088;CNN-144117
John Burns,False,yes,REPORTER,False,False,51,4,8849,2005-10-30,2013-05-28,2767.0,9,14,0.11764705882352941,has-page(v1),0,MR,NPR-3274;NPR-15018;NPR-29142;NPR-43353;NPR-46536
Jane Mayer,False,yes,REPORTER,False,False,16,8,8734,2006-06-29,2019-07-23,4772.0,14,10,0.5,has-page(v1),0,MS,NPR-1979;NPR-2653;NPR-4592;NPR-9621;NPR-10604
Tina Brown,False,yes,HOST,False,False,41,4,5630,2008-10-14,2020-09-24,4363.0,24,18,0.0975609756097561,has-page,0,,NPR-25229;NPR-25363;NPR-27161;NPR-32600;CNN-117540
Alix Spiegel,False,yes,BYLINE,False,False,9,9,5560,2006-01-24,2010-02-10,1478.0,9,3,1.0,has-page,0,,NPR-34805;NPR-35680;NPR-36127;NPR-36262;NPR-39017
David French,False,yes,ANCHOR,False,False,29,6,5464,2015-02-19,2019-12-14,1759.0,27,15,0.27586206896551724,has-page,0,,NPR-3552;NPR-4032;NPR-5702;NPR-9316;NPR-11343
Ron Cowen,False,yes,REPORTER,False,False,6,5,5150,2010-07-09,2013-01-18,924.0,5,2,0.8333333333333334,has-page,0,MR,NPR-231;NPR-1646;NPR-3994;NPR-5077;NPR-9758
Jacob Goldstein,False,yes,BYLINE,False,False,3,3,4715,2010-09-02,2011-08-09,341.0,3,1,1.0,has-page,0,,NPR-1552;NPR-2195;NPR-4413
Brian Mann,False,yes,BYLINE,False,False,14,7,4224,2006-05-09,2015-06-29,3338.0,14,6,0.8571428571428571,has-page,0,,NPR-13844;NPR-17913;NPR-18159;NPR-29740;NPR-31498
Jonathan Alter,False,yes,CORRESPONDENT,False,False,12,3,4209,2000-12-10,2013-11-21,4729.0,6,8,0.4166666666666667,has-page,0,MR,NPR-8800;NPR-24747;NPR-28242;NPR-35057;NPR-48858
L.L. Cool J,False,no,,True,False,12,4,4133,2004-12-18,2010-12-24,2197.0,2,5,0.0,has-page,0,,CNN-6539;CNN-88170;CNN-90679;CNN-92085;CNN-93765
Melissa Block,False,yes,HOST,False,False,18,4,3483,2005-06-09,2014-12-03,3464.0,17,5,0.9444444444444444,has-page,0,MS,NPR-4170;NPR-6431;NPR-13643;NPR-16365;NPR-25671
Marie Colvin,False,yes,CORRESPONDENT,False,False,32,3,3447,2011-03-01,2018-11-15,2816.0,8,15,0.1875,has-page,0,MS,NPR-2171;NPR-2196;NPR-2413;NPR-25861;NPR-29948
John Dankosky,False,yes,HOST,False,False,3,3,3372,2006-09-08,2011-01-19,1594.0,3,2,1.0,has-page,0,MR,NPR-3002;NPR-44808;NPR-47714
Andrew Revkin,False,yes,REPORTER,False,False,6,3,3078,2005-06-08,2018-09-30,4862.0,5,4,0.5,has-page,0,MR,NPR-4970;NPR-15346;NPR-17012;CNN-117441;CNN-346340
Bob Moon,False,yes,REPORTING,False,False,8,5,3031,2005-12-06,2008-08-27,995.0,8,1,1.0,has-page,0,,NPR-35;NPR-93;NPR-1154;NPR-1223;NPR-1779
Mona Chalabi,False,yes,BYLINE,False,False,5,5,2932,2014-10-26,2015-06-14,231.0,5,1,1.0,has-page,0,,NPR-2596;NPR-2599;NPR-2979;NPR-3742;NPR-3767
William Jelani Cobb,False,yes,COMMENTATOR,False,False,10,3,2787,2006-08-14,2007-04-09,238.0,3,6,0.3,has-page,0,MR;PROFESSOR,NPR-1856;NPR-4188;NPR-4291;CNN-99327;CNN-102566
Paul Collins,False,yes,CNN,False,False,6,3,2497,2005-12-24,2018-09-03,4636.0,5,3,0.5,has-page,1,MR;PROFESSOR,NPR-18590;NPR-19300;NPR-49108;CNN-123182;CNN-326244
Brian Bennett,False,yes,CORRESPONDENT,False,False,17,3,2479,2003-11-17,2015-12-06,4402.0,11,13,0.17647058823529413,has-page,1,,NPR-5893;NPR-23407;NPR-26856;CNN-74387;CNN-79262
T. Smith,False,no,,True,False,10,3,2469,,,,0,3,0.0,has-page,0,,CNN-146744;CNN-146782;CNN-146816;CNN-146946;CNN-146995
Jon Miller,False,yes,COMMENTATOR,False,False,3,3,2305,2005-10-21,2008-12-24,1160.0,3,3,1.0,has-page,0,MR,NPR-16905;NPR-40179;NPR-48511
Eric Schmitt,False,yes,CORRESPONDENT,False,False,11,3,2209,2011-07-05,2020-06-27,3280.0,8,5,0.36363636363636365,has-page,0,,NPR-21439;NPR-25506;NPR-27682;NPR-32882;CNN-68504
