canonical_id,canonical_name,wiki_status,subst_dedup,n_appearances,appearances_collapsed,span_days_dedup,n_dates_dedup,first_date,last_date,npr_share,n_programs,total_guest_words,n_variants,merge_rules,merge_evidence,top_raw_label,n_affiliations,affiliations,summary_staff,note,transcripts
C00344,Bob Meadows,long-tail,33,36,0,691,33,2005-05-12,2007-04-03,0.9722,3,18567,1,,,"Mr. BOB MEADOWS (Writer, People Magazine)",4,WRITER PEOPLE MAGAZINE / PEOPLE MAGAZINE / STAFF WRITER PEOPLE MAGAZINE / WRITE PEOPLE MAGAZINE,no,"clean: no staff evidence, full name, no duplicate inflation",CNN-27211|2001-03-15|Burden of Proof|cl1|-;NPR-48138|2005-05-12|News & Notes|cl32|S;NPR-47919|2005-05-27|News & Notes|cl31|S;NPR-47542|2005-07-12|News & Notes|cl30|S;NPR-47305|2005-08-04|News & Notes|cl29|S;NPR-47234|2005-08-12|News & Notes|cl28|S;NPR-47071|2005-08-30|News & Notes|cl26|S;NPR-46618|2005-10-07|News & Notes|cl25|S;NPR-46449|2005-11-22|News & Notes|cl24|S;NPR-5438|2006-01-19|News & Notes|cl35|S;NPR-45771|2006-02-07|News & Notes|cl23|-;NPR-45680|2006-02-15|News & Notes|cl22|S;NPR-45456|2006-03-02|News & Notes|cl21|S;NPR-45182|2006-03-24|News & Notes|cl20|S;NPR-44978|2006-04-06|News & Notes|cl19|S;NPR-44556|2006-05-15|News & Notes|cl17|S;NPR-4833|2006-06-29|News & Notes|cl33|S;NPR-4710|2006-07-11|News & Notes|cl27|S;NPR-4479|2006-07-27|News & Notes|cl18|S;NPR-4207|2006-08-17|News & Notes|cl16|S;NPR-4182|2006-08-24|News & Notes|cl15|S;NPR-3925|2006-09-19|News & Notes|cl14|S;NPR-7405|2006-09-21|News & Notes|cl36|S;NPR-3655|2006-10-03|News & Notes|cl13|S;NPR-3648|2006-10-10|News & Notes|cl12|S;NPR-3417|2006-11-01|News & Notes|cl11|S;NPR-3162|2006-11-16|News & Notes|cl10|S;NPR-5314|2006-11-20|News & Notes|cl34|S;NPR-2930|2006-12-15|News & Notes|cl9|S;NPR-2625|2007-01-11|News & Notes|cl8|S;NPR-2473|2007-01-30|News & Notes|cl7|S;NPR-2282|2007-02-20|News & Notes|cl6|S;NPR-2162|2007-02-28|News & Notes|cl5|S;NPR-2134|2007-03-06|News & Notes|cl3|S;NPR-1896|2007-04-03|News & Notes|cl2|S;NPR-21565|2015-07-10|Morning Edition|cl4|-
C00752,Emira Woods,long-tail,10,17,0,1138,10,2005-09-16,2008-10-28,0.6471,4,9304,1,,,Ms. EMIRA WOODS (Institute of Policy Studies),11,CO DIRECTOR FOREIGN POLICY IN FOCUS INSTITUTE FOR POLICY STUDIES / INSTITUTE OF POLICY STUDIES / CO DIRECTOR FOREIGN POLICY IN FOCUS INSTITUTE OF POLICY STUDIES / CO DIRECTOR OF FOREIGN POLICY IN FOCUS INSTITUTE FOR POLICY STUDIES,no,"clean: no staff evidence, full name, no duplicate inflation",CNN-73323|2003-07-06|CNN SUNDAY MORNING|cl3|-;CNN-78967|2003-11-08|INSIDE AFRICA|cl4|-;CNN-81884|2004-02-07|INSIDE AFRICA|cl5|-;CNN-85348|2004-06-12|INSIDE AFRICA|cl6|-;NPR-48025|2005-05-17|News & Notes|cl16|-;NPR-46842|2005-09-16|News & Notes|cl14|S;NPR-4101|2006-08-25|News & Notes|cl13|S;NPR-2733|2007-01-03|News & Notes|cl10|S;CNN-113479|2007-01-06|INSIDE AFRICA|cl1|-;NPR-475|2007-10-16|News & Notes|cl15|S;NPR-310|2007-11-06|News & Notes|cl11|S;NPR-12927|2008-01-01|News & Notes|cl9|S;NPR-10811|2008-03-11|News & Notes|cl8|S;NPR-40499|2008-03-29|All Things Considered|cl12|S;NPR-10732|2008-04-01|News & Notes|cl7|S;NPR-9707|2008-10-28|News & Notes|cl17|S;CNN-133237|2008-12-13|INSIDE AFRICA|cl2|-
C02124,Samer Shehata,long-tail,9,28,4,1099,9,2011-01-29,2014-02-01,0.3929,17,7881,1,,,SAMER SHEHATA,11,ASSISTANT PROFESSOR OF ARAB POLITICS GEORGETOWN UNIVERSITY / ARAB POLITICS GEORGETOWN UNIVERSITY / GEORGETOWN UNIVERSITY / PROFESSOR GEORGETOWN UNIVERSITY,no,4 re-airings collapsed,CNN-41441|2001-10-09|CNN THE POINT WITH GRETA VAN SUSTEREN|cl4|-;CNN-43473|2001-11-09|GREENFIELD AT LARGE|cl5|-;CNN-52091|2002-04-06|CNN SATURDAY|cl6|-;CNN-52565|2002-04-16|AMERICAN MORNING WITH PAULA ZAHN|cl7|-;CNN-56408|2002-06-23|CNN SUNDAY NIGHT|cl8|-;CNN-68923|2003-04-03|CNN LIVE EVENT/SPECIAL|cl9|-;CNN-69764|2003-04-22|CNN LIVE EVENT/SPECIAL|cl10|-;CNN-72659|2003-06-22|CNN SUNDAY NIGHT|cl11|-;CNN-72981|2003-06-29|CNN LIVE SUNDAY|cl6|-;CNN-85337|2004-06-12|CNN LIVE SATURDAY|cl6|-;CNN-85867|2004-07-01|AMERICAN MORNING|cl7|-;CNN-86162|2004-07-12|ANDERSON COOPER 360 DEGREES|cl12|-;CNN-86690|2004-07-31|CNN LIVE SATURDAY|cl13|-;CNN-88299|2004-09-23|CNN LIVE TODAY|cl7|-;NPR-30394|2010-12-14|Morning Edition|cl19|-;NPR-33910|2011-01-29|All Things Considered|cl24|S;NPR-2929|2011-02-01|Talk of the Nation|cl17|S;NPR-33809|2011-02-12|All Things Considered|cl23|S;NPR-32437|2011-10-13|All Things Considered|cl22|S;NPR-32351|2011-11-25|All Things Considered|cl21|S;CNN-187112|2012-06-02|CNN NEWSROOM|cl1|-;CNN-187114|2012-06-02|CNN NEWSROOM|cl2|-;NPR-10775|2012-06-14|Talk of the Nation|cl14|S;NPR-31093|2012-08-13|All Things Considered|cl20|-;NPR-30384|2012-11-24|All Things Considered|cl18|S;NPR-28816|2013-07-06|All Things Considered|cl16|S;NPR-12184|2014-02-01|Weekend Edition Saturday|cl15|S;CNN-372670|2019-06-18|HALA GORANI TONIGHT|cl3|-
C00203,Anna Greenberg,long-tail,8,25,3,2312,8,2007-02-26,2013-06-26,0.48,12,11747,1,,,ANNA GREENBERG,10,DEMOCRATIC STRATEGIST PARTNER GREENBERG QUINLAN & ROSNER / SENIOR VICE PRESIDENT AND PRINCIPAL GREENBERG QUINLAN ROSNER / DEMOCRATIC POLLSTER / SENIOR VICE PRESIDENT PRINCIPAL GREENBERG QUINLAN ROSNER,no,3 re-airings collapsed,CNN-18360|2000-10-21|Saturday|cl4|-;CNN-62561|2002-11-04|CNN CROSSFIRE|cl6|-;CNN-77711|2003-10-05|CNN LIVE SUNDAY|cl7|-;CNN-78845|2003-11-05|CNN CROSSFIRE|cl8|-;CNN-84542|2004-05-12|ANDERSON COOPER 360 DEGREES|cl9|-;CNN-87640|2004-09-01|JUDY WOODRUFF'S INSIDE POLITICS|cl10|-;CNN-87659|2004-09-02|CNN LIVE AT DAYBREAK|cl10|-;NPR-37869|2006-09-19|Morning Edition|cl16|-;CNN-111569|2006-10-28|CNN NEWSROOM|cl1|-;CNN-113774|2007-01-16|THE SITUATION ROOM|cl2|-;CNN-113781|2007-01-16|THE SITUATION ROOM|cl2|-;NPR-16493|2007-02-26|Talk of the Nation|cl13|S;NPR-36719|2007-03-27|Morning Edition|cl15|-;CNN-128526|2008-07-10|THE SITUATION ROOM|cl3|-;CNN-128529|2008-07-10|THE SITUATION ROOM|cl3|-;NPR-45301|2010-03-24|Talk of the Nation|cl19|S;NPR-4401|2010-09-01|Talk of the Nation|cl18|S;NPR-3828|2010-10-27|Talk of the Nation|cl17|S;NPR-840|2011-11-09|Talk of the Nation|cl22|S;NPR-10664|2012-06-27|Talk of the Nation|cl12|S;NPR-10074|2012-11-14|Talk of the Nation|cl11|S;NPR-8117|2013-06-26|Talk of the Nation|cl21|S;NPR-25600|2014-12-12|All Things Considered|cl14|-;NPR-772|2019-01-16|Morning Edition|cl20|-;CNN-379078|2019-08-30|INSIDE POLITICS|cl5|-
C00854,Gregory Johnsen,long-tail,8,20,3,2052,8,2009-01-28,2014-09-11,0.45,9,7154,1,,,GREGORY JOHNSEN,9,FULBRIGHT HAYS FELLOW / PRINCETON UNIVERSITY / PHD CANDIDATE PRINCETON UNIVERSITY EDITOR ISLAM AND INSURGENCY IN YEMEN / AUTHOR THE LAST REFUGE YEMEN,no,3 re-airings collapsed,NPR-37713|2009-01-28|All Things Considered|cl16|S;CNN-146585|2010-01-02|CNN NEWSROOM|cl1|-;CNN-146615|2010-01-03|CNN SUNDAY MORNING|cl2|-;NPR-30698|2010-11-01|Morning Edition|cl12|S;NPR-3793|2010-11-04|Talk of the Nation|cl17|S;NPR-2417|2011-03-24|Talk of the Nation|cl9|S;NPR-33179|2011-05-18|All Things Considered|cl15|S;CNN-167219|2011-06-07|CONNECT THE WORLD|cl3|-;NPR-32739|2011-07-18|All Things Considered|cl14|S;NPR-31586|2012-05-24|All Things Considered|cl13|-;CNN-187623|2012-06-11|THE SITUATION ROOM|cl4|-;CNN-196845|2012-12-04|CNN NEWSROOM|cl5|-;CNN-196866|2012-12-04|CONNECT THE WORLD|cl5|-;CNN-198437|2012-12-31|THE SITUATION ROOM|cl6|-;CNN-198448|2013-01-01|CNN NEWSROOM|cl6|-;CNN-198453|2013-01-01|CNN NEWSROOM|cl6|-;NPR-28570|2013-08-06|All Things Considered|cl11|S;CNN-212299|2013-08-11|FAREED ZAKARIA GPS|cl7|-;NPR-26278|2014-09-11|All Things Considered|cl10|S;CNN-252276|2015-03-30|NEWS STREAM|cl8|-
C01722,Michael Dimock,long-tail,7,11,0,512,7,2013-01-16,2014-06-12,1.0,3,4396,1,,,MICHAEL DIMOCK,0,,no,"clean: no staff evidence, full name, no duplicate inflation",NPR-27990|2012-05-10|Morning Edition|cl5|-;NPR-27165|2012-10-19|Morning Edition|cl4|-;NPR-26986|2012-11-26|Morning Edition|cl2|-;NPR-9774|2013-01-16|Talk of the Nation|cl11|S;NPR-29661|2013-03-12|All Things Considered|cl10|S;NPR-29075|2013-06-06|All Things Considered|cl9|S;NPR-28378|2013-09-09|All Things Considered|cl8|S;NPR-28329|2013-10-07|All Things Considered|cl7|S;NPR-28206|2013-12-03|All Things Considered|cl6|S;NPR-27055|2014-06-12|All Things Considered|cl3|S;NPR-24054|2015-09-08|All Things Considered|cl1|-
C00592,David Gorn,long-tail,7,7,0,307,7,2008-02-12,2008-12-15,1.0,3,3214,1,,,DAVID GORN,0,,no,"clean: no staff evidence, full name, no duplicate inflation",NPR-35667|2008-02-12|Morning Edition|cl3|S;NPR-1592|2008-02-21|Day to Day|cl2|S;NPR-40500|2008-03-29|All Things Considered|cl5|S;NPR-455|2008-05-14|Day to Day|cl6|S;NPR-13139|2008-07-03|Day to Day|cl1|S;NPR-38515|2008-10-25|All Things Considered|cl4|S;NPR-9767|2008-12-15|Day to Day|cl7|S
C01247,John Ourand,long-tail,6,6,0,2958,6,2009-03-21,2017-04-26,1.0,3,2531,1,,,JOHN OURAND,1,SPORTS BUSINESS JOURNAL,no,"clean: no staff evidence, full name, no duplicate inflation",NPR-37286|2009-03-21|All Things Considered|cl6|S;NPR-22793|2015-01-07|Morning Edition|cl4|S;NPR-23194|2016-01-01|All Things Considered|cl5|S;NPR-20278|2016-01-15|Morning Edition|cl3|S;NPR-12777|2017-03-19|Weekend Edition Sunday|cl1|S;NPR-18733|2017-04-26|All Things Considered|cl2|S
C01933,Ramez Maluf,long-tail,6,7,0,1911,6,2005-06-09,2010-09-02,1.0,1,3548,1,,,Professor RAMEZ MALUF (Lebanese American University),4,LEBANESE AMERICAN UNIVERSITY / PROFESSOR OF JOURNALISM LEBANESE AMERICAN UNIVERSITY BEIRUT LEBANON / JOURNALISM LEBANESE AMERICAN UNIVERSITY BEIRUT / AMERICAN UNIVERSITY IN LEBANON,no,"clean: no staff evidence, full name, no duplicate inflation",NPR-40983|2005-06-09|Morning Edition|cl7|S;NPR-40789|2005-07-28|Morning Edition|cl6|S;NPR-40188|2005-10-20|Morning Edition|cl5|S;NPR-38751|2006-05-10|Morning Edition|cl4|S;NPR-38293|2006-07-18|Morning Edition|cl3|-;NPR-33791|2008-12-18|Morning Edition|cl2|S;NPR-31007|2010-09-02|Morning Edition|cl1|S
C01538,Loveday Morris,long-tail,6,6,0,1313,6,2013-08-21,2017-03-26,1.0,2,2673,1,,,LOVEDAY MORRIS,0,,no,"clean: no staff evidence, full name, no duplicate inflation",NPR-28443|2013-08-21|All Things Considered|cl6|S;NPR-25072|2015-02-17|All Things Considered|cl5|S;NPR-19540|2016-04-29|Morning Edition|cl2|S;NPR-22138|2016-05-02|All Things Considered|cl4|S;NPR-21603|2016-06-27|All Things Considered|cl3|S;NPR-19053|2017-03-26|All Things Considered|cl1|S
C00376,Bridget Johnson,long-tail,6,6,0,840,6,2015-10-17,2018-02-03,1.0,1,3023,1,,,BRIDGET JOHNSON,0,,no,"clean: no staff evidence, full name, no duplicate inflation",NPR-23844|2015-10-17|All Things Considered|cl5|S;NPR-23638|2015-11-14|All Things Considered|cl4|S;NPR-23445|2015-12-05|All Things Considered|cl3|S;NPR-19287|2017-02-25|All Things Considered|cl2|S;NPR-17618|2017-07-01|All Things Considered|cl1|S;NPR-49455|2018-02-03|All Things Considered|cl6|S
C00836,Glen Loury,long-tail,6,6,0,435,6,2005-09-19,2006-11-28,1.0,1,3482,1,,,"Professor GLEN LOURY (Social Sciences, Economics, Brown University)",4,SOCIAL SCIENCES ECONOMICS BROWN UNIVERSITY / PROFESSOR OF ECONOMICS BROWN UNIVERSITY / PROFESSOR SOCIAL SCIENCES AND ECONOMICS BROWN UNIVERSITY / BROWN UNIVERSITY,no,"clean: no staff evidence, full name, no duplicate inflation",NPR-46809|2005-09-19|News & Notes|cl6|S;NPR-45253|2006-03-15|News & Notes|cl5|S;NPR-45193|2006-03-22|News & Notes|cl4|S;NPR-3797|2006-09-22|News & Notes|cl3|S;NPR-3303|2006-11-07|News & Notes|cl2|S;NPR-3087|2006-11-28|News & Notes|cl1|S
C01842,Noam Levey,long-tail,5,6,0,2746,5,2012-01-01,2019-07-09,1.0,3,2637,1,,,NOAM LEVEY,0,,no,"clean: no staff evidence, full name, no duplicate inflation",NPR-48256|2012-01-01|Weekend Edition Sunday|cl3|S;NPR-11430|2017-06-24|Weekend Edition Saturday|cl1|S;NPR-7719|2017-07-26|Morning Edition|cl5|-;NPR-48657|2017-10-26|Morning Edition|cl4|S;NPR-46558|2018-03-01|Morning Edition|cl2|S;NPR-9944|2019-07-09|Morning Edition|cl6|S
C01848,Omer Taspinar,long-tail,5,7,0,2660,5,2011-09-06,2018-12-18,0.7143,4,2436,1,,,OMER TASPINAR,2,BROOKINGS INSTITUTION / BROOKINGS INSTITUTION SENIOR FELLOW,no,"clean: no staff evidence, full name, no duplicate inflation",CNN-116543|2007-05-02|YOUR WORLD TODAY|cl1|-;NPR-32473|2011-09-06|All Things Considered|cl7|S;NPR-19092|2016-07-22|Morning Edition|cl5|S;CNN-292301|2016-08-25|CNN NEWSROOM|cl2|-;NPR-19719|2017-01-02|All Things Considered|cl6|S;NPR-13438|2018-01-22|All Things Considered|cl3|S;NPR-1685|2018-12-18|All Things Considered|cl4|S
C02218,Shuja Nawaz,long-tail,5,8,0,1621,5,2010-07-09,2014-12-16,0.875,4,2369,1,,,SHUJA NAWAZ,2,SOUTH ASIA CENTER ATLANTIC COUNCIL / ATLANTIC COUNCIL,no,"clean: no staff evidence, full name, no duplicate inflation",NPR-31330|2010-07-09|Morning Edition|cl6|S;CNN-153361|2010-07-19|CONNECT THE WORLD|cl1|-;NPR-13787|2010-08-14|Weekend Edition Saturday|cl3|S;NPR-32808|2011-07-10|All Things Considered|cl8|-;NPR-31341|2012-07-03|All Things Considered|cl7|-;NPR-28436|2013-08-20|All Things Considered|cl5|S;NPR-12117|2014-05-31|Weekend Edition Saturday|cl2|S;NPR-25591|2014-12-16|All Things Considered|cl4|S
C01752,Michelle Faul,long-tail,5,5,0,1404,5,2014-01-15,2017-11-19,1.0,2,2454,1,,,MICHELLE FAUL,0,,no,"clean: no staff evidence, full name, no duplicate inflation",NPR-28024|2014-01-15|All Things Considered|cl5|S;NPR-27499|2014-04-22|All Things Considered|cl4|S;NPR-24168|2014-05-07|Morning Edition|cl2|S;NPR-24493|2015-05-04|All Things Considered|cl3|S;NPR-14833|2017-11-19|All Things Considered|cl1|S
C00515,Corey Ealons,long-tail,5,5,0,1232,5,2015-10-17,2019-03-02,1.0,1,2142,1,,,COREY EALONS,0,,no,"clean: no staff evidence, full name, no duplicate inflation",NPR-23844|2015-10-17|All Things Considered|cl4|S;NPR-21704|2016-06-16|All Things Considered|cl3|S;NPR-18685|2017-04-30|All Things Considered|cl2|S;NPR-48459|2018-03-10|All Things Considered|cl5|S;NPR-13244|2019-03-02|All Things Considered|cl1|S
C00522,Courtney Nguyen,long-tail,5,5,0,1181,5,2015-06-08,2018-09-01,1.0,2,2837,1,,,COURTNEY NGUYEN,0,,no,"clean: no staff evidence, full name, no duplicate inflation",NPR-21790|2015-06-08|Morning Edition|cl3|S;NPR-19344|2016-06-06|Morning Edition|cl2|S;NPR-19193|2016-07-06|Morning Edition|cl1|S;NPR-5584|2017-01-28|All Things Considered|cl5|S;NPR-4597|2018-09-01|All Things Considered|cl4|S
C01012,Jamila Trindle,long-tail,5,5,0,288,5,2008-05-19,2009-03-03,1.0,1,1858,1,,,JAMILA TRINDLE,0,,no,"clean: no staff evidence, full name, no duplicate inflation",NPR-341|2008-05-19|Day to Day|cl4|S;NPR-15|2008-06-05|Day to Day|cl3|S;NPR-11177|2008-07-25|Day to Day|cl2|S;NPR-10988|2008-08-12|Day to Day|cl1|S;NPR-6818|2009-03-03|Day to Day|cl5|S
C00563,Danica Coto,long-tail,5,6,0,237,5,2017-05-07,2017-12-30,1.0,2,2414,1,,,DANICA COTO,0,,no,"clean: no staff evidence, full name, no duplicate inflation",NPR-18530|2017-05-07|All Things Considered|cl3|S;NPR-49390|2017-09-06|Morning Edition|cl6|S;NPR-49381|2017-09-07|Morning Edition|cl4|-;NPR-49382|2017-09-07|Morning Edition|cl5|S;NPR-15555|2017-09-19|All Things Considered|cl2|S;NPR-13943|2017-12-30|All Things Considered|cl1|S
C00457,Charles Fishman,long-tail,4,9,0,2423,4,2006-04-05,2012-11-22,0.6667,6,3052,1,,,"Mr. CHARLES FISHMAN (Author, The Wal-Mart Effect)",5,AUTHOR THE WAL MART EFFECT / WRITER / AUTHOR MAGAZINE EDITOR / SENIOR WRITER FAST COMPANY,no,"clean: no staff evidence, full name, no duplicate inflation",CNN-101864|2006-01-19|AMERICAN MORNING|cl1|-;CNN-102463|2006-02-04|CNN IN THE MONEY|cl2|-;NPR-42563|2006-04-05|All Things Considered|cl8|S;NPR-18005|2006-07-10|Talk of the Nation|cl4|S;NPR-32357|2009-11-13|Morning Edition|cl7|-;NPR-6333|2010-12-01|All Things Considered|cl9|S;NPR-26989|2012-11-22|Morning Edition|cl5|S;NPR-30078|2013-01-15|All Things Considered|cl6|-;CNN-375308|2019-07-19|CNN'S AMANPOUR|cl3|-
C02121,Sam Dagher,long-tail,4,6,0,1935,4,2014-02-10,2019-05-30,0.6667,4,2188,1,,,SAM DAGHER,2,WALL STREET JOURNAL / AUTHOR ASSAD OR WE BURN THE COUNTRY,no,"clean: no staff evidence, full name, no duplicate inflation",CNN-224630|2014-02-09|NEW DAY SUNDAY|cl1|-;NPR-27850|2014-02-10|All Things Considered|cl6|S;NPR-27442|2014-04-27|All Things Considered|cl5|S;NPR-27149|2014-06-03|All Things Considered|cl4|S;NPR-10330|2019-05-30|Morning Edition|cl3|S;CNN-392004|2020-02-06|HALA GORANI TONIGHT|cl2|-
C01891,Peter Sokolowski,long-tail,4,5,0,1747,4,2013-03-14,2017-12-25,1.0,4,3740,1,,,PETER SOKOLOWSKI,0,,no,"clean: no staff evidence, full name, no duplicate inflation",NPR-9277|2013-03-14|Talk of the Nation|cl5|S;NPR-29149|2013-05-26|All Things Considered|cl1|S;NPR-42|2016-10-23|Weekend Edition Sunday|cl2|S;NPR-49392|2017-09-11|Morning Edition|cl4|-;NPR-47564|2017-12-25|Morning Edition|cl3|S
C00886,Hilda Hutcherson,long-tail,4,4,0,1480,4,2006-02-21,2010-03-12,1.0,2,1901,1,,,"Dr. HILDA HUTCHERSON (Medical Contributor, NEWS AND NOTES)",4,GYNECOLOGIST / MEDICAL CONTRIBUTOR NEWS AND NOTES / CLINICAL PROFESSOR OBSTETRICS AND GYNECOLOGY COLUMBIA UNIVERSITY / GYNECOLOGIST AUTHOR PLEASURE A WOMEN S GUIDE TO GETTING THE SEX YOU WANT NEED AND DESERVE,no,"clean: no staff evidence, full name, no duplicate inflation",NPR-45642|2006-02-21|News & Notes|cl3|S;NPR-45582|2006-02-27|News & Notes|cl2|S;NPR-5145|2006-05-29|News & Notes|cl4|S;NPR-35872|2010-03-12|All Things Considered|cl1|S
C01746,Michele Dunne,long-tail,4,12,0,1251,4,2011-02-16,2014-07-21,0.6667,3,2185,1,,,MICHELE DUNNE,3,FORMER SENIOR OFFICIAL U S STATE DEPARTMENT / ATLANTIC COUNCIL / DIRECTOR CARNEGIE ENDOWMENTS MIDDLE EAST PROGRAM,no,"clean: no staff evidence, full name, no duplicate inflation",NPR-33798|2011-02-15|All Things Considered|cl11|-;NPR-33768|2011-02-16|All Things Considered|cl10|S;NPR-33096|2011-05-31|All Things Considered|cl9|S;NPR-31264|2012-07-10|All Things Considered|cl8|S;CNN-203494|2013-03-21|THE LEAD WITH JAKE TAPPER|cl1|-;CNN-212970|2013-08-20|CNN'S AMANPOUR|cl2|-;CNN-213225|2013-08-23|CNN'S AMANPOUR|cl3|-;NPR-26727|2014-07-21|All Things Considered|cl7|S;NPR-16183|2017-08-23|All Things Considered|cl6|-;NPR-44538|2018-08-08|All Things Considered|cl12|-;NPR-11066|2019-04-09|All Things Considered|cl5|-;CNN-366814|2019-04-10|CNN'S AMANPOUR|cl4|-
C01397,Katia Dunn,long-tail,4,7,0,980,4,2006-11-07,2009-07-14,1.0,3,2208,1,,,KATIA DUNN,0,,no,"clean: no staff evidence, full name, no duplicate inflation",NPR-37549|2006-11-07|Morning Edition|cl4|S;NPR-40025|2008-05-20|All Things Considered|cl6|-;NPR-39289|2008-08-05|All Things Considered|cl5|-;NPR-9771|2008-12-16|Day to Day|cl7|S;NPR-33224|2009-03-20|Morning Edition|cl2|S;NPR-37100|2009-04-20|All Things Considered|cl3|-;NPR-32530|2009-07-14|Morning Edition|cl1|S
C01801,Mujib Mashal,long-tail,4,5,0,867,4,2014-01-10,2016-05-26,1.0,1,2673,1,,,MUJIB MASHAL,0,,no,"clean: no staff evidence, full name, no duplicate inflation",NPR-24482|2014-01-10|Morning Edition|cl5|S;NPR-23946|2014-07-01|Morning Edition|cl4|S;NPR-22121|2015-04-21|Morning Edition|cl3|-;NPR-21043|2015-09-29|Morning Edition|cl2|S;NPR-19391|2016-05-26|Morning Edition|cl1|S
C01904,Puneet Ahluwalia,long-tail,4,5,0,784,4,2016-01-16,2018-03-10,1.0,1,1888,1,,,PUNEET AHLUWALIA,0,,no,"clean: no staff evidence, full name, no duplicate inflation",NPR-23058|2016-01-16|All Things Considered|cl4|S;NPR-22795|2016-02-20|All Things Considered|cl3|-;NPR-20048|2016-12-03|All Things Considered|cl2|S;NPR-19571|2017-01-14|All Things Considered|cl1|S;NPR-48459|2018-03-10|All Things Considered|cl5|S
C02248,Stefan Kornelius,long-tail,4,6,1,778,4,2016-03-10,2018-04-27,0.6667,3,1537,1,,,STEFAN KORNELIUS,1,AUTHOR ANGELA MERKEL THE CHANCELLOR AND HER WORLD,no,1 re-airings collapsed,NPR-22591|2016-03-10|All Things Considered|cl4|S;NPR-21372|2016-07-22|All Things Considered|cl3|S;NPR-19855|2016-12-20|All Things Considered|cl2|S;NPR-45561|2018-04-27|Morning Edition|cl5|S;CNN-353737|2018-11-02|CNN'S AMANPOUR|cl1|-;CNN-358273|2018-12-31|CNN'S AMANPOUR|cl1|-
C01149,Jessica Vaughan,long-tail,4,12,0,763,4,2016-05-01,2018-06-03,0.75,5,1920,1,,,JESSICA VAUGHAN,1,CENTER FOR IMMIGRATION STUDIES,no,"clean: no staff evidence, full name, no duplicate inflation",CNN-105155|2006-04-20|LOU DOBBS TONIGHT|cl1|-;CNN-117127|2007-05-25|LOU DOBBS TONIGHT|cl2|-;CNN-129157|2008-07-29|LOU DOBBS TONIGHT|cl3|-;NPR-22141|2016-05-01|All Things Considered|cl8|S;NPR-17892|2016-11-15|Morning Edition|cl7|-;NPR-17516|2016-12-13|Morning Edition|cl6|-;NPR-11509|2017-03-04|Weekend Edition Saturday|cl4|S;NPR-16758|2017-08-04|All Things Considered|cl5|-;NPR-46917|2018-01-23|Morning Edition|cl9|-;NPR-49011|2018-02-17|All Things Considered|cl10|S;NPR-6995|2018-04-01|Weekend Edition Sunday|cl11|-;NPR-8105|2018-06-03|Weekend Edition Sunday|cl12|S
C00192,Anita Elash,long-tail,4,7,0,580,4,2006-09-23,2008-04-25,1.0,3,2038,1,,,ANITA ELASH,0,,no,"clean: no staff evidence, full name, no duplicate inflation",NPR-18899|2006-09-23|Weekend Edition Saturday|cl1|S;NPR-37354|2006-12-05|Morning Edition|cl6|S;NPR-37032|2007-01-24|Morning Edition|cl5|S;NPR-35217|2008-04-25|Morning Edition|cl4|S;NPR-34801|2008-07-02|Morning Edition|cl3|-;NPR-34694|2008-07-18|Morning Edition|cl2|-;NPR-37517|2009-02-22|All Things Considered|cl7|-
C02122,Sam Eaton,long-tail,4,6,0,563,4,2007-04-23,2008-11-06,1.0,1,2237,1,,,SAM EATON,0,,no,"clean: no staff evidence, full name, no duplicate inflation",NPR-44404|2007-04-23|Day to Day|cl5|S;NPR-44397|2007-04-24|Day to Day|cl4|S;NPR-2939|2007-08-31|Day to Day|cl3|S;NPR-945|2008-04-11|Day to Day|cl6|-;NPR-10187|2008-11-06|Day to Day|cl2|S;NPR-10143|2008-11-07|Day to Day|cl1|-
C02280,Steven Ivory,long-tail,4,5,0,429,4,2005-12-26,2007-02-28,1.0,2,2303,1,,,"Mr. STEVEN IVORY (Author, ""Fool in Love"")",5,AUTHOR FOOL IN LOVE / ESSAYIST / MUSIC JOURNALIST / MUSIC WRITER,no,"clean: no staff evidence, full name, no duplicate inflation",NPR-46218|2005-12-26|News & Notes|cl4|S;NPR-14632|2006-02-08|Day to Day|cl1|-;NPR-45184|2006-03-24|News & Notes|cl3|S;NPR-4830|2006-06-30|News & Notes|cl5|S;NPR-2194|2007-02-28|News & Notes|cl2|S
C01171,Jim Hobart,long-tail,4,6,0,341,4,2016-04-20,2017-03-27,0.8333,2,1928,1,,,JIM HOBART,1,PUBLIC OPINION STRATEGIES VICE PRESIDENT,no,"clean: no staff evidence, full name, no duplicate inflation",NPR-19629|2016-04-20|Morning Edition|cl5|S;NPR-19555|2016-04-27|Morning Edition|cl4|S;NPR-5664|2016-05-04|Morning Edition|cl6|S;NPR-18263|2016-10-20|Morning Edition|cl3|-;CNN-297338|2016-11-01|CNN NEWSROOM|cl1|-;NPR-15497|2017-03-27|Morning Edition|cl2|S
C02437,Tony Romm,long-tail,4,5,0,270,3,2018-09-07,2019-06-04,1.0,1,2224,1,,,TONY ROMM,0,,no,"clean: no staff evidence, full name, no duplicate inflation",NPR-14226|2017-07-27|Morning Edition|cl2|-;NPR-3201|2018-09-07|Morning Edition|cl4|S;NPR-3223|2018-09-07|Morning Edition|cl5|S;NPR-2456|2018-10-02|Morning Edition|cl3|S;NPR-10301|2019-06-04|Morning Edition|cl1|S
C00440,Carroll Doherty,long-tail,3,13,2,3486,3,2006-10-19,2016-05-05,0.5385,7,1688,1,,,CARROLL DOHERTY,3,PEW RESEARCH CENTER / ASSOC DIRECTOR PEW RESEARCH CENTER / DIRECT OF POLITICAL RESEARCH PEW RESEARCH CENTER,no,2 re-airings collapsed,NPR-47244|2006-10-19|Day to Day|cl11|S;CNN-111559|2006-10-28|CNN IN THE MONEY|cl1|-;CNN-111582|2006-10-29|CNN IN THE MONEY|cl1|-;CNN-132033|2008-10-31|CNN NEWSROOM|cl2|-;CNN-177687|2011-12-14|THE SITUATION ROOM|cl3|-;NPR-27628|2014-04-02|All Things Considered|cl10|-;NPR-24195|2014-04-30|Morning Edition|cl8|-;CNN-238801|2014-09-13|CNN NEWSROOM|cl4|-;CNN-238813|2014-09-13|NEW DAY SATURDAY|cl4|-;NPR-22372|2015-03-12|Morning Edition|cl7|-;NPR-24649|2015-04-13|All Things Considered|cl9|S;NPR-19470|2016-05-05|Morning Edition|cl6|S;NPR-14148|2017-12-22|All Things Considered|cl5|-
C02242,Stacy Palmer,long-tail,3,12,2,3449,3,2006-06-27,2015-12-06,0.5,8,2625,1,,,"Ms. STACY PALMER (Editor, The Chronicle of Philanthropy)",5,EDITOR THE CHRONICLE OF PHILANTHROPY / THE CHRONICLE OF PHILANTHROPY / EDITOR CHRONICLE OF PHILANTHROPY / CHRONICLE OF PHILANTHROPY,no,2 re-airings collapsed,CNN-43308|2001-11-07|CNN LIVE AT DAYBREAK|cl4|-;NPR-40391|2005-09-23|Morning Edition|cl7|-;NPR-15374|2005-10-11|Day to Day|cl5|-;NPR-42613|2006-03-25|All Things Considered|cl8|-;NPR-48887|2006-06-27|Day to Day|cl10|S;NPR-45846|2010-01-21|Talk of the Nation|cl9|S;CNN-147295|2010-01-23|YOUR BOTTOM LINE|cl1|-;CNN-163414|2011-03-16|CNN NEWSROOM|cl2|-;CNN-163584|2011-03-19|YOUR BOTTOM LINE|cl2|-;CNN-172143|2011-09-10|YOUR MONEY|cl3|-;CNN-172168|2011-09-11|YOUR MONEY|cl3|-;NPR-23449|2015-12-06|All Things Considered|cl6|S
C00451,Chad Bown,long-tail,3,9,1,3440,3,2009-01-31,2018-07-03,0.6667,3,1561,1,,,CHAD BOWN,3,PROFESSOR OF ECONOMICS BRANDEIS UNIVERSITY AND FELLOW BROOKINGS INSTITUTION / SENIOR FELLOW PETERSON INSTITUTE FOR INTERNATIONAL ECONOMICS / SENIOR RESEARCHER PETERSON INSTITUTE,no,1 re-airings collapsed,NPR-37698|2009-01-31|All Things Considered|cl6|S;NPR-20919|2016-09-05|All Things Considered|cl4|-;NPR-13315|2018-01-28|All Things Considered|cl3|S;NPR-48557|2018-03-06|All Things Considered|cl8|-;NPR-45953|2018-07-03|All Things Considered|cl7|S;NPR-2438|2018-10-04|Morning Edition|cl5|-;CNN-372584|2019-06-17|QUEST MEANS BUSINESS|cl1|-;CNN-387225|2019-12-05|QUEST MEANS BUSINESS|cl2|-;CNN-387325|2019-12-06|QUEST MEANS BUSINESS|cl2|-
C00102,Alex Thier,long-tail,3,5,0,3342,3,2010-06-20,2019-08-14,0.8,4,1843,1,,,ALEX THIER,3,AFGHANISTAN ANALYST USAID / DIRECTOR FOR AFGHANISTAN AND PAKISTAN USAID / U S INST FOR PEACE,no,"clean: no staff evidence, full name, no duplicate inflation",CNN-145262|2009-11-19|PRISM|cl1|-;NPR-14208|2010-06-20|Weekend Edition Sunday|cl2|S;NPR-34610|2010-10-12|All Things Considered|cl4|S;NPR-28551|2011-11-04|Morning Edition|cl3|-;NPR-9323|2019-08-14|Morning Edition|cl5|S
C00153,Andra Gillespie,long-tail,3,11,2,2777,3,2011-11-07,2019-06-15,0.4545,6,3874,1,,,ANDRA GILLESPIE,5,EMORY UNIVERSITY / DIRECTOR INSTITUTE FOR THE STUDY OF RACE INDIFFERENCE EMORY UNIVERSITY / ASSOCIATE PROFESSOR OF POLITICAL SCIENCE EMORY UNIVERSITY / ASSOCIATE PROFESSOR OF POLITICAL SCIENCE AT EMORY UNIVERSITY,no,2 re-airings collapsed,CNN-140848|2009-07-25|CNN NEWSROOM|cl1|-;NPR-855|2011-11-07|Talk of the Nation|cl9|S;CNN-178579|2011-12-31|CNN SATURDAY MORNING NEWS|cl2|-;NPR-27714|2012-07-19|Morning Edition|cl8|-;NPR-25620|2014-12-07|All Things Considered|cl6|S;CNN-294174|2016-09-16|CNN NEWSROOM|cl3|-;CNN-313159|2017-05-27|CNN NEWSROOM|cl4|-;CNN-313195|2017-05-27|NEW DAY SATURDAY|cl4|-;CNN-313199|2017-05-27|NEW DAY SATURDAY|cl4|-;NPR-2683|2018-11-01|All Things Considered|cl7|-;NPR-10180|2019-06-15|All Things Considered|cl5|S
C00830,Gideon Long,long-tail,3,4,0,2595,3,2010-06-27,2017-08-04,1.0,2,1245,1,,,GIDEON LONG,0,,no,"clean: no staff evidence, full name, no duplicate inflation",NPR-35221|2010-06-27|All Things Considered|cl4|S;NPR-35135|2010-07-10|All Things Considered|cl3|-;NPR-14065|2017-08-01|Morning Edition|cl2|S;NPR-14048|2017-08-04|Morning Edition|cl1|S
C02312,Suzanne Maloney,long-tail,3,9,2,2246,3,2012-03-06,2018-04-30,0.5556,5,2809,1,,,SUZANNE MALONEY,2,SABAN CENTER FOR MIDDLE EAST POLICY / BROOKINGS INSTITUTION,no,2 re-airings collapsed,NPR-36363|2007-08-23|Morning Edition|cl6|-;CNN-128767|2008-07-17|THE SITUATION ROOM|cl1|-;CNN-128770|2008-07-17|THE SITUATION ROOM|cl1|-;CNN-128812|2008-07-19|CNN NEWSROOM|cl1|-;CNN-139753|2009-06-24|THE SITUATION ROOM|cl2|-;NPR-12784|2012-03-06|Talk of the Nation|cl3|S;NPR-24826|2013-11-07|Morning Edition|cl5|-;NPR-23054|2016-01-19|All Things Considered|cl4|S;NPR-46773|2018-04-30|All Things Considered|cl7|S
C02397,Tim Storey,long-tail,3,5,1,2178,3,2010-11-04,2016-10-21,0.6,3,1574,1,,,TIM STOREY,3,SENIOR FELLOW AND ELECTIONS ANALYST NATIONAL CONFERENCE OF STATE LEGISLATURES / ELECTIONS ANALYST NATIONAL CONFERENCE OF STATE LEGISLATURES / LIFE COACH,no,1 re-airings collapsed,CNN-121196|2007-11-07|CNN LARRY KING LIVE|cl1|-;CNN-121274|2007-11-10|CNN LARRY KING LIVE|cl1|-;NPR-34456|2010-11-04|All Things Considered|cl4|S;NPR-34155|2010-12-21|All Things Considered|cl3|S;NPR-18265|2016-10-21|Morning Edition|cl2|S
C00146,Amy Myers Jaffe,long-tail,3,15,1,2102,3,2011-02-22,2016-11-24,0.7333,9,3278,1,,,"Ms. AMY MYERS JAFFE (Director Energy Research, Rice University's Baker Institute)",4,DIRECTOR ENERGY RESEARCH RICE UNIVERSITY S BAKER INSTITUTE / RICE UNIVERSITY / BAKER INSTITUTE OF LAW / ENERGY FELLOW RICE UNIVERSITY,no,1 re-airings collapsed,CNN-85889|2004-07-01|LOU DOBBS TONIGHT|cl3|-;NPR-15702|2005-09-13|Day to Day|cl4|-;CNN-109084|2006-08-07|GLENN BECK|cl1|-;NPR-2778|2011-02-22|Talk of the Nation|cl9|S;CNN-165924|2011-05-09|THE SITUATION ROOM|cl2|-;CNN-165943|2011-05-10|CNN NEWSROOM|cl2|-;NPR-27858|2012-06-12|Morning Edition|cl10|-;NPR-25685|2014-12-01|All Things Considered|cl8|-;NPR-25499|2014-12-25|All Things Considered|cl7|-;NPR-21048|2015-09-29|Morning Edition|cl6|S;NPR-661|2016-06-12|Weekend Edition Sunday|cl11|-;NPR-20141|2016-11-24|All Things Considered|cl5|S;NPR-871|2019-01-29|All Things Considered|cl14|-;NPR-823|2019-01-31|All Things Considered|cl12|-;NPR-8518|2019-09-16|All Things Considered|cl13|-
C00824,George Perkovich,long-tail,3,10,0,1980,3,2008-06-22,2013-11-23,0.8,6,1914,1,,,GEORGE PERKOVICH,7,DIRECTOR NON PROLIFERATION PROGRAM CARNEGIE ENDOWMENT FOR INTERNATIONAL PEACE / NUCLEAR POLICY PROGRAM DIRECTOR CARNEGIE ENDOWMENT FOR INTERNATIONAL PEACE / CARNEGIE ENDOWMENT FOR INTERNATIONAL PEACE / NUCLEAR PROLIFERATION SPECIALIST CARNEGIE ENDOWMENT FOR INTERNATIONAL PEACE,no,"clean: no staff evidence, full name, no duplicate inflation",CNN-92999|2005-03-17|LOU DOBBS TONIGHT|cl1|-;CNN-97247|2005-08-26|YOUR WORLD TODAY|cl2|-;NPR-38552|2006-06-08|Morning Edition|cl9|-;NPR-16529|2008-06-22|Weekend Edition Sunday|cl4|S;NPR-39671|2008-06-26|All Things Considered|cl10|-;NPR-35810|2010-03-24|All Things Considered|cl8|-;NPR-31881|2010-04-07|Morning Edition|cl6|-;NPR-34157|2010-12-22|All Things Considered|cl7|S;NPR-26488|2013-02-20|Morning Edition|cl5|-;NPR-12220|2013-11-23|Weekend Edition Saturday|cl3|S
C00828,Gibran Peshimam,long-tail,3,3,0,1924,3,2011-05-03,2016-08-08,1.0,1,1380,1,,,GIBRAN PESHIMAM,1,ASSOCIATE NEWS EDITOR EXPRESS TRIBUNE,no,"clean: no staff evidence, full name, no duplicate inflation",NPR-33260|2011-05-03|All Things Considered|cl2|S;NPR-6276|2013-11-05|All Things Considered|cl3|S;NPR-21222|2016-08-08|All Things Considered|cl1|S
C00179,Andy Kohut,long-tail,3,11,0,1855,3,2006-04-05,2011-05-04,0.8182,6,2239,1,,,"Mr. ANDY KOHUT (Director, Pew Research Center)",6,DIRECTOR PEW RESEARCH CENTER / PRESIDENT PEW RESEARCH CENTER / PRESIDENT OF PEW RESEARCH CENTER POLLSTER / PEW RESEARCH CENTER,no,"clean: no staff evidence, full name, no duplicate inflation",CNN-1232|2000-01-22|Saturday|cl2|-;NPR-13878|2006-04-05|Day to Day|cl3|S;NPR-41274|2007-04-01|All Things Considered|cl11|-;CNN-121188|2007-11-06|YOUR WORLD TODAY|cl1|-;NPR-38714|2008-10-01|All Things Considered|cl10|-;NPR-33233|2009-03-18|Morning Edition|cl7|-;NPR-14585|2010-02-13|Weekend Edition Saturday|cl5|S;NPR-14129|2010-05-15|Weekend Edition Saturday|cl4|-;NPR-33322|2011-04-25|All Things Considered|cl9|-;NPR-33264|2011-05-04|All Things Considered|cl8|S;NPR-24054|2015-09-08|All Things Considered|cl6|-
C01378,Karen Fleming-Ginn,long-tail,3,3,0,1654,3,2010-08-19,2015-02-28,1.0,2,2783,1,,,Ms. KAREN FLEMING-GINN (Jury Consultant),1,JURY CONSULTANT,no,"clean: no staff evidence, full name, no duplicate inflation",NPR-5213|2010-08-19|Talk of the Nation|cl2|S;NPR-8347|2013-06-11|Talk of the Nation|cl3|S;NPR-25003|2015-02-28|All Things Considered|cl1|S
C00110,Ali Vaez,long-tail,3,28,0,1457,3,2015-09-21,2019-09-17,0.6429,6,3327,1,,,ALI VAEZ,8,IRAN PROJECT DIRECTOR CRISIS GROUP / INTERNATIONAL CRISIS GROUP / SENIOR ANALYST INTERNATIONAL CRISIS GROUP / SENIOR IRAN ANALYST INTERNATIONAL CRISIS GROUP,no,"clean: no staff evidence, full name, no duplicate inflation",NPR-25918|2013-05-24|Morning Edition|cl24|-;NPR-24711|2013-11-25|Morning Edition|cl18|-;NPR-24507|2013-12-30|Morning Edition|cl17|-;NPR-12112|2014-05-17|Weekend Edition Saturday|cl12|-;NPR-12099|2014-06-21|Weekend Edition Saturday|cl11|-;CNN-234673|2014-07-15|CONNECT THE WORLD|cl1|-;NPR-25867|2014-11-07|All Things Considered|cl23|-;NPR-3740|2014-11-23|Weekend Edition Sunday|cl25|-;NPR-25737|2014-11-24|All Things Considered|cl22|-;NPR-25503|2014-12-26|All Things Considered|cl21|-;NPR-25010|2015-02-26|All Things Considered|cl19|-;NPR-24274|2015-07-14|All Things Considered|cl16|-;NPR-21063|2015-09-21|Morning Edition|cl15|S;CNN-266959|2015-10-18|CONNECT THE WORLD|cl2|-;NPR-5593|2016-11-11|All Things Considered|cl27|-;NPR-16898|2017-01-16|Morning Edition|cl14|-;CNN-318218|2017-08-03|CONNECT THE WORLD|cl3|-;NPR-13817|2018-01-09|All Things Considered|cl13|-;NPR-47268|2018-01-09|Morning Edition|cl26|-;NPR-2505|2018-11-04|All Things Considered|cl20|S;CNN-368222|2019-04-28|CONNECT THE WORLD|cl4|-;CNN-369491|2019-05-13|CONNECT THE WORLD|cl5|-;CNN-372126|2019-06-12|CONNECT THE WORLD|cl6|-;CNN-376414|2019-08-01|CNN'S AMANPOUR|cl7|-;NPR-8519|2019-09-17|All Things Considered|cl28|S;CNN-381289|2019-09-24|CONNECT THE WORLD|cl8|-;CNN-392443|2020-02-11|CONNECT THE WORLD|cl9|-;CNN-393523|2020-02-23|CONNECT THE WORLD|cl10|-
C00642,Debbie Walsh,long-tail,3,9,0,1448,3,2006-11-09,2010-10-27,0.6667,7,2232,1,,,"Professor DEBBIE WALSH (Director, Center for American Women in Politics, Rutgers' Eagleton Institute of Politics)",6,DIRECTOR CENTER FOR AMERICAN WOMEN IN POLITICS RUTGERS EAGLETON INSTITUTE OF POLITICS / DIRECTOR CENTER FOR AMERICAN WOMEN AND POLITICS / RUTGERS UNIVERSITY / CENTER FOR AMERICAN WOMEN AND POLITICS RUTGERS UNIVERSITY,no,"clean: no staff evidence, full name, no duplicate inflation",CNN-19297|2000-11-04|WorldView|cl3|-;NPR-17419|2005-05-12|Day to Day|cl5|-;NPR-41673|2006-11-09|All Things Considered|cl9|S;CNN-113949|2007-01-22|PAULA ZAHN NOW|cl1|-;NPR-2161|2007-03-01|News & Notes|cl6|S;CNN-126498|2008-05-13|AMERICAN MORNING|cl2|-;NPR-31721|2010-04-30|Morning Edition|cl8|-;NPR-30703|2010-10-27|Morning Edition|cl7|S;NPR-1385|2019-01-02|All Things Considered|cl4|-
C00792,Frederic Hof,long-tail,3,6,0,1436,3,2013-01-08,2016-12-14,0.6667,4,2071,1,,,FREDERIC HOF,2,FORMER U S SPECIAL ADVISER TO THE TRANSITION IN SYRIA / FORMER ADVISER ON SYRIA TO HILLARY CLINTON,no,"clean: no staff evidence, full name, no duplicate inflation",NPR-6779|2013-01-08|Talk of the Nation|cl6|S;NPR-12324|2013-06-08|Weekend Edition Saturday|cl3|S;CNN-214288|2013-09-10|CNN'S AMANPOUR|cl1|-;NPR-24031|2015-09-17|All Things Considered|cl5|-;CNN-267783|2015-10-28|CNN'S AMANPOUR|cl2|-;NPR-19884|2016-12-14|All Things Considered|cl4|S
C02200,Sheila Smith,long-tail,3,11,0,1371,3,2013-11-27,2017-08-29,0.7273,5,2064,1,,,SHEILA SMITH,3,SR FELLOW JAPAN STUDIES COUNCIL ON FOREIGN RELATIONS / SENIOR FELLOW JAPAN STUDIES COUNCIL ON FOREIGN RELATIONS / SENIOR FELLOW FOR JAPAN STUDIES COUNCIL ON FOREIGN RELATIONS,no,"clean: no staff evidence, full name, no duplicate inflation",NPR-26825|2012-12-18|Morning Edition|cl9|-;NPR-28222|2013-11-27|All Things Considered|cl10|S;NPR-23239|2014-10-21|Morning Edition|cl7|-;CNN-248394|2015-02-02|CNN NEWSROOM|cl1|-;NPR-23248|2015-12-28|All Things Considered|cl8|-;NPR-22319|2016-04-11|All Things Considered|cl6|S;CNN-301720|2016-12-27|WOLF|cl2|-;NPR-16433|2017-02-10|Morning Edition|cl5|-;NPR-15998|2017-08-29|All Things Considered|cl4|S;CNN-368414|2019-04-30|NEWS STREAM|cl3|-;NPR-9941|2019-07-12|Morning Edition|cl11|-
C00087,Alan Schroeder,long-tail,3,13,1,1362,3,2008-06-07,2012-02-29,0.3846,6,2174,1,,,ALAN SCHROEDER,9,JOURNALISM NORTHEASTERN UNIVERSITY / NORTHEASTERN UNIVERSITY / DEBATE HISTORIAN / AUTHOR PRESIDENTIAL DEBATES,no,1 re-airings collapsed,CNN-17258|2000-10-06|TalkBack Live|cl1|-;CNN-88850|2004-10-13|ANDERSON COOPER 360 DEGREES|cl8|-;NPR-39844|2008-06-07|All Things Considered|cl11|-;NPR-5948|2008-06-07|All Things Considered|cl11|S;CNN-174828|2011-10-27|THE SITUATION ROOM|cl2|-;NPR-783|2011-11-16|Talk of the Nation|cl12|S;NPR-12798|2012-02-29|Talk of the Nation|cl9|S;CNN-193607|2012-10-02|ANDERSON COOPER 360 DEGREES|cl3|-;CNN-193726|2012-10-04|ANDERSON COOPER 360 DEGREES|cl4|-;NPR-30709|2012-10-11|All Things Considered|cl10|-;CNN-261516|2015-08-07|CNN NEWSROOM|cl5|-;CNN-266504|2015-10-12|CNN NEWSROOM|cl6|-;CNN-294925|2016-09-26|CNN NEWSROOM|cl7|-
C02167,Seth Stoughton,long-tail,3,9,0,1141,3,2016-07-09,2019-08-24,0.4444,4,1468,1,,,SETH STOUGHTON,3,UNIVERSITY OF SOUTH CAROLINA / LAW PROFESSOR UNIVERSITY OF SOUTH CAROLINA / FORMER POLICE OFFICER,no,"clean: no staff evidence, full name, no duplicate inflation",CNN-252882|2015-04-08|ANDERSON COOPER 360 DEGREES|cl1|-;CNN-253049|2015-04-10|CNN NEWSROOM|cl2|-;NPR-19545|2016-04-28|Morning Edition|cl6|-;NPR-21503|2016-07-09|All Things Considered|cl8|S;CNN-288535|2016-07-10|CNN NEWSROOM|cl3|-;CNN-288546|2016-07-10|CNN NEWSROOM|cl4|-;NPR-19955|2016-12-10|All Things Considered|cl7|S;NPR-9087|2019-08-24|All Things Considered|cl9|S;CNN-401565|2020-05-31|CNN NEWSROOM|cl5|-
C01009,Jamie Kitman,long-tail,3,3,0,1073,3,2006-04-25,2009-04-02,1.0,2,1352,1,,,Mr. JAMIE KITMAN (New York Bureau Chief for Automobile Magazine),3,NEW YORK BUREAU CHIEF FOR AUTOMOBILE MAGAZINE / NEW YORK BUREAU CHIEF AUTOMOBILE MAGAZINE / AUTOMOBILE MAGAZINE,no,"clean: no staff evidence, full name, no duplicate inflation",NPR-42469|2006-04-25|All Things Considered|cl3|S;NPR-13305|2006-05-16|Day to Day|cl1|S;NPR-37238|2009-04-02|All Things Considered|cl2|S
C02207,Sherif Mansour,long-tail,3,6,0,1067,3,2011-01-31,2014-01-02,0.6667,2,1528,1,,,SHERIF MANSOUR,2,SENIOR PROGRAM OFFICER MIDDLE EAST NORTH AFRICA PROGRAMS FREEDOM HOUSE / COMMITTEE TO PROTECT JOURNALISTS,no,"clean: no staff evidence, full name, no duplicate inflation",NPR-33889|2011-01-31|All Things Considered|cl6|S;NPR-31503|2012-06-07|All Things Considered|cl4|S;CNN-212812|2013-08-18|CNN RELIABLE SOURCES|cl1|-;NPR-28082|2014-01-02|All Things Considered|cl3|S;CNN-222787|2014-01-12|CNN RELIABLE SOURCES|cl2|-;NPR-3315|2018-10-15|All Things Considered|cl5|-
C02429,Tom Scheck,long-tail,3,3,0,1028,3,2008-10-21,2011-08-15,1.0,2,2068,1,,,TOM SCHECK,0,,no,"clean: no staff evidence, full name, no duplicate inflation",NPR-5405|2008-10-21|All Things Considered|cl3|S;NPR-32794|2011-07-13|All Things Considered|cl2|S;NPR-1525|2011-08-15|Talk of the Nation|cl1|S
C02196,Shefali Luthra,long-tail,3,3,0,910,3,2017-02-04,2019-08-03,1.0,2,1317,1,,,SHEFALI LUTHRA,0,,no,"clean: no staff evidence, full name, no duplicate inflation",NPR-6345|2017-02-04|Weekend Edition Saturday|cl1|S;NPR-6944|2019-06-29|All Things Considered|cl2|S;NPR-9598|2019-08-03|All Things Considered|cl3|S
C01282,Jonathan Cheng,long-tail,3,3,0,630,3,2016-10-11,2018-07-03,1.0,1,1420,1,,,JONATHAN CHENG,0,,no,"clean: no staff evidence, full name, no duplicate inflation",NPR-18358|2016-10-11|Morning Edition|cl1|S;NPR-47099|2018-01-16|Morning Edition|cl2|S;NPR-4753|2018-07-03|Morning Edition|cl3|S
C01768,Mike Voisin,long-tail,3,4,0,609,3,2005-09-25,2007-05-27,0.75,2,1676,1,,,"Mr. MIKE VOISIN (CEO, Motivatit Seafoods, Houma, Louisiana)",4,CEO MOTIVATIT SEAFOODS HOUMA LOUISIANA / MOTIVATIT SEAFOODS / CEO MOTIVATIT SEAFOODS / OWNER MOTIVATIT SEAFOOD,no,"clean: no staff evidence, full name, no duplicate inflation",NPR-19231|2005-09-25|Weekend Edition Sunday|cl4|S;NPR-19121|2005-12-18|Weekend Edition Sunday|cl3|S;NPR-17912|2007-05-27|Weekend Edition Sunday|cl2|S;CNN-150490|2010-04-30|CNN NEWSROOM|cl1|-
C00197,Ann Dornfeld,long-tail,3,3,0,585,3,2006-11-02,2008-06-09,1.0,2,1065,1,,,ANN DORNFELD,0,,no,"clean: no staff evidence, full name, no duplicate inflation",NPR-46972|2006-11-02|Day to Day|cl3|S;NPR-36483|2007-05-15|Morning Edition|cl2|S;NPR-34931|2008-06-09|Morning Edition|cl1|S
C00453,Chana Joffe,long-tail,3,4,0,573,3,2008-11-14,2010-06-10,1.0,2,1339,1,,,CHANA JOFFE,0,,no,"clean: no staff evidence, full name, no duplicate inflation",NPR-38283|2008-11-14|All Things Considered|cl4|S;NPR-32568|2009-07-03|Morning Edition|cl1|S;NPR-35319|2010-06-10|All Things Considered|cl3|S;NPR-34284|2010-11-29|All Things Considered|cl2|-
C01673,Matt Tait,long-tail,3,6,0,556,3,2017-01-04,2018-07-14,0.6667,3,1891,1,,,MATT TAIT,2,CYBERSECURITY EXPERT / CAPITAL ALPHA SECURITY CEO & FOUNDER,no,"clean: no staff evidence, full name, no duplicate inflation",CNN-302237|2017-01-03|CNN NEWSROOM|cl1|-;NPR-17058|2017-01-04|Morning Edition|cl4|S;CNN-302523|2017-01-06|CNN NEWSROOM|cl2|-;NPR-14688|2017-06-28|Morning Edition|cl3|S;NPR-45663|2018-07-14|All Things Considered|cl6|S;NPR-1827|2018-11-30|All Things Considered|cl5|-
C01375,Kareem Fahim,long-tail,3,4,0,549,3,2013-12-29,2015-07-01,1.0,3,1319,1,,,KAREEM FAHIM,0,,no,"clean: no staff evidence, full name, no duplicate inflation",NPR-44686|2013-12-29|Weekend Edition Sunday|cl4|S;NPR-25371|2015-01-10|All Things Considered|cl3|S;NPR-24331|2015-07-01|All Things Considered|cl2|S;NPR-2253|2018-10-11|Morning Edition|cl1|-
C01800,Muhannad Hadi,long-tail,3,6,0,538,3,2013-04-04,2014-09-24,0.6667,4,1906,1,,,MUHANNAD HADI,2,REGIONAL EMERGENCY COORDINATOR FOR THE SYRIAN CRISIS WORLD FOOD PROGRAM / REGIONAL EMERGENCY COORDINATOR FOR SYRIA WFP,no,"clean: no staff evidence, full name, no duplicate inflation",NPR-26275|2013-04-04|Morning Edition|cl6|S;NPR-25479|2013-07-23|Morning Edition|cl5|S;NPR-23471|2014-09-24|Morning Edition|cl4|S;CNN-244320|2014-12-01|CONNECT THE WORLD|cl1|-;CNN-244358|2014-12-01|QUEST MEANS BUSINESS|cl2|-;NPR-20391|2016-10-31|All Things Considered|cl3|-
C00846,Grayson Schaffer,long-tail,3,5,0,498,3,2014-04-18,2015-08-29,0.8,4,1888,1,,,GRAYSON SCHAFFER,1,SENIOR EDITOR OUTSIDE MAGAZINE,no,"clean: no staff evidence, full name, no duplicate inflation",CNN-228689|2014-04-18|ANDERSON COOPER 360 DEGREES|cl1|-;NPR-27523|2014-04-18|All Things Considered|cl4|S;NPR-11975|2015-01-10|Weekend Edition Saturday|cl3|S;NPR-11851|2015-08-29|Weekend Edition Saturday|cl2|S;NPR-9205|2019-08-15|Morning Edition|cl5|-
C00651,Deirdre Kennedy,long-tail,3,3,0,495,3,2006-12-06,2008-04-14,1.0,2,1054,1,,,DEIRDRE KENNEDY,0,,no,"clean: no staff evidence, full name, no duplicate inflation",NPR-41583|2006-12-06|All Things Considered|cl3|S;NPR-35324|2008-04-03|Morning Edition|cl2|S;NPR-35264|2008-04-14|Morning Edition|cl1|S
C01372,Kara Brown,long-tail,3,3,0,483,3,2016-01-30,2017-05-27,1.0,1,1334,1,,,KARA BROWN,0,,no,"clean: no staff evidence, full name, no duplicate inflation",NPR-22959|2016-01-30|All Things Considered|cl3|S;NPR-22643|2016-03-05|All Things Considered|cl2|S;NPR-18171|2017-05-27|All Things Considered|cl1|S
C00449,Celia Beasley,long-tail,3,3,0,467,3,2005-10-05,2007-01-15,1.0,1,1602,1,,,CELIA BEASLEY,1,WRITER,no,"clean: no staff evidence, full name, no duplicate inflation",NPR-15392|2005-10-05|Day to Day|cl1|S;NPR-48884|2006-06-27|Day to Day|cl3|S;NPR-46275|2007-01-15|Day to Day|cl2|S
C02053,Ronald Mincy,long-tail,3,3,0,368,3,2005-06-16,2006-06-19,1.0,1,2701,1,,,Professor RONALD MINCY (Columbia University),3,COLUMBIA UNIVERSITY / PROFESSOR OF SOCIAL WORK COLUMBIA UNIVERSITY / PROFESSOR OF SOCIAL POLICY AND SOCIAL WORK COLUMBIA UNIVERSITY,no,"clean: no staff evidence, full name, no duplicate inflation",NPR-47624|2005-06-16|News & Notes|cl2|S;NPR-45175|2006-03-22|News & Notes|cl1|S;NPR-4938|2006-06-19|News & Notes|cl3|S
C01771,Mimi Wesson,long-tail,3,3,0,364,3,2006-07-02,2007-07-01,1.0,1,2565,1,,,MIMI WESSON,1,LAW UNIVERSITY OF COLORADO,no,"clean: no staff evidence, full name, no duplicate inflation",NPR-18824|2006-07-02|Weekend Edition Sunday|cl3|S;NPR-18642|2006-10-01|Weekend Edition Sunday|cl2|S;NPR-17904|2007-07-01|Weekend Edition Sunday|cl1|S
C01817,Nate Rawlings,long-tail,3,7,0,258,3,2008-06-18,2009-03-03,0.5714,2,2973,1,,,"Captain NATE RAWLINGS (First Brigade Combat Team of the 4th Infantry Division, U.S. Army)",5,FIRST BRIGADE COMBAT TEAM OF THE 4TH INFANTRY DIVISION U S ARMY / U S SOLDIER IN IRAQ / FIRST BRIGADE FOURTH INFANTRY DIVISION / 1ST BRIGADE COMBAT TEAM 4TH INFANTRY DIVISION U S ARMY,no,"clean: no staff evidence, full name, no duplicate inflation",NPR-13221|2008-06-18|Day to Day|cl5|S;NPR-10212|2008-10-24|Day to Day|cl4|-;NPR-9501|2009-01-01|Day to Day|cl7|S;NPR-8395|2009-03-03|Day to Day|cl6|S;CNN-226965|2014-03-20|NANCY GRACE|cl1|-;CNN-227149|2014-03-24|NANCY GRACE|cl2|-;CNN-227217|2014-03-25|NANCY GRACE|cl3|-
C01485,Laurie Roberts,long-tail,3,4,0,228,3,2018-01-11,2018-08-27,0.75,3,1414,1,,,LAURIE ROBERTS,1,TOYOTA CUSTOMER,no,"clean: no staff evidence, full name, no duplicate inflation",CNN-147679|2010-02-03|CNN NEWSROOM|cl1|-;NPR-13774|2018-01-11|All Things Considered|cl3|S;NPR-10992|2018-03-17|Weekend Edition Saturday|cl2|S;NPR-4616|2018-08-27|All Things Considered|cl4|S
C00696,Doyin Richards,long-tail,3,3,0,217,3,2016-04-09,2016-11-12,1.0,1,1530,1,,,DOYIN RICHARDS,0,,no,"clean: no staff evidence, full name, no duplicate inflation",NPR-22318|2016-04-09|All Things Considered|cl3|S;NPR-21009|2016-08-27|All Things Considered|cl2|S;NPR-20270|2016-11-12|All Things Considered|cl1|S
C01184,Jimmy Izrael,long-tail,3,3,0,190,3,2006-07-10,2007-01-16,1.0,2,1477,1,,,Mr. JIMMY IZRAEL,1,WRITER,no,"clean: no staff evidence, full name, no duplicate inflation",NPR-48665|2006-07-10|Day to Day|cl3|S;NPR-3085|2006-11-24|News & Notes|cl2|S;NPR-2556|2007-01-16|News & Notes|cl1|S
C01659,Mary Kate Cary,long-tail,15,35,0,3255,15,2010-10-26,2019-09-24,0.4571,12,10100,1,,,MARY KATE CARY,10,CONTRIBUTING EDITOR US NEWS AND WORLD REPORT FORMER WHITE HOUSE SPEECHWRITER / FORMER GEORGE H W BUSH SPEECHWRITER / FORMER SPEECHWRITER FOR GEORGE H W BUSH / FORMER BUSH SPEECHWRITER,review,CHECK summaries use a role word (outside journalist or recurring pundit?),CNN-48212|2002-01-29|CNN INSIDE POLITICS|cl19|-;NPR-6953|2010-10-26|Talk of the Nation|cl34|S;NPR-30747|2012-10-03|All Things Considered|cl29|-;NPR-29670|2013-03-08|All Things Considered|cl28|S;NPR-26935|2014-06-27|All Things Considered|cl27|S;NPR-2049|2015-08-09|Weekend Edition Sunday|cl24|S;NPR-23066|2016-01-15|All Things Considered|cl26|S;NPR-21281|2016-07-30|All Things Considered|cl25|S;NPR-18535|2017-05-06|All Things Considered|cl23|S;NPR-16871|2017-07-29|All Things Considered|cl22|S;NPR-11365|2017-09-30|Weekend Edition Saturday|cl20|S;NPR-13762|2018-01-13|All Things Considered|cl21|S;NPR-47088|2018-04-21|All Things Considered|cl32|S;NPR-46269|2018-06-23|All Things Considered|cl31|S;NPR-3715|2018-09-30|All Things Considered|cl30|S;CNN-356136|2018-12-03|CNN NEWSROOM|cl1|-;CNN-356139|2018-12-03|CNN NEWSROOM|cl2|-;CNN-356152|2018-12-03|CNN NEWSROOM|cl3|-;CNN-356200|2018-12-03|THE SITUATION ROOM|cl4|-;CNN-356297|2018-12-05|CNN LIVE EVENT/SPECIAL|cl5|-;CNN-356306|2018-12-05|CNN NEWSROOM|cl6|-;CNN-356311|2018-12-05|CNN NEWSROOM|cl7|-;CNN-356318|2018-12-05|CNN RIGHT NOW|cl8|-;CNN-356364|2018-12-06|CNN LIVE EVENT/SPECIAL|cl9|-;CNN-356365|2018-12-06|CNN LIVE EVENT/SPECIAL|cl10|-;CNN-356366|2018-12-06|CNN LIVE EVENT/SPECIAL|cl11|-;CNN-356376|2018-12-06|CNN NEWSROOM|cl12|-;CNN-356383|2018-12-06|CNN NEWSROOM|cl13|-;CNN-356385|2018-12-06|CNN NEWSROOM|cl14|-;CNN-356394|2018-12-06|CNN RIGHT NOW|cl15|-;CNN-356437|2018-12-06|THE LEAD WITH JAKE TAPPER|cl16|-;CNN-356438|2018-12-06|THE SITUATION ROOM|cl17|-;NPR-550|2019-02-09|All Things Considered|cl33|S;NPR-7296|2019-09-24|Morning Edition|cl35|S;CNN-391670|2020-02-01|SMERCONISH|cl18|-
C00292,Bassir Pour,long-tail,13,23,4,1763,13,2000-03-04,2004-12-31,0.0,3,7558,1,,,BASSIR POUR,0,,no,"4 re-airings collapsed; CNN-dominated (thinner turns, more re-airing)",CNN-3812|2000-03-04|CNN International Diplomatic Linense|cl3|S;CNN-5214|2000-03-25|CNN International Diplomatic Linense|cl5|S;CNN-6039|2000-04-08|CNN International Diplomatic Linense|cl10|S;CNN-6487|2000-04-15|CNN International Diplomatic Linense|cl11|S;CNN-6671|2000-04-22|CNN International Diplomatic Linense|cl12|S;CNN-7573|2000-05-06|CNN International Diplomatic Linense|cl13|-;CNN-8047|2000-05-13|CNN International Diplomatic Linense|cl14|S;CNN-8517|2000-05-20|CNN International Diplomatic Linense|cl16|-;CNN-9405|2000-06-03|CNN International Diplomatic Linense|cl18|-;CNN-9832|2000-06-10|CNN International Diplomatic Linense|cl19|S;CNN-11211|2000-07-02|CNN International Diplomatic Linense|cl1|-;CNN-21018|2000-12-02|CNN International Diplomatic Linense|cl2|S;CNN-51332|2002-03-23|CNN DIPLOMATIC LICENSE|cl4|S;CNN-52821|2002-04-20|CNN DIPLOMATIC LICENSE|cl6|-;CNN-52861|2002-04-20|DIPLOMATIC LICENSE|cl6|-;CNN-55552|2002-06-08|CNN DIPLOMATIC LICENSE|cl7|S;CNN-55594|2002-06-08|DIPLOMATIC LICENSE|cl7|S;CNN-56322|2002-06-22|CNN DIPLOMATIC LICENSE|cl8|S;CNN-56362|2002-06-22|DIPLOMATIC LICENSE|cl8|S;CNN-58189|2002-07-27|CNN DIPLOMATIC LICENSE|cl9|-;CNN-58226|2002-07-27|DIPLOMATIC LICENSE|cl9|-;CNN-85004|2004-05-28|DIPLOMATIC LICENSE|cl15|S;CNN-90998|2004-12-31|DIPLOMATIC LICENSE|cl17|S
C00812,Gayle Trotter,long-tail,11,16,1,1028,11,2016-05-14,2019-03-08,0.6875,4,5298,1,,,GAYLE TROTTER,4,INDEPENDENT WOMEN S FORUM / ATTORNEY AND SR FELLOW INDEPENDENT WOMEN S FORUM / SENIOR FELLOW INDEPENDENT WOMEN S FORUM / ATTORNEY& SR FELLOW INDEPENDENT WOMEN S FORUNIDENTIFIED MALE,review,CHECK summaries use a role word (outside journalist or recurring pundit?); 1 re-airings collapsed,CNN-200232|2013-01-30|ANDERSON COOPER 360 DEGREES|cl1|-;CNN-200234|2013-01-30|ANDERSON COOPER 360 DEGREES|cl1|-;CNN-200301|2013-01-31|ANDERSON COOPER 360 DEGREES|cl2|-;CNN-200597|2013-02-04|STUDENT NEWS|cl3|-;CNN-206062|2013-05-02|ERIN BURNETT OUTFRONT|cl4|-;NPR-22016|2016-05-14|All Things Considered|cl13|S;NPR-21613|2016-06-25|All Things Considered|cl12|S;NPR-20556|2016-10-08|All Things Considered|cl11|S;NPR-20274|2016-11-12|All Things Considered|cl10|S;NPR-19967|2016-12-10|All Things Considered|cl9|S;NPR-18955|2017-04-01|All Things Considered|cl7|S;NPR-15792|2017-09-09|All Things Considered|cl6|S;NPR-46554|2018-05-19|All Things Considered|cl15|S;NPR-46056|2018-06-29|All Things Considered|cl14|S;NPR-1960|2018-11-23|All Things Considered|cl8|S;NPR-13180|2019-03-08|All Things Considered|cl5|S
C01180,Jimi Izrael,long-tail,10,15,0,3827,10,2005-06-13,2015-12-05,1.0,4,7416,1,,,JIMI IZRAEL,2,COLUMNIST AOL BLACK VOICES / COLUMNIST AOL S BLACK VOICES,review,CHECK summaries use a role word (outside journalist or recurring pundit?),NPR-16981|2005-06-13|Day to Day|cl4|S;NPR-47606|2005-07-05|News & Notes|cl14|S;NPR-15734|2005-09-09|Day to Day|cl3|-;NPR-15002|2005-12-01|Day to Day|cl2|-;NPR-14795|2006-01-19|Day to Day|cl1|-;NPR-4559|2006-07-25|News & Notes|cl13|S;NPR-4223|2006-08-15|News & Notes|cl12|S;NPR-3806|2006-09-25|News & Notes|cl11|S;NPR-3438|2006-10-30|News & Notes|cl10|S;NPR-2465|2007-01-31|News & Notes|cl9|S;NPR-2280|2007-02-20|News & Notes|cl6|S;NPR-7138|2010-12-02|Talk of the Nation|cl15|S;NPR-23793|2015-10-24|All Things Considered|cl8|-;NPR-23445|2015-12-05|All Things Considered|cl7|S;NPR-21410|2016-07-17|All Things Considered|cl5|-
C00700,Dru Ealons,long-tail,9,9,0,1379,9,2015-11-07,2019-08-17,1.0,1,4228,1,,,DRU EALONS,0,,no,CHECK 9 interviews across only 1 program(s) — recurring panelist rather than interview subject?,NPR-23699|2015-11-07|All Things Considered|cl7|S;NPR-23292|2015-12-26|All Things Considered|cl6|S;NPR-22795|2016-02-20|All Things Considered|cl5|S;NPR-22590|2016-03-12|All Things Considered|cl4|S;NPR-22016|2016-05-14|All Things Considered|cl3|S;NPR-20468|2016-10-22|All Things Considered|cl2|S;NPR-14283|2017-12-16|All Things Considered|cl1|S;NPR-9687|2019-07-27|All Things Considered|cl9|S;NPR-9236|2019-08-17|All Things Considered|cl8|S
C00621,Dawn Turner Trice,long-tail,8,11,0,1656,8,2005-05-27,2009-12-08,0.7273,4,8418,1,,,"Ms. DAWN TURNER TRICE (Columnist, Chicago Tribune)",3,COLUMNIST CHICAGO TRIBUNE / CHICAGO TRIBUNE / COLUMNIST AND BLOGGER CHICAGO TRIBUNE,review,CHECK summaries use a role word (outside journalist or recurring pundit?),NPR-47919|2005-05-27|News & Notes|cl9|S;NPR-47844|2005-06-08|News & Notes|cl8|S;NPR-46603|2005-10-19|News & Notes|cl6|S;CNN-126625|2008-05-16|CNN NEWSROOM|cl1|-;NPR-48474|2008-12-30|Talk of the Nation|cl11|S;NPR-48179|2009-02-12|Talk of the Nation|cl10|S;CNN-140326|2009-07-11|CNN NEWSROOM|cl2|-;NPR-46652|2009-07-28|Talk of the Nation|cl7|S;NPR-46366|2009-11-17|Talk of the Nation|cl5|S;NPR-46211|2009-12-08|Talk of the Nation|cl4|S;CNN-146926|2010-01-12|AMERICAN MORNING|cl3|-
C00819,George Joffe,long-tail,8,9,0,700,8,2011-03-07,2013-02-04,1.0,2,13774,1,,,GEORGE JOFFE,3,CAMBRIDGE UNIVERSITY / RESEARCH FELLOW CENTER OF INTERNATIONAL STUDIES CAMBRIDGE UNIVERSITY / RESEARCH FELLOW CENTRE OF INTERNATIONAL STUDIES CAMBRIDGE UNIVERSITY,no,CHECK 8 interviews across only 2 program(s) — recurring panelist rather than interview subject?,NPR-33715|2011-03-01|All Things Considered|cl7|-;NPR-2667|2011-03-07|Talk of the Nation|cl6|S;NPR-2590|2011-03-14|Talk of the Nation|cl5|S;NPR-2164|2011-04-21|Talk of the Nation|cl4|S;NPR-1527|2011-08-17|Talk of the Nation|cl3|S;NPR-1487|2011-08-22|Talk of the Nation|cl2|S;NPR-11164|2012-05-09|Talk of the Nation|cl1|S;NPR-9752|2013-01-17|Talk of the Nation|cl9|S;NPR-5806|2013-02-04|Talk of the Nation|cl8|S
C01404,Kearns Goodwin,long-tail,7,8,0,3000,7,2011-03-28,2019-06-14,0.0,4,7492,1,,,KEARNS GOODWIN,0,,no,"CNN-dominated (thinner turns, more re-airing)",CNN-163947|2011-03-28|AMERICAN MORNING|cl1|S;CNN-264697|2015-09-16|CNN NEWSROOM|cl2|S;CNN-296959|2016-10-26|CNN NEWSROOM|cl3|S;CNN-297208|2016-10-29|CNN NEWSROOM|cl4|S;CNN-354058|2018-11-06|WOLF|cl5|S;CNN-354335|2018-11-10|CNN NEWSROOM|cl6|S;CNN-372316|2019-06-14|CNN'S AMANPOUR|cl7|S;CNN-395734|2020-03-21|CNN NEWSROOM|cl8|-
C02475,Van Der Sloot,long-tail,7,70,19,1883,7,2005-09-26,2010-11-22,0.0,11,10642,1,,,VAN DER SLOOT,2,THROUGH TRANSLATOR / VOICE OVER,no,"19 re-airings collapsed; CNN-dominated (thinner turns, more re-airing)",CNN-95257|2005-06-10|NANCY GRACE|cl44|-;CNN-95400|2005-06-17|AMERICAN MORNING|cl45|-;CNN-95583|2005-06-23|CNN NEWSNIGHT AARON BROWN|cl46|-;CNN-95594|2005-06-23|PAULA ZAHN NOW|cl47|-;CNN-95597|2005-06-24|AMERICAN MORNING|cl48|-;CNN-97291|2005-08-29|NANCY GRACE|cl49|-;CNN-98025|2005-09-26|NANCY GRACE|cl50|-;CNN-98096|2005-09-28|NANCY GRACE|cl50|S;CNN-98169|2005-09-30|NANCY GRACE|cl51|-;CNN-98287|2005-10-04|NANCY GRACE|cl50|S;CNN-102077|2006-01-24|NANCY GRACE|cl50|S;CNN-103187|2006-02-23|CNN LARRY KING LIVE|cl1|-;CNN-103202|2006-02-23|NANCY GRACE|cl2|S;CNN-105042|2006-04-17|NANCY GRACE|cl3|-;CNN-105117|2006-04-19|NANCY GRACE|cl4|-;CNN-106255|2006-05-22|NANCY GRACE|cl5|-;CNN-107602|2006-06-27|NANCY GRACE|cl6|-;CNN-116474|2007-04-30|NANCY GRACE|cl4|-;CNN-121545|2007-11-21|ANDERSON COOPER 360 DEGREES|cl7|-;CNN-121547|2007-11-21|ANDERSON COOPER 360 DEGREES|cl7|-;CNN-121589|2007-11-22|YOUR WORLD TODAY|cl7|-;CNN-123413|2008-02-04|NANCY GRACE|cl8|-;CNN-123437|2008-02-05|NANCY GRACE|cl9|S;CNN-123493|2008-02-07|CNN LARRY KING LIVE|cl10|-;CNN-123505|2008-02-07|NANCY GRACE|cl11|-;CNN-123541|2008-02-08|NANCY GRACE|cl12|-;CNN-123676|2008-02-13|NANCY GRACE|cl13|-;CNN-132290|2008-11-10|NANCY GRACE|cl14|-;CNN-132323|2008-11-11|NANCY GRACE|cl14|S;CNN-132355|2008-11-12|NANCY GRACE|cl14|-;CNN-132744|2008-11-25|ISSUES WITH JANE VELEZ-MITCHELL|cl15|-;CNN-138552|2009-05-22|ISSUES WITH JANE VELEZ-MITCHELL|cl16|-;CNN-148341|2010-02-23|NANCY GRACE|cl17|S;CNN-148434|2010-02-26|NANCY GRACE|cl18|-;CNN-148679|2010-03-05|NANCY GRACE|cl17|-;CNN-149199|2010-03-19|NANCY GRACE|cl17|-;CNN-149284|2010-03-22|NANCY GRACE|cl19|-;CNN-151639|2010-06-02|NANCY GRACE|cl20|-;CNN-151670|2010-06-03|ISSUES WITH JANE VELEZ-MITCHELL|cl21|-;CNN-151673|2010-06-03|NANCY GRACE|cl22|-;CNN-151710|2010-06-04|ISSUES WITH JANE VELEZ-MITCHELL|cl23|-;CNN-151711|2010-06-04|NANCY GRACE|cl24|-;CNN-151831|2010-06-08|ISSUES WITH JANE VELEZ-MITCHELL|cl23|-;CNN-151882|2010-06-09|ISSUES WITH JANE VELEZ-MITCHELL|cl23|-;CNN-151885|2010-06-09|NANCY GRACE|cl25|-;CNN-151961|2010-06-11|NANCY GRACE|cl26|-;CNN-152102|2010-06-15|ISSUES WITH JANE VELEZ-MITCHELL|cl23|-;CNN-152211|2010-06-18|NANCY GRACE|cl27|-;CNN-152307|2010-06-21|NANCY GRACE|cl28|-;CNN-152711|2010-07-02|NANCY GRACE|cl29|-;CNN-154754|2010-08-23|NANCY GRACE|cl30|-;CNN-155682|2010-09-16|NANCY GRACE|cl31|-;CNN-158339|2010-11-16|NANCY GRACE|cl17|-;CNN-158386|2010-11-17|NANCY GRACE|cl32|S;CNN-158404|2010-11-18|ANDERSON COOPER 360 DEGREES|cl33|-;CNN-158584|2010-11-22|NANCY GRACE|cl34|S;CNN-159970|2010-12-24|NANCY GRACE|cl17|-;CNN-178929|2012-01-06|CNN NEWSROOM|cl35|-;CNN-178935|2012-01-06|CNN NEWSROOM|cl7|-;CNN-178940|2012-01-06|CNN NEWSROOM|cl36|-;CNN-178947|2012-01-06|DR. DREW|cl7|-;CNN-178956|2012-01-06|ISSUES WITH JANE VELEZ-MITCHELL|cl37|-;CNN-178959|2012-01-06|NANCY GRACE|cl38|-;CNN-178967|2012-01-06|SHOWBIZ TONIGHT|cl7|-;CNN-178989|2012-01-07|CNN NEWSROOM|cl39|-;CNN-179240|2012-01-11|ISSUES WITH JANE VELEZ-MITCHELL|cl40|-;CNN-179242|2012-01-11|NANCY GRACE|cl41|-;CNN-179375|2012-01-13|SHOWBIZ TONIGHT|cl42|-;CNN-179426|2012-01-14|SHOWBIZ TONIGHT|cl42|-;CNN-279633|2016-03-23|NANCY GRACE|cl43|-
C02469,Tzemach Lemmon,long-tail,7,24,0,1396,7,2016-05-03,2020-02-28,0.0,4,7054,2,punctuation_variant,identical letters+digits ignoring punctuation,TZEMACH LEMMON,0,,no,"merged 2 label variants (punctuation_variant); CNN-dominated (thinner turns, more re-airing)",CNN-203211|2013-03-17|FAREED ZAKARIA GPS|cl1|-;CNN-269732|2015-11-24|AT THIS HOUR WITH BERMAN AND MICHAELA|cl2|-;CNN-277608|2016-02-26|CNN NEWSROOM|cl3|-;CNN-279665|2016-03-24|AT THIS HOUR WITH BERMAN AND MICHAELA|cl4|-;CNN-283084|2016-05-03|CNN NEWSROOM|cl5|S;CNN-287839|2016-06-30|CNN NEWSROOM|cl6|-;CNN-288371|2016-07-07|CNN NEWSROOM|cl7|-;CNN-289977|2016-07-29|CNN NEWSROOM|cl8|-;CNN-290989|2016-08-10|CNN NEWSROOM|cl9|S;CNN-295326|2016-10-01|CNN NEWSROOM|cl10|-;CNN-303760|2017-01-24|CNN NEWSROOM|cl11|S;CNN-309547|2017-04-09|CNN NEWSROOM|cl12|-;CNN-312380|2017-05-16|CNN NEWSROOM|cl13|-;CNN-315498|2017-06-28|CNN NEWSROOM|cl14|-;CNN-321833|2017-09-22|CNN NEWSROOM|cl15|-;CNN-323600|2017-10-13|WOLF|cl16|-;CNN-325628|2017-11-08|WOLF|cl17|-;CNN-328738|2017-12-19|CNN NEWSROOM|cl18|S;CNN-330261|2018-01-11|CNN NEWSROOM|cl19|S;CNN-333402|2018-02-22|CNN NEWSROOM|cl20|S;CNN-337266|2018-04-10|CNN NEWSROOM|cl21|-;CNN-337753|2018-04-17|CNN NEWSROOM|cl22|-;CNN-341835|2018-06-04|CNN NEWSROOM|cl23|-;CNN-393969|2020-02-28|CNN NEWSROOM|cl24|S
C00653,Del Barco,long-tail,7,13,0,276,7,2005-06-06,2006-03-09,1.0,4,4218,1,,,DEL BARCO,0,,no,CHECK particle+surname label (effectively a surname),NPR-48021|2005-05-16|News & Notes|cl13|-;NPR-47851|2005-06-06|News & Notes|cl12|S;NPR-40900|2005-07-08|Morning Edition|cl8|S;NPR-40855|2005-07-14|Morning Edition|cl7|S;NPR-40154|2005-10-28|Morning Edition|cl6|-;NPR-40011|2005-11-21|Morning Edition|cl5|S;NPR-46410|2005-12-07|News & Notes|cl11|S;NPR-43183|2005-12-12|All Things Considered|cl10|S;NPR-42889|2006-02-06|All Things Considered|cl9|-;NPR-14263|2006-03-09|Day to Day|cl1|S;NPR-39038|2006-03-29|Morning Edition|cl4|-;NPR-38407|2006-07-05|Morning Edition|cl3|-;NPR-38100|2006-08-15|Morning Edition|cl2|-
C00552,Dal Col,long-tail,7,9,0,237,7,2000-01-21,2000-09-14,0.0,6,3888,1,,,DAL COL,0,,no,"CNN-dominated (thinner turns, more re-airing)",CNN-1207|2000-01-21|Early Edition|cl2|S;CNN-1251|2000-01-22|WorldView|cl3|S;CNN-1338|2000-01-24|Inside Politics|cl4|S;CNN-2758|2000-02-16|TalkBack Live|cl7|S;CNN-3856|2000-03-05|Sunday Morning News|cl8|S;CNN-11042|2000-06-30|Inside Politics|cl1|S;CNN-15889|2000-09-14|Early Edition|cl5|S;CNN-21743|2000-12-15|Inside Politics|cl6|-;CNN-65864|2003-01-23|CNN AMERICAN MORNING WITH PAULA ZAHN|cl9|-
C00892,Holmes Norton,long-tail,6,9,0,6426,6,2001-10-02,2019-05-07,0.0,6,4221,1,,,HOLMES NORTON,0,,no,"CNN-dominated (thinner turns, more re-airing)",CNN-21450|2000-12-10|Sunday Morning News|cl3|-;CNN-40888|2001-10-02|CNN LIVE AT DAYBREAK|cl9|S;CNN-194005|2012-10-10|CNN NEWSROOM|cl1|-;CNN-209527|2013-06-25|CNN NEWSROOM|cl2|S;CNN-350459|2018-09-20|ANDERSON COOPER 360 DEGREES|cl4|-;CNN-350543|2018-09-21|AT THIS HOUR|cl5|S;CNN-351358|2018-10-03|AT THIS HOUR|cl6|S;CNN-367663|2019-04-22|AT THIS HOUR|cl7|S;CNN-368975|2019-05-07|CNN RIGHT NOW|cl8|S
C02500,Von Der Leyen,long-tail,6,13,3,1689,6,2015-09-16,2020-05-01,0.0,6,7442,1,,,VON DER LEYEN,0,,no,"3 re-airings collapsed; CNN-dominated (thinner turns, more re-airing)",CNN-233092|2014-06-22|FAREED ZAKARIA GPS|cl1|-;CNN-264704|2015-09-16|CNN'S AMANPOUR|cl2|S;CNN-264844|2015-09-18|CNN'S AMANPOUR|cl3|S;CNN-322043|2017-09-25|CNN'S AMANPOUR|cl4|S;CNN-344818|2018-07-10|CNN'S AMANPOUR|cl5|S;CNN-375027|2019-07-16|HALA GORANI TONIGHT|cl6|-;CNN-375065|2019-07-17|CNN NEWSROOM|cl7|-;CNN-375070|2019-07-17|CNN NEWSROOM|cl7|-;CNN-375079|2019-07-17|CNN NEWSROOM|cl7|-;CNN-395445|2020-03-17|QUEST MEANS BUSINESS|cl8|S;CNN-399013|2020-05-01|CNN'S AMANPOUR|cl9|-;CNN-399235|2020-05-04|CNN'S AMANPOUR|cl9|S;CNN-406084|2020-07-21|CONNECT THE WORLD|cl10|-
C00555,Damon Van Dam,long-tail,6,30,4,490,5,2002-02-06,2003-06-11,0.0,13,4598,2,initial_vs_full,co-labelled in 11/12 of the initial label's transcripts (cov 0.92): CNN-48670;CNN-48749;CNN-49040;CNN-49275;CNN-49305,DAMON VAN DAM,7,DANIELLE S FATHER / FATHER / DANIELLE VAN DAM S FATHER / FATHER OF VICTIM,no,"merged 2 label variants (initial_vs_full); 4 re-airings collapsed; CNN-dominated (thinner turns, more re-airing)",CNN-48670|2002-02-05|AMERICAN MORNING WITH PAULA ZAHN|cl2|-;CNN-48691|2002-02-05|CNN LIVE TODAY|cl3|-;CNN-48749|2002-02-06|CNN LARRY KING LIVE|cl4|S;CNN-48800|2002-02-07|AMERICAN MORNING WITH PAULA ZAHN|cl5|S;CNN-49040|2002-02-11|CNN LIVE EVENT/SPECIAL|cl6|-;CNN-49148|2002-02-13|AMERICAN MORNING WITH PAULA ZAHN|cl7|-;CNN-49237|2002-02-14|AMERICAN MORNING WITH PAULA ZAHN|cl8|-;CNN-49275|2002-02-14|CNN LIVE EVENT/SPECIAL|cl9|S;CNN-49305|2002-02-14|CNN WOLF BLITZER REPORTS|cl10|S;CNN-49763|2002-02-22|CNN BREAKING NEWS|cl11|-;CNN-49777|2002-02-22|CNN LIVE EVENT/SPECIAL|cl12|-;CNN-50177|2002-03-01|CNN LIVE TODAY|cl13|-;CNN-50922|2002-03-15|CNN LIVE AT DAYBREAK|cl14|-;CNN-55366|2002-06-04|CNN LIVE TODAY|cl15|-;CNN-55409|2002-06-05|CNN LIVE EVENT/SPECIAL|cl16|-;CNN-55439|2002-06-05|CNN LIVE TODAY|cl17|-;CNN-55442|2002-06-05|CNN NEWSNIGHT AARON BROWN|cl18|-;CNN-55626|2002-06-09|CNN SUNDAY MORNING|cl17|-;CNN-56829|2002-07-02|CNN AMERICAN MORNING WITH PAULA ZAHN|cl17|-;CNN-57536|2002-07-15|CNN LARRY KING LIVE|cl19|-;CNN-58812|2002-08-08|CNN LIVE TODAY|cl20|-;CNN-59806|2002-08-28|CNN LIVE EVENT/SPECIAL|cl21|-;CNN-59828|2002-08-28|CNN WOLF BLITZER REPORTS|cl22|-;CNN-60584|2002-09-17|CNN LIVE EVENT/SPECIAL|cl23|S;CNN-63743|2002-12-03|CNN LARRY KING LIVE|cl24|-;CNN-64982|2003-01-03|CNN CONNIE CHUNG TONIGHT|cl25|-;CNN-64986|2003-01-03|CNN LARRY KING LIVE|cl25|-;CNN-65042|2003-01-04|CNN SATURDAY MORNING NEWS|cl25|-;CNN-72110|2003-06-11|CNN LARRY KING LIVE|cl26|S;CNN-333680|2018-02-26|CNN 10|cl1|-
C02045,Ron Walters,has-page,28,48,3,883,28,2005-07-14,2007-12-14,0.7917,9,16276,1,,,"Professor RON WALTERS (Professor of Political Science, University of Maryland)",15,PROFESSOR OF POLITICAL SCIENCE UNIVERSITY OF MARYLAND / UNIVERSITY OF MARYLAND / POLITICAL SCIENCE UNIVERSITY OF MARYLAND / POLITICAL SCIENCE UNIVERSITY OF MARYLAND AUTHOR FREEDOM IS NOT ENOUGH,no,3 re-airings collapsed,CNN-9095|2000-05-30|TalkBack Live|cl7|-;CNN-13451|2000-08-08|Inside Politics|cl3|-;CNN-24210|2001-01-23|Inside Politics|cl4|-;CNN-50440|2002-03-06|CNN CROSSFIRE|cl5|-;CNN-59334|2002-08-19|CNN CROSSFIRE|cl6|-;NPR-48137|2005-05-12|News & Notes|cl41|-;NPR-47547|2005-07-14|News & Notes|cl39|S;NPR-7479|2005-07-28|News & Notes|cl44|S;NPR-7640|2005-08-18|News & Notes|cl45|S;NPR-46874|2005-09-13|News & Notes|cl38|S;NPR-46867|2005-09-15|News & Notes|cl37|-;NPR-46816|2005-09-20|News & Notes|cl36|S;NPR-46530|2005-11-03|News & Notes|cl35|S;NPR-46348|2005-12-15|News & Notes|cl34|-;NPR-46126|2006-01-05|News & Notes|cl33|S;NPR-45836|2006-02-02|News & Notes|cl32|S;NPR-45455|2006-03-02|News & Notes|cl31|S;NPR-45266|2006-03-16|News & Notes|cl29|-;NPR-45167|2006-03-30|News & Notes|cl28|S;NPR-44950|2006-04-13|News & Notes|cl27|-;NPR-44642|2006-05-11|News & Notes|cl26|S;NPR-44431|2006-05-25|News & Notes|cl25|S;NPR-5105|2006-06-08|News & Notes|cl42|-;NPR-4804|2006-07-06|News & Notes|cl40|S;NPR-4544|2006-07-20|News & Notes|cl30|S;NPR-4074|2006-08-31|News & Notes|cl24|S;NPR-3926|2006-09-14|News & Notes|cl23|-;NPR-3766|2006-09-28|News & Notes|cl22|S;NPR-3662|2006-10-03|News & Notes|cl20|S;NPR-6910|2006-10-12|News & Notes|cl43|S;NPR-3441|2006-10-26|News & Notes|cl19|-;NPR-3302|2006-11-07|News & Notes|cl17|S;NPR-3311|2006-11-09|News & Notes|cl18|S;NPR-2725|2007-01-04|News & Notes|cl16|S;NPR-2549|2007-01-18|News & Notes|cl15|-;NPR-2469|2007-02-01|News & Notes|cl14|S;NPR-2321|2007-02-15|News & Notes|cl13|S;NPR-36814|2007-03-05|Morning Edition|cl21|-;NPR-2143|2007-03-06|News & Notes|cl12|S;NPR-1946|2007-03-22|News & Notes|cl11|S;NPR-1850|2007-04-05|News & Notes|cl10|S;NPR-13220|2007-12-13|News & Notes|cl9|S;NPR-13217|2007-12-14|News & Notes|cl8|S;CNN-128171|2008-07-01|CNN ELECTION CENTER|cl1|-;CNN-128225|2008-07-02|CNN NEWSROOM|cl1|-;CNN-128702|2008-07-16|ANDERSON COOPER 360 DEGREES|cl2|-;CNN-128731|2008-07-17|AMERICAN MORNING|cl2|-;CNN-128748|2008-07-17|CNN NEWSROOM|cl2|-
C02040,Ron Christie,has-page,23,70,11,3929,23,2006-10-26,2017-07-29,0.3571,11,17653,1,,,"Mr. RON CHRISTIE (Vice President, D.C. Navigators)",31,VICE PRESIDENT D C NAVIGATORS / VICE PRESIDENT DC NAVIGATORS / REPUBLICAN STRATEGIST / VICE PRESIDENT D C NAVIGATORS FORMER SPECIAL ASSISTANT TO PRESIDENT GEORGE W BUSH,no,11 re-airings collapsed,CNN-101395|2006-01-04|LOU DOBBS TONIGHT|cl1|-;CNN-101792|2006-01-17|LIVE FROM...|cl2|-;NPR-3440|2006-10-26|News & Notes|cl59|S;NPR-3297|2006-11-08|News & Notes|cl57|S;NPR-3154|2006-11-22|News & Notes|cl56|S;NPR-3044|2006-11-30|News & Notes|cl54|-;NPR-2739|2007-01-02|News & Notes|cl53|S;NPR-2565|2007-01-18|News & Notes|cl52|S;NPR-2533|2007-01-24|News & Notes|cl51|S;NPR-2394|2007-02-07|News & Notes|cl49|S;NPR-2403|2007-02-08|News & Notes|cl50|S;NPR-2303|2007-02-14|News & Notes|cl48|S;NPR-2212|2007-02-22|News & Notes|cl47|S;NPR-2160|2007-03-01|News & Notes|cl46|S;NPR-2100|2007-03-08|News & Notes|cl45|S;NPR-2015|2007-03-15|News & Notes|cl43|S;NPR-1899|2007-03-29|News & Notes|cl41|S;NPR-1813|2007-04-19|News & Notes|cl40|S;NPR-1542|2007-06-20|News & Notes|cl38|S;NPR-1389|2007-07-04|News & Notes|cl37|S;NPR-1078|2007-08-13|News & Notes|cl35|S;NPR-31|2007-11-22|News & Notes|cl55|-;NPR-12923|2007-12-26|News & Notes|cl36|S;CNN-132230|2008-11-08|CNN NEWSROOM|cl3|-;CNN-134437|2009-01-27|AMERICAN MORNING|cl4|-;CNN-135095|2009-02-16|THE SITUATION ROOM|cl5|-;CNN-135148|2009-02-18|ANDERSON COOPER 360 DEGREES|cl6|-;CNN-135176|2009-02-19|AMERICAN MORNING|cl7|-;CNN-135372|2009-02-25|CNN NEWSROOM|cl8|-;CNN-135468|2009-02-28|CNN NEWSROOM|cl9|-;CNN-136555|2009-03-31|THE SITUATION ROOM|cl10|-;CNN-137020|2009-04-13|THE SITUATION ROOM|cl11|-;CNN-140163|2009-07-07|AMERICAN MORNING|cl12|-;CNN-148686|2010-03-05|THE SITUATION ROOM|cl13|-;CNN-148692|2010-03-05|THE SITUATION ROOM|cl13|-;NPR-33196|2011-05-13|All Things Considered|cl58|S;CNN-173896|2011-10-12|AMERICAN MORNING|cl14|-;CNN-177991|2011-12-20|CNN NEWSROOM|cl15|-;CNN-201136|2013-02-13|CNN NEWSROOM|cl16|-;CNN-201450|2013-02-18|CNN NEWSROOM|cl17|-;CNN-203076|2013-03-15|CNN NEWSROOM|cl18|-;CNN-204275|2013-04-03|CNN NEWSROOM|cl19|-;CNN-204890|2013-04-12|CNN NEWSROOM|cl16|-;CNN-226021|2014-03-04|CNN NEWSROOM|cl20|-;CNN-229163|2014-04-25|CNN NEWSROOM|cl21|-;CNN-236175|2014-08-07|CNN NEWSROOM|cl16|-;CNN-237171|2014-08-22|CNN NEWSROOM|cl18|-;CNN-242436|2014-11-04|CNN NEWSROOM|cl18|-;CNN-242931|2014-11-11|CNN NEWSROOM|cl22|-;CNN-243124|2014-11-13|CNN NEWSROOM|cl18|-;CNN-243574|2014-11-19|CNN NEWSROOM|cl23|-;CNN-243972|2014-11-25|CNN NEWSROOM|cl24|-;CNN-254657|2015-05-06|CNN NEWSROOM|cl25|-;CNN-256347|2015-06-01|CNN NEWSROOM|cl16|-;CNN-256865|2015-06-08|CNN NEWSROOM|cl16|-;CNN-258476|2015-06-30|CNN NEWSROOM|cl26|-;CNN-258914|2015-07-06|CNN NEWSROOM|cl27|-;CNN-261243|2015-08-04|CNN NEWSROOM|cl18|-;CNN-261505|2015-08-07|AT THIS HOUR WITH BERMAN AND MICHAELA|cl28|-;CNN-263456|2015-09-01|CNN NEWSROOM|cl29|-;CNN-264514|2015-09-14|CNN NEWSROOM|cl30|-;CNN-264527|2015-09-14|CNN NEWSROOM|cl31|-;CNN-266992|2015-10-19|AT THIS HOUR WITH BERMAN AND MICHAELA|cl32|-;CNN-281191|2016-04-11|LEGAL VIEW WITH ASHLEIGH BANFIELD|cl33|-;CNN-281296|2016-04-12|LEGAL VIEW WITH ASHLEIGH BANFIELD|cl15|-;CNN-290848|2016-08-08|THE LEAD WITH JAKE TAPPER|cl34|-;NPR-20742|2016-09-24|All Things Considered|cl44|S;CNN-297924|2016-11-10|CNN NEWSROOM|cl18|-;NPR-19870|2016-12-17|All Things Considered|cl42|S;NPR-16871|2017-07-29|All Things Considered|cl39|S
C01936,Randy Cohen,has-page,20,33,1,588,20,2005-05-01,2006-12-10,0.7879,5,10505,1,,,Mr. RANDY COHEN (The New York Times Magazine),14,THE NEW YORK TIMES MAGAZINE / ETHICIST / NEW YORK TIMES MAGAZINE / ETHICIST NEW YORK TIMES MAGAZINE,no,1 re-airings collapsed,CNN-53216|2002-04-26|CNN NEWSNIGHT AARON BROWN|cl5|-;NPR-5156|2005-05-01|All Things Considered|cl32|S;NPR-44275|2005-05-15|All Things Considered|cl31|S;NPR-43959|2005-07-24|All Things Considered|cl30|S;NPR-43808|2005-08-21|All Things Considered|cl29|S;CNN-98561|2005-10-12|CNN NEWSNIGHT AARON BROWN|cl6|-;CNN-98604|2005-10-13|CNN NEWSNIGHT AARON BROWN|cl6|-;NPR-43473|2005-10-23|All Things Considered|cl28|-;NPR-43408|2005-11-06|All Things Considered|cl27|S;NPR-43311|2005-11-20|All Things Considered|cl26|S;NPR-43246|2005-12-04|All Things Considered|cl25|S;NPR-43170|2005-12-18|All Things Considered|cl24|S;NPR-43131|2005-12-25|All Things Considered|cl23|-;NPR-43084|2006-01-01|All Things Considered|cl22|S;NPR-42977|2006-01-22|All Things Considered|cl21|S;NPR-42888|2006-02-05|All Things Considered|cl20|S;NPR-42755|2006-03-05|All Things Considered|cl19|S;CNN-103938|2006-03-16|ANDERSON COOPER 360 DEGREES|cl1|-;NPR-42487|2006-04-23|All Things Considered|cl18|S;NPR-42365|2006-05-21|All Things Considered|cl17|S;NPR-42287|2006-06-11|All Things Considered|cl16|-;NPR-42194|2006-07-02|All Things Considered|cl15|S;NPR-42106|2006-07-23|All Things Considered|cl14|-;NPR-41966|2006-08-20|All Things Considered|cl13|S;NPR-41909|2006-09-03|All Things Considered|cl12|S;NPR-41846|2006-09-24|All Things Considered|cl11|S;NPR-41732|2006-10-22|All Things Considered|cl10|S;NPR-41571|2006-12-10|All Things Considered|cl9|S;CNN-113640|2007-01-12|ANDERSON COOPER 360 DEGREES|cl2|-;NPR-41439|2007-01-20|All Things Considered|cl8|-;NPR-41204|2007-04-29|All Things Considered|cl7|-;CNN-154189|2010-08-10|JOY BEHAR SHOW|cl3|-;CNN-164111|2011-03-31|CNN NEWSROOM|cl4|-
C00899,Howard Markel,has-page,16,23,0,2166,16,2010-02-16,2016-01-22,0.6957,5,10901,1,,,HOWARD MARKEL,9,UNIVERSITY OF MICHIGAN / CENTER FOR THE HISTORY OF MEDICINE UNIVERSITY OF MICHIGAN / HISTORY OF MEDICINE UNIVERSITY OF MICHIGAN / MEDICINE UNIVERSITY OF MICHIGAN,no,"clean: no staff evidence, full name, no duplicate inflation",NPR-45584|2010-02-16|Talk of the Nation|cl21|S;NPR-44793|2010-05-21|Talk of the Nation|cl20|S;NPR-44496|2010-06-18|Talk of the Nation|cl19|S;NPR-5075|2010-07-09|Talk of the Nation|cl22|S;NPR-4301|2010-09-17|Talk of the Nation|cl18|S;NPR-3856|2010-10-22|Talk of the Nation|cl17|S;NPR-2950|2011-01-28|Talk of the Nation|cl16|S;NPR-2842|2011-02-11|Talk of the Nation|cl15|S;NPR-2577|2011-03-11|Talk of the Nation|cl14|S;NPR-2165|2011-04-22|Talk of the Nation|cl13|S;NPR-1872|2011-05-27|Talk of the Nation|cl11|S;CNN-169423|2011-07-22|CNN NEWSROOM|cl1|-;NPR-1472|2011-08-26|Talk of the Nation|cl10|S;NPR-1245|2011-09-30|Talk of the Nation|cl9|S;NPR-1095|2011-10-21|Talk of the Nation|cl8|S;NPR-601|2011-12-16|Talk of the Nation|cl23|S;NPR-20234|2016-01-22|Morning Edition|cl12|S;CNN-392215|2020-02-09|CNN NEWSROOM|cl2|-;CNN-394896|2020-03-10|CNN RIGHT NOW|cl3|-;CNN-397972|2020-04-19|CNN TONIGHT|cl4|-;CNN-398135|2020-04-21|CNN TONIGHT|cl5|-;CNN-398450|2020-04-25|CNN NEWSROOM|cl6|-;CNN-398723|2020-04-28|CNN TONIGHT|cl7|-
C01244,John Nagl,has-page,15,39,5,4141,15,2006-12-15,2018-04-17,0.5128,11,13594,1,,,JOHN NAGL,16,PRESIDENT CENTER FOR A NEW AMERICAN SECURITY / RETIRED LIEUTENANT COLONEL U S ARMY / AUTHOR LEARNING TO EAT SOUP WITH A KNIFE / U S ARMY RETIRED,no,5 re-airings collapsed,NPR-37363|2006-12-05|Morning Edition|cl24|-;NPR-46485|2006-12-15|Day to Day|cl28|S;CNN-120273|2007-09-29|LOU DOBBS THIS WEEK|cl1|-;CNN-130886|2008-09-23|AMERICAN MORNING|cl2|-;NPR-34298|2008-10-07|Morning Edition|cl22|-;CNN-133869|2009-01-06|CNN NEWSROOM|cl3|-;CNN-133880|2009-01-06|CNN NEWSROOM|cl4|-;CNN-135175|2009-02-18|THE SITUATION ROOM|cl5|-;CNN-135545|2009-03-02|THE SITUATION ROOM|cl6|-;CNN-136267|2009-03-23|THE SITUATION ROOM|cl7|-;CNN-136388|2009-03-27|AMERICAN MORNING|cl8|-;NPR-33124|2009-04-03|Morning Edition|cl20|-;NPR-36569|2009-07-22|All Things Considered|cl23|S;CNN-142454|2009-09-02|AMERICAN MORNING|cl9|-;CNN-143676|2009-10-05|THE SITUATION ROOM|cl10|-;CNN-143710|2009-10-06|THE SITUATION ROOM|cl11|-;CNN-143715|2009-10-07|AMERICAN MORNING|cl12|-;CNN-143718|2009-10-07|AMERICAN MORNING|cl13|-;NPR-6052|2009-10-12|Morning Edition|cl31|S;CNN-144022|2009-10-16|AMERICAN MORNING|cl14|-;CNN-144034|2009-10-16|CNN NEWSROOM|cl14|-;CNN-144037|2009-10-16|CNN NEWSROOM|cl14|-;CNN-144068|2009-10-17|CNN NEWSROOM|cl14|-;CNN-144069|2009-10-17|CNN NEWSROOM|cl14|-;CNN-144076|2009-10-17|CNN SATURDAY MORNING NEWS|cl14|-;NPR-45513|2010-03-08|Talk of the Nation|cl26|S;NPR-14094|2010-06-26|Weekend Edition Saturday|cl16|S;NPR-4624|2010-08-19|Talk of the Nation|cl27|S;NPR-3339|2010-12-09|Talk of the Nation|cl21|S;NPR-2754|2011-02-28|Talk of the Nation|cl18|S;NPR-526|2011-12-26|Talk of the Nation|cl30|S;NPR-31793|2012-04-18|All Things Considered|cl19|-;NPR-10145|2012-10-29|Talk of the Nation|cl15|S;NPR-9262|2013-03-18|Talk of the Nation|cl34|S;NPR-8132|2013-06-24|Talk of the Nation|cl33|S;NPR-23867|2014-07-15|Morning Edition|cl17|S;NPR-3764|2014-10-19|Weekend Edition Sunday|cl25|S;NPR-7262|2015-03-03|All Things Considered|cl32|-;NPR-47397|2018-04-17|All Things Considered|cl29|S
C00580,Dave Zirin,has-page,11,30,1,4591,11,2007-01-29,2019-08-25,0.3667,10,9464,1,,,DAVE ZIRIN,12,AUTHOR WHAT S MY NAME FOOL SPORTS AND RESISTANCE IN THE UNITED STATES / AUTHOR WELCOME TO THE TERRORDOME / SPORTS EDITOR THE NATION MAGAZINE / SPORTS EDITOR THE NATION,no,1 re-airings collapsed,NPR-16778|2007-01-29|Talk of the Nation|cl21|S;NPR-1625|2007-05-31|News & Notes|cl20|S;CNN-158905|2010-11-30|PARKER SPITZER|cl1|-;CNN-164076|2011-03-30|IN THE ARENA|cl2|-;NPR-32332|2011-12-11|All Things Considered|cl26|S;NPR-30888|2012-09-10|All Things Considered|cl25|S;CNN-199365|2013-01-15|CNN NEWSROOM|cl3|-;CNN-199516|2013-01-17|CNN NEWSROOM|cl4|-;CNN-199522|2013-01-17|CNN NEWSROOM|cl5|-;CNN-199589|2013-01-18|CNN NEWSROOM|cl6|-;CNN-199591|2013-01-18|CNN NEWSROOM|cl7|-;CNN-205863|2013-04-29|THE LEAD WITH JAKE TAPPER|cl8|-;NPR-29060|2013-06-09|All Things Considered|cl24|S;CNN-211905|2013-08-06|AROUND THE WORLD|cl9|-;CNN-229340|2014-04-28|CNN SPECIAL REPORTS|cl10|-;CNN-230451|2014-05-13|CNN SPECIAL REPORTS|cl11|-;NPR-6986|2014-06-15|All Things Considered|cl28|S;NPR-25621|2014-12-09|All Things Considered|cl23|S;NPR-24499|2015-05-02|All Things Considered|cl22|S;NPR-6223|2015-11-01|All Things Considered|cl27|S;CNN-310318|2017-04-19|CNN NEWSROOM|cl2|-;CNN-310321|2017-04-19|CNN NEWSROOM|cl12|-;CNN-319572|2017-08-22|CNN NEWSROOM|cl13|-;NPR-15792|2017-09-09|All Things Considered|cl19|S;CNN-321967|2017-09-24|CNN NEWSROOM|cl14|-;CNN-333131|2018-02-19|CNN NEWSROOM|cl15|-;CNN-341125|2018-05-26|CNN NEWSROOM|cl16|-;NPR-9068|2019-08-25|All Things Considered|cl29|S;CNN-402959|2020-06-17|CNN NEWSROOM|cl17|-;CNN-408159|2020-08-13|CNN'S AMANPOUR|cl18|-
C02070,Rovenia Brock,has-page,10,15,0,2772,10,2005-06-09,2013-01-10,0.8667,3,8649,1,,,Dr. ROVENIA BROCK (Nutritionist),7,NUTRITIONIST / NEWS & NOTES NUTRITIONIST AUTHOR DR RO S TEN SECRETS TO LIVING HEALTHY / NUTRITIONIST AUTHOR DR RO S TEN SECRETS TO LIVIN HEALTHY / NUTRITIONIST AUTHOR,no,"clean: no staff evidence, full name, no duplicate inflation",NPR-47845|2005-06-09|News & Notes|cl13|S;NPR-5143|2006-05-31|News & Notes|cl14|S;NPR-4540|2006-07-26|News & Notes|cl12|-;NPR-4231|2006-08-16|News & Notes|cl11|-;NPR-3974|2006-09-13|News & Notes|cl10|S;NPR-3630|2006-10-13|News & Notes|cl8|S;NPR-3427|2006-11-01|News & Notes|cl7|S;NPR-3094|2006-11-29|News & Notes|cl6|S;NPR-2265|2007-02-22|News & Notes|cl5|S;NPR-2192|2007-02-28|News & Notes|cl4|S;NPR-1530|2007-06-21|News & Notes|cl3|S;NPR-38|2007-11-22|News & Notes|cl9|-;CNN-196048|2012-11-21|CNN NEWSROOM|cl1|-;CNN-197228|2012-12-10|CNN NEWSROOM|cl2|-;NPR-9797|2013-01-10|Talk of the Nation|cl15|S
C02011,Robert Malley,has-page,9,45,4,4161,9,2006-01-27,2017-06-19,0.4222,18,11467,1,,,ROBERT MALLEY,16,DIRECTOR INTERNATIONAL CRISIS GROUP / INTERNATIONAL CRISIS GROUP / MIDDLE EAST PROGRAM DIRECTOR INTERNATIONAL CRISIS GROUP / PROGRAM DIRECTOR FOR MIDDLE EAST AND NORTH AFRICA INTERNATIONAL CRISIS GROUP,no,4 re-airings collapsed,CNN-51828|2002-04-01|CNN NEWSNIGHT AARON BROWN|cl20|-;CNN-51830|2002-04-01|CNN WOLF BLITZER REPORTS|cl21|-;CNN-51858|2002-04-02|CNN LIVE AT DAYBREAK|cl21|-;CNN-79301|2003-11-17|Q&A;|cl22|-;NPR-43760|2005-08-30|All Things Considered|cl39|-;NPR-43200|2005-12-11|All Things Considered|cl38|-;NPR-39766|2005-12-28|Morning Edition|cl34|-;NPR-39534|2006-01-27|Morning Edition|cl33|S;CNN-102911|2006-02-15|THE SITUATION ROOM|cl1|-;CNN-102913|2006-02-15|THE SITUATION ROOM|cl1|-;CNN-102931|2006-02-16|INSIGHT|cl1|-;NPR-42849|2006-02-17|All Things Considered|cl37|S;NPR-42766|2006-02-28|All Things Considered|cl36|-;CNN-103429|2006-03-01|THE SITUATION ROOM|cl2|-;NPR-38790|2006-05-09|Morning Edition|cl32|-;CNN-108618|2006-07-25|ANDERSON COOPER 360 DEGREES|cl3|-;CNN-110002|2006-09-02|CNN SATURDAY MORNING NEWS|cl4|-;NPR-41791|2006-10-04|All Things Considered|cl35|-;CNN-112123|2006-11-17|THE SITUATION ROOM|cl5|-;CNN-112428|2006-11-28|THE SITUATION ROOM|cl6|-;NPR-37386|2006-11-29|Morning Edition|cl31|-;NPR-37324|2006-12-07|Morning Edition|cl30|S;CNN-113523|2007-01-08|THE SITUATION ROOM|cl7|-;NPR-18585|2007-02-17|Weekend Edition Saturday|cl24|-;CNN-118456|2007-07-20|THE SITUATION ROOM|cl8|-;NPR-35636|2010-04-18|All Things Considered|cl29|S;NPR-6209|2010-06-02|Morning Edition|cl40|-;CNN-160928|2011-01-17|THE SITUATION ROOM|cl9|-;NPR-2949|2011-01-25|Talk of the Nation|cl27|S;NPR-33909|2011-01-29|All Things Considered|cl28|S;CNN-161986|2011-02-12|CNN NEWSROOM|cl10|-;CNN-163618|2011-03-20|STATE OF THE UNION WITH CANDY CROWLEY|cl11|-;NPR-12675|2012-03-15|Talk of the Nation|cl23|S;NPR-27612|2012-08-03|Morning Edition|cl26|S;NPR-25977|2013-05-14|Morning Edition|cl25|-;CNN-277575|2016-02-25|WORLD RIGHT NOW WITH HALA GORANI|cl12|-;CNN-277589|2016-02-26|CNN NEWSROOM|cl13|-;NPR-6303|2017-06-19|All Things Considered|cl41|S;CNN-339538|2018-05-08|HALA GORANI TONIGHT|cl14|-;CNN-352048|2018-10-12|AT THIS HOUR|cl15|-;CNN-352559|2018-10-18|CNN NEWSROOM|cl15|-;CNN-366928|2019-04-11|HALA GORANI TONIGHT|cl16|-;CNN-373012|2019-06-22|CNN NEWSROOM|cl17|-;CNN-380478|2019-09-15|CONNECT THE WORLD|cl18|-;CNN-389594|2020-01-06|CNN NEWSROOM|cl19|-
C00031,Abderrahim Foukara,has-page,9,13,0,3124,9,2010-09-23,2019-04-13,0.7692,6,5569,1,,,ABDERRAHIM FOUKARA,3,WASHINGTON BUREAU CHIEF AL JAZEERA / AL JAZEERA / D C BUREAU CHIEF AL JAZEERA,no,"clean: no staff evidence, full name, no duplicate inflation",CNN-77911|2003-10-10|DIPLOMATIC LICENSE|cl3|-;NPR-4178|2010-09-23|Talk of the Nation|cl11|S;CNN-161502|2011-01-30|CNN RELIABLE SOURCES|cl1|-;CNN-163313|2011-03-13|FAREED ZAKARIA GPS|cl2|-;NPR-3957|2014-09-28|Weekend Edition Sunday|cl10|-;NPR-6070|2015-10-03|All Things Considered|cl12|S;NPR-23638|2015-11-14|All Things Considered|cl9|S;NPR-23492|2015-11-29|All Things Considered|cl8|S;NPR-21408|2016-07-16|All Things Considered|cl7|S;NPR-7535|2017-02-17|All Things Considered|cl13|S;NPR-18919|2017-04-08|All Things Considered|cl6|S;NPR-14731|2017-11-25|All Things Considered|cl5|S;NPR-10959|2019-04-13|All Things Considered|cl4|S
C00856,Guy Benson,has-page,9,12,0,721,9,2017-06-09,2019-05-31,0.75,4,4376,1,,,GUY BENSON,3,END OF DISCUSSION CO AUTHOR / CONTRIBUTOR FOX NEWS / FOX NEWS,no,"clean: no staff evidence, full name, no duplicate inflation",CNN-257559|2015-06-17|CNN TONIGHT|cl1|-;NPR-17945|2017-06-09|All Things Considered|cl8|S;NPR-15799|2017-09-08|All Things Considered|cl7|S;NPR-14501|2017-12-08|All Things Considered|cl6|S;NPR-48540|2018-03-09|All Things Considered|cl11|S;NPR-47651|2018-04-13|All Things Considered|cl10|S;NPR-7011|2018-08-10|All Things Considered|cl12|S;NPR-2336|2018-11-09|All Things Considered|cl9|S;CNN-359688|2019-01-17|NEWS STREAM|cl2|-;NPR-12610|2019-03-29|All Things Considered|cl5|S;CNN-369598|2019-05-14|CONNECT THE WORLD|cl3|-;NPR-10266|2019-05-31|All Things Considered|cl4|S
C00326,Bill Fletcher,has-page,8,11,1,861,8,2005-09-06,2008-01-15,0.7273,4,7131,1,,,"Mr. BILL FLETCHER (Former President, TransAfrica Forum)",6,FORMER PRESIDENT TRANSAFRICA FORUM / SENIOR SCHOLAR INSTITUTE FOR POLICY STUDIES FORMER PRESIDENT TRANSAFRICA FORUM / FORMER EXECUTIVE AFL CIO TRANSAFRICA FORUM / FORMER PRESIDENT TRANSAFRICA FORUM SENIOR SCHOLAR INSTITUTE FOR POLICY STUDIES,no,1 re-airings collapsed,NPR-46908|2005-09-06|News & Notes|cl6|S;CNN-107147|2006-06-15|LIVE FROM...|cl1|-;CNN-107156|2006-06-15|LOU DOBBS TONIGHT|cl2|-;CNN-107170|2006-06-15|YOUR WORLD TODAY|cl2|-;NPR-2733|2007-01-03|News & Notes|cl4|S;NPR-863|2007-09-04|News & Notes|cl9|S;NPR-6785|2007-10-02|News & Notes|cl7|S;NPR-7249|2007-10-09|News & Notes|cl8|S;NPR-361|2007-10-23|News & Notes|cl5|S;NPR-88|2007-11-13|News & Notes|cl10|S;NPR-12804|2008-01-15|News & Notes|cl3|S
C02510,Walter Mosley,has-page,7,10,0,4532,7,2005-09-21,2018-02-17,0.8,7,6059,1,,,WALTER MOSLEY,4,AUTHOR / AUTHOR EASY RAWLINS SERIES / AUTHOR CINNAMON KISS / AUTHOR LITTLE SCARLET,no,"clean: no staff evidence, full name, no duplicate inflation",CNN-13874|2000-08-14|Morning News|cl1|-;CNN-16842|2000-09-29|Newsroom/World View|cl2|-;NPR-46827|2005-09-21|News & Notes|cl4|S;NPR-474|2007-10-17|News & Notes|cl5|S;NPR-8219|2009-03-20|Day to Day|cl9|-;NPR-5148|2010-07-05|Talk of the Nation|cl7|S;NPR-8755|2013-05-13|Talk of the Nation|cl10|S;NPR-21325|2015-08-13|Morning Edition|cl3|S;NPR-5979|2016-07-28|Morning Edition|cl8|S;NPR-49020|2018-02-17|All Things Considered|cl6|S
C00343,Bob Inglis,has-page,7,16,0,2450,7,2010-07-14,2017-03-29,0.4375,12,6256,1,,,"Representative BOB INGLIS (Republican, South Carolina)",9,REPUBLICAN SOUTH CAROLINA / SOUTH CAROLINA / FORMER U S CONGRESSMAN / FOMER SOUTH CAROLINA CONGRESSMAN,no,"clean: no staff evidence, full name, no duplicate inflation",NPR-4954|2010-07-14|Talk of the Nation|cl16|S;NPR-35092|2010-07-18|All Things Considered|cl14|S;CNN-154006|2010-08-05|RICK'S LIST|cl1|-;CNN-155859|2010-09-21|AMERICAN MORNING|cl2|-;NPR-3400|2010-12-03|Talk of the Nation|cl13|S;NPR-32287|2011-12-24|All Things Considered|cl12|S;NPR-354|2012-01-11|Talk of the Nation|cl15|S;NPR-11797|2015-12-05|Weekend Edition Saturday|cl10|S;CNN-298358|2016-11-16|THE LEAD WITH JAKE TAPPER|cl3|-;NPR-15482|2017-03-29|Morning Edition|cl11|S;CNN-314067|2017-06-09|ERIN BURNETT OUTFRONT|cl4|-;CNN-314103|2017-06-10|CNN NEWSROOM|cl5|-;CNN-315076|2017-06-23|AT THIS HOUR|cl6|-;CNN-315868|2017-07-03|CNN'S AMANPOUR|cl7|-;CNN-321017|2017-09-12|CNN TONIGHT|cl8|-;CNN-371436|2019-06-04|CNN'S AMANPOUR|cl9|-
C00298,Ben Zimmer,has-page,7,13,1,1893,7,2010-12-30,2016-03-06,0.8462,6,6174,1,,,BEN ZIMMER,2,COLUMNIST THE NEW YORK TIMES MAGAZINE / LINGUIST,no,1 re-airings collapsed,NPR-30301|2010-12-30|Morning Edition|cl9|S;NPR-3107|2011-01-13|Talk of the Nation|cl11|S;NPR-1399|2011-09-06|Talk of the Nation|cl3|S;NPR-10776|2012-06-14|Talk of the Nation|cl2|S;NPR-27481|2012-08-24|Morning Edition|cl7|-;NPR-30937|2012-09-02|All Things Considered|cl10|S;NPR-46180|2013-03-03|Weekend Edition Sunday|cl12|S;NPR-28295|2013-10-25|All Things Considered|cl8|-;NPR-23068|2014-11-28|Morning Edition|cl6|-;NPR-22638|2016-03-06|All Things Considered|cl5|S;NPR-19609|2016-04-27|Morning Edition|cl4|-;CNN-303539|2017-01-20|CNN 10|cl1|-;CNN-303558|2017-01-20|CNN TONIGHT|cl1|-
C00695,Douglas Kmiec,has-page,7,18,0,998,7,2005-07-01,2008-03-25,0.4444,10,4185,1,,,Professor DOUGLAS KMIEC (Pepperdine University),11,PEPPERDINE UNIVERSITY / CONSTITUTIONAL LAW PEPPERDINE UNIVERSITY / PROFESSOR OF LAW PEPPERDINE UNIVERSITY / PROFESSOR OF CONSTITUTIONAL LAW PEPPERDINE UNIVERSITY,no,"clean: no staff evidence, full name, no duplicate inflation",CNN-20879|2000-11-30|Morning News|cl5|-;CNN-20979|2000-12-01|Special Event|cl6|-;CNN-21446|2000-12-10|Sunday|cl7|-;CNN-43766|2001-11-15|CNN CROSSFIRE|cl8|-;CNN-44614|2001-11-29|CNN LIVE AT DAYBREAK|cl9|-;CNN-89238|2004-10-26|PAULA ZAHN NOW|cl10|-;NPR-6621|2005-07-01|All Things Considered|cl18|S;NPR-40927|2005-07-04|Morning Edition|cl15|S;NPR-43725|2005-09-05|All Things Considered|cl17|S;NPR-15338|2005-10-17|Day to Day|cl13|-;NPR-39126|2006-03-22|Morning Edition|cl14|S;NPR-13408|2006-05-04|Day to Day|cl12|S;NPR-41840|2006-09-23|All Things Considered|cl16|S;CNN-120279|2007-09-30|CNN NEWSROOM|cl1|-;CNN-120298|2007-10-01|CNN NEWSROOM|cl2|-;CNN-120299|2007-10-01|CNN NEWSROOM|cl3|-;NPR-1224|2008-03-25|Day to Day|cl11|S;CNN-138296|2009-05-16|CNN NEWSROOM|cl4|-
C01679,Matthew Yglesias,has-page,7,8,0,798,7,2017-06-09,2019-08-16,1.0,1,3482,1,,,MATTHEW YGLESIAS,0,,no,"clean: no staff evidence, full name, no duplicate inflation",NPR-18478|2017-05-12|All Things Considered|cl4|-;NPR-17945|2017-06-09|All Things Considered|cl3|S;NPR-13942|2017-12-29|All Things Considered|cl2|S;NPR-13451|2018-01-19|All Things Considered|cl1|S;NPR-47756|2018-04-06|All Things Considered|cl7|S;NPR-46056|2018-06-29|All Things Considered|cl6|S;NPR-391|2019-02-15|All Things Considered|cl5|S;NPR-6447|2019-08-16|All Things Considered|cl8|S
C01715,Meri Nana-Ama Danquah,has-page,7,7,0,547,7,2006-08-28,2008-02-26,1.0,1,3836,1,,,Ms. MERI NANA-AMA DANQUAH (Essayist),3,ESSAYIST / NEW U S CITIZEN / AUTHOR,no,"clean: no staff evidence, full name, no duplicate inflation",NPR-4091|2006-08-28|News & Notes|cl7|S;NPR-2605|2007-01-15|News & Notes|cl6|S;NPR-2271|2007-02-20|News & Notes|cl5|S;NPR-2187|2007-02-27|News & Notes|cl4|S;NPR-2139|2007-03-06|News & Notes|cl3|S;NPR-1289|2007-07-13|News & Notes|cl2|S;NPR-11061|2008-02-26|News & Notes|cl1|S
C01528,Lonnie Bunch,has-page,6,13,0,4485,6,2005-06-14,2017-09-24,0.4615,8,3704,1,,,LONNIE BUNCH,9,DIRECTOR NATIONAL MUSEUM OF AFRICAN AMERICAN HISTORY AND CULTURE / NATIONAL MUSEUM OF AFRICAN AMERICAN HISTORY AND CULTURE / PRESIDENT CHICAGO HISTORICAL SOCIETY / CHICAGO HISTORICAL SOCIETY,no,"clean: no staff evidence, full name, no duplicate inflation",CNN-33700|2001-06-29|CNN NEWS SITE|cl4|-;CNN-53436|2002-04-30|CNN STUDENT NEWS|cl7|-;NPR-47757|2005-06-14|News & Notes|cl12|S;NPR-502|2007-10-09|News & Notes|cl13|S;NPR-35090|2010-07-18|All Things Considered|cl11|S;NPR-32743|2011-07-16|All Things Considered|cl10|S;CNN-181528|2012-02-22|STARTING POINT WITH SOLEDAD O'BRIEN|cl1|-;NPR-21836|2015-06-01|Morning Edition|cl9|S;CNN-294257|2016-09-17|CNN NEWSROOM|cl2|-;CNN-294821|2016-09-24|CNN NEWSROOM|cl3|-;NPR-15437|2017-09-24|All Things Considered|cl8|S;CNN-403198|2020-06-19|CNN'S AMANPOUR|cl5|-;CNN-406523|2020-07-26|CNN NEWSROOM|cl6|-
C00238,Ariel Dorfman,has-page,6,6,0,4415,6,2006-05-08,2018-06-09,1.0,2,8813,1,,,ARIEL DORFMAN,4,LITERATURE AND LATIN AMERICAN STUDIES DUKE UNIVERSITY AUTHOR PLAYWRIGHT / PLAYWRIGHT POET NOVELIST / AUTHOR DESERT MEMORIES / PROFESSOR OF LITERATURE AND LATIN AMERICAN STUDIES DUKE UNIVERSITY,no,"clean: no staff evidence, full name, no duplicate inflation",NPR-18289|2006-05-08|Talk of the Nation|cl3|S;NPR-18074|2006-06-22|Talk of the Nation|cl2|S;NPR-17556|2006-09-25|Talk of the Nation|cl1|S;NPR-4369|2010-09-13|Talk of the Nation|cl4|S;NPR-602|2011-12-19|Talk of the Nation|cl6|S;NPR-46430|2018-06-09|All Things Considered|cl5|S
C02223,Simon Johnson,has-page,6,28,0,3545,6,2008-11-10,2018-07-26,0.7857,9,5015,1,,,SIMON JOHNSON,13,ENTREPRENEURSHIP SLOAN SCHOOL OF MANAGEMENT MIT SENIOR FELLOW PETERSON INSTITUTE FOR INTERNATIONAL ECONOMICS / ECONOMICS MIT CO FOUNDER BASELINESCENARIO COM / ECONOMICS MASSACHUSETTS INSTITUTE OF TECHNOLOGY / FORMER CHIEF ECONOMIST INTERNATIONAL MONETARY FUND,no,"clean: no staff evidence, full name, no duplicate inflation",NPR-38773|2008-09-26|All Things Considered|cl26|-;NPR-38629|2008-10-09|All Things Considered|cl25|-;NPR-16086|2008-10-25|Weekend Edition Saturday|cl10|-;NPR-38430|2008-10-29|All Things Considered|cl24|-;NPR-38367|2008-11-10|All Things Considered|cl23|S;NPR-33958|2008-11-25|Morning Edition|cl19|-;CNN-134311|2009-01-22|CNN NEWSROOM|cl1|-;NPR-37623|2009-02-07|All Things Considered|cl22|S;NPR-15502|2009-02-08|Weekend Edition Sunday|cl9|-;NPR-37206|2009-04-04|All Things Considered|cl21|-;NPR-32895|2009-05-08|Morning Edition|cl18|-;NPR-6705|2009-05-12|Morning Edition|cl28|-;CNN-146952|2010-01-12|THE SITUATION ROOM|cl2|-;NPR-36081|2010-01-31|All Things Considered|cl20|S;NPR-32126|2010-02-09|Morning Edition|cl17|-;NPR-32044|2010-03-01|Morning Edition|cl16|-;CNN-150002|2010-04-13|QUEST MEANS BUSINESS|cl3|-;NPR-29510|2011-05-17|Morning Edition|cl14|-;CNN-172855|2011-09-23|AMERICAN MORNING: WAKE UP CALL|cl4|-;NPR-28383|2011-12-15|Morning Edition|cl13|-;CNN-179877|2012-01-23|STARTING POINT WITH SOLEDAD O'BRIEN|cl5|-;NPR-28282|2012-02-03|Morning Edition|cl12|-;NPR-30270|2012-12-13|All Things Considered|cl15|-;NPR-12291|2013-08-17|Weekend Edition Saturday|cl8|S;NPR-12139|2014-04-12|Weekend Edition Saturday|cl7|S;NPR-24690|2015-04-09|All Things Considered|cl11|-;NPR-45333|2018-07-26|All Things Considered|cl27|S;CNN-384484|2019-11-01|CNN NEWSROOM|cl6|-
C01158,Jill Lepore,has-page,6,9,1,3391,6,2009-05-31,2018-09-12,0.6667,4,5411,1,,,JILL LEPORE,4,HISTORIAN / HARVARD UNIVERSITY / AUTHOR / STAFF WRITER THE NEW YORKER,no,1 re-airings collapsed,NPR-36863|2009-05-31|All Things Considered|cl6|S;NPR-44971|2010-04-29|Talk of the Nation|cl7|S;NPR-30826|2012-09-19|All Things Considered|cl4|S;CNN-295020|2016-09-27|CNN'S AMANPOUR|cl1|-;NPR-6936|2017-05-23|Morning Edition|cl8|S;NPR-18058|2017-06-03|All Things Considered|cl3|S;NPR-3196|2018-09-12|Morning Edition|cl5|S;CNN-351838|2018-10-09|CNN'S AMANPOUR|cl2|-;CNN-357986|2018-12-27|CNN'S AMANPOUR|cl2|-
C00646,Deborah Lipstadt,has-page,6,13,3,2832,6,2011-05-18,2019-02-17,0.4615,6,5201,1,,,DEBORAH LIPSTADT,7,JEWISH AND HOLOCAUST STUDIES EMORY UNIVERSITY / AUTHOR ANTISEMITISM HERE AND NOW / EMORY UNIVERSITY / PROFESSOR OF MODERN JEWISH AND HOLOCAUST STUDIES AT EMORY UNIVERSITY,no,3 re-airings collapsed,CNN-6178|2000-04-11|CNN Today|cl4|-;CNN-139312|2009-06-11|CNN NEWSROOM|cl1|-;NPR-1930|2011-05-18|Talk of the Nation|cl5|S;NPR-48534|2011-10-09|Weekend Edition Sunday|cl9|S;NPR-20092|2016-11-27|All Things Considered|cl6|S;NPR-47396|2018-04-15|All Things Considered|cl8|S;CNN-353343|2018-10-29|CNN NEWSROOM|cl2|-;CNN-353346|2018-10-29|CNN NEWSROOM|cl2|-;NPR-2698|2018-10-29|All Things Considered|cl7|S;CNN-360938|2019-02-01|CNN'S AMANPOUR|cl3|-;NPR-7207|2019-02-17|All Things Considered|cl10|S;CNN-370925|2019-05-29|CNN'S AMANPOUR|cl3|-;CNN-389094|2019-12-30|CNN NEWSROOM|cl2|-
C02008,Robert Kagan,has-page,6,22,3,2778,6,2006-10-19,2014-05-28,0.4091,11,12091,1,,,ROBERT KAGAN,10,AUTHOR DANGEROUS NATION SENIOR ASSOCIATE CARNEGIE ENDOWMENT FOR INTERNATIONAL PEACE / AUTHOR THE RETURN OF HISTORY AND THE END OF DREAMS / CARNEGIE ENDOWMENT FOR INTERNATIONAL PEACE / SENIOR FELLOW BROOKINGS INSTITUTION,no,3 re-airings collapsed,"CNN-42807|2001-10-30|CNN WOLF BLITZER REPORTS|cl8|-;CNN-66559|2003-02-09|CNN NEWSNIGHT AARON BROWN|cl9|-;CNN-83030|2004-03-17|AMERICAN MORNING|cl10|-;NPR-43723|2005-09-06|All Things Considered|cl16|-;CNN-111088|2006-10-10|LOU DOBBS TONIGHT|cl1|-;NPR-17472|2006-10-19|Talk of the Nation|cl12|S;NPR-13858|2008-06-16|Talk of the Nation|cl11|S;NPR-39253|2008-08-11|All Things Considered|cl15|S;CNN-129796|2008-08-16|THIS WEEK IN POLITICS|cl2|-;CNN-129815|2008-08-17|THIS WEEK IN POLITICS|cl2|-;NPR-33124|2009-04-03|Morning Edition|cl14|-;CNN-150180|2010-04-19|CNN'S AMANPOUR|cl3|-;CNN-150315|2010-04-23|CNN'S AMANPOUR|cl3|-;CNN-150358|2010-04-25|CNN'S AMANPOUR|cl3|-;CNN-161907|2011-02-09|JOHN KING, USA|cl4|-;CNN-161933|2011-02-10|CNN BREAKING NEWS|cl5|-;CNN-162496|2011-02-23|JOHN KING, USA|cl6|-;NPR-847|2011-11-10|Talk of the Nation|cl19|S;NPR-6187|2012-11-29|Talk of the Nation|cl17|S;NPR-28781|2013-07-09|All Things Considered|cl13|-;NPR-7107|2014-05-28|All Things Considered|cl18|S;CNN-351005|2018-09-27|CNN'S AMANPOUR|cl7|-"
C01328,Juan Zarate,has-page,6,31,0,2236,6,2011-07-06,2017-08-19,0.4516,12,4850,1,,,JUAN ZARATE,17,FORMER DEPUTY NATIONAL SECURITY ADVISOR / SENIOR ADVISER CENTER FOR STRATEGIC AND INTERNATIONAL STUDIES / TRANSNATIONAL THREATS PROJECT AND HOMELAND SECURITY AND COUNTERTERRORISM PROGRAM / U S TREASURY DEPT,no,"clean: no staff evidence, full name, no duplicate inflation",CNN-79815|2003-12-02|CNN WOLF BLITZER REPORTS|cl13|-;CNN-79894|2003-12-05|AMERICAN MORNING|cl14|-;CNN-80107|2003-12-11|INSIGHT|cl15|-;CNN-90812|2004-12-23|PAULA ZAHN NOW|cl16|-;CNN-91629|2005-01-25|LOU DOBBS TONIGHT|cl17|-;NPR-32316|2009-12-02|Morning Edition|cl28|-;NPR-31195|2010-08-04|Morning Edition|cl27|-;NPR-33484|2011-03-30|All Things Considered|cl31|-;NPR-33286|2011-05-02|All Things Considered|cl30|-;NPR-32820|2011-07-06|All Things Considered|cl29|S;NPR-26913|2012-12-06|Morning Edition|cl24|-;NPR-29966|2013-01-28|All Things Considered|cl26|-;NPR-26196|2013-04-16|Morning Edition|cl23|S;CNN-214220|2013-09-09|ERIN BURNETT OUTFRONT|cl1|-;CNN-224537|2014-02-07|THE LEAD WITH JAKE TAPPER|cl2|-;CNN-227106|2014-03-23|FAREED ZAKARIA GPS|cl3|-;CNN-230388|2014-05-12|ERIN BURNETT OUTFRONT|cl4|-;CNN-232835|2014-06-18|ERIN BURNETT OUTFRONT|cl5|-;NPR-26970|2014-06-18|All Things Considered|cl25|S;CNN-236495|2014-08-12|ERIN BURNETT OUTFRONT|cl6|-;CNN-236601|2014-08-13|QUEST MEANS BUSINESS|cl7|-;CNN-237379|2014-08-25|ERIN BURNETT OUTFRONT|cl8|-;CNN-238673|2014-09-11|QUEST MEANS BUSINESS|cl9|-;NPR-26167|2014-09-28|All Things Considered|cl22|S;CNN-240425|2014-10-06|QUEST MEANS BUSINESS|cl10|-;NPR-24570|2015-04-23|All Things Considered|cl21|-;CNN-259648|2015-07-14|QUEST MEANS BUSINESS|cl11|-;CNN-274214|2016-01-18|QUEST MEANS BUSINESS|cl12|-;NPR-21956|2016-05-21|All Things Considered|cl20|S;NPR-16336|2017-08-18|All Things Considered|cl19|-;NPR-11397|2017-08-19|Weekend Edition Saturday|cl18|S
C01504,Leslie Gelb,has-page,6,20,2,2133,6,2005-08-11,2011-06-14,0.45,14,4293,1,,,"Mr. LESLIE GELB (President Emeritus, Council on Foreign Relations)",5,PRESIDENT EMERITUS COUNCIL ON FOREIGN RELATIONS / PRESIDENT EMERITUS COUNCIL OF FOREIGN RELATIONS / COUNCIL ON FOREIGN RELATIONS / COUNCIL OF FOREIGN RELATIONS,no,2 re-airings collapsed,CNN-80148|2003-12-12|PAULA ZAHN NOW|cl3|-;CNN-82651|2004-03-03|AMERICAN MORNING|cl4|-;CNN-90479|2004-12-12|CNN IN THE MONEY|cl5|-;CNN-90966|2004-12-30|JUDY WOODRUFF'S INSIDE POLITICS|cl6|-;CNN-92233|2005-02-17|LOU DOBBS TONIGHT|cl7|-;NPR-19452|2005-07-09|Weekend Edition Saturday|cl11|-;CNN-96104|2005-07-15|CNN NEWSNIGHT AARON BROWN|cl8|-;CNN-96293|2005-07-22|CNN PRESENTS|cl9|-;NPR-43868|2005-08-11|All Things Considered|cl18|S;CNN-98681|2005-10-15|CNN PRESENTS|cl9|-;CNN-98704|2005-10-16|CNN PRESENTS|cl9|-;NPR-14970|2005-12-14|Day to Day|cl10|S;NPR-39766|2005-12-28|Morning Edition|cl16|-;NPR-33698|2009-01-01|Morning Edition|cl14|S;NPR-3986|2010-10-11|Talk of the Nation|cl17|S;NPR-34189|2010-12-16|All Things Considered|cl15|S;CNN-161763|2011-02-05|CNN SATURDAY MORNING NEWS|cl1|-;CNN-163686|2011-03-22|CNN NEWSROOM|cl2|-;NPR-33084|2011-06-04|All Things Considered|cl13|-;NPR-33033|2011-06-14|All Things Considered|cl12|S
C01675,Matthew Continetti,has-page,6,14,1,1737,6,2008-03-20,2012-12-21,0.5,8,3318,1,,,"Mr. MATTHEW CONTINETTI (Associate Editor, Weekly Standard)",8,ASSOCIATE EDITOR WEEKLY STANDARD / WEEKLY STANDARD / ASSOCIATE EDITOR THE WEEKLY STANDARD / JOURNALIST ASSOCIATE EDITOR THE WEEKLY STANDARD,no,1 re-airings collapsed,CNN-98278|2005-10-04|CNN NEWSNIGHT AARON BROWN|cl6|-;CNN-111721|2006-11-03|CNN LIVE EVENT/SPECIAL|cl1|-;NPR-41274|2007-04-01|All Things Considered|cl11|-;NPR-40607|2008-03-20|All Things Considered|cl10|S;NPR-39190|2008-08-15|All Things Considered|cl9|S;CNN-146234|2009-12-20|CNN RELIABLE SOURCES|cl2|-;NPR-45489|2010-03-10|Talk of the Nation|cl12|S;NPR-14207|2010-06-13|Weekend Edition Sunday|cl7|S;NPR-49486|2010-10-23|Weekend Edition Saturday|cl13|S;CNN-158533|2010-11-21|CNN RELIABLE SOURCES|cl3|-;CNN-168485|2011-07-03|CNN RELIABLE SOURCES|cl4|-;NPR-30221|2012-12-21|All Things Considered|cl8|S;CNN-255811|2015-05-24|CNN RELIABLE SOURCES|cl5|-;CNN-271044|2015-12-11|CNN NEWSROOM|cl5|-
C01747,Michele Flournoy,has-page,6,21,3,1734,6,2012-06-12,2017-03-12,0.4286,12,6558,1,,,MICHELE FLOURNOY,10,FORMER U S UNDERSECRETARY OF DEFENSE / UNDER SECRETARY OF DEFENSE 2009 2012 / INTERNATIONAL SECURITY EXPERT CENTER FOR STRATEGIC AND INTERNATIONAL STUDIES / CENTER FOR STRATEGIC & INTERNATIONAL STUDIES,no,3 re-airings collapsed,CNN-112575|2006-12-04|ANDERSON COOPER 360 DEGREES|cl1|-;CNN-112592|2006-12-04|LOU DOBBS TONIGHT|cl1|-;NPR-6177|2010-06-16|All Things Considered|cl16|-;NPR-10781|2012-06-12|Talk of the Nation|cl10|S;CNN-190243|2012-07-30|STARTING POINT WITH SOLEDAD O'BRIEN|cl2|-;CNN-193391|2012-09-27|THE SITUATION ROOM|cl3|-;CNN-194635|2012-10-22|THE SITUATION ROOM|cl4|-;NPR-9511|2013-02-12|Talk of the Nation|cl18|S;CNN-231496|2014-05-28|CNN'S AMANPOUR|cl5|-;NPR-7107|2014-05-28|All Things Considered|cl17|S;CNN-231648|2014-05-30|CNN'S AMANPOUR|cl5|-;NPR-2974|2015-03-22|Weekend Edition Sunday|cl15|-;CNN-255831|2015-05-24|STATE OF THE UNION|cl6|-;CNN-255834|2015-05-24|STATE OF THE UNION|cl6|-;NPR-21578|2015-07-09|Morning Edition|cl14|S;CNN-262222|2015-08-16|FAREED ZAKARIA GPS|cl7|-;NPR-21042|2015-09-29|Morning Edition|cl12|S;NPR-21133|2016-08-18|All Things Considered|cl13|-;CNN-302696|2017-01-08|STATE OF THE UNION|cl8|-;NPR-19145|2017-03-12|All Things Considered|cl11|S;CNN-389727|2020-01-07|NEW DAY|cl9|-
C01318,Joshua Mcelwee,has-page-fuzzy,6,6,0,1047,6,2014-09-24,2017-08-06,1.0,2,3079,1,,,JOSHUA MCELWEE,0,,no,"clean: no staff evidence, full name, no duplicate inflation",NPR-23464|2014-09-24|Morning Edition|cl6|S;NPR-23342|2014-10-14|Morning Edition|cl5|S;NPR-21169|2015-09-08|Morning Edition|cl4|S;NPR-21031|2015-10-01|Morning Edition|cl3|S;NPR-19998|2016-03-04|Morning Edition|cl2|S;NPR-10706|2017-08-06|Weekend Edition Sunday|cl1|S
C02171,Shadi Hamid,has-page,6,37,2,922,6,2011-02-07,2013-08-17,0.4054,12,8370,1,,,SHADI HAMID,16,DIRECTOR OF RESEARCH BROOKINGS DOHA CENTER / BROOKINGS INSTITUTION / FELLOW BROOKINGS INSTITUTION / BROOKINGS INSTITUTION CENTER FOR MIDDLE EAST POLICY,no,2 re-airings collapsed,NPR-2897|2011-02-07|Talk of the Nation|cl30|S;NPR-30043|2011-02-11|Morning Edition|cl32|-;NPR-2756|2011-02-24|Talk of the Nation|cl25|S;NPR-33570|2011-03-19|All Things Considered|cl35|-;CNN-163588|2011-03-20|CNN BREAKING NEWS|cl1|-;NPR-33564|2011-03-20|All Things Considered|cl34|-;NPR-29487|2011-05-19|Morning Edition|cl31|S;NPR-28453|2011-11-23|Morning Edition|cl27|-;NPR-27920|2012-05-24|Morning Edition|cl26|-;NPR-31541|2012-06-02|All Things Considered|cl33|S;CNN-201238|2013-02-14|CNN'S AMANPOUR|cl2|-;CNN-210066|2013-07-05|NEWS STREAM|cl3|-;NPR-28816|2013-07-06|All Things Considered|cl29|S;CNN-210240|2013-07-09|CNN'S AMANPOUR|cl4|-;NPR-25567|2013-07-09|Morning Edition|cl23|-;CNN-210391|2013-07-12|CNN'S AMANPOUR|cl4|-;NPR-28457|2013-08-17|All Things Considered|cl28|S;CNN-227200|2014-03-25|CNN'S AMANPOUR|cl5|-;CNN-236825|2014-08-17|FAREED ZAKARIA GPS|cl6|-;CNN-236827|2014-08-17|FAREED ZAKARIA GPS|cl6|-;CNN-237378|2014-08-25|ERIN BURNETT OUTFRONT|cl7|-;CNN-237833|2014-08-31|CNN NEWSROOM|cl8|-;CNN-238275|2014-09-06|NEW DAY SATURDAY|cl9|-;CNN-238781|2014-09-13|CNN NEWSROOM|cl10|-;CNN-239285|2014-09-20|CNN NEWSROOM|cl11|-;CNN-239767|2014-09-27|CNN NEWSROOM|cl12|-;NPR-25826|2014-11-16|All Things Considered|cl24|-;CNN-246894|2015-01-11|CNN NEWSROOM|cl13|-;CNN-249904|2015-02-22|FAREED ZAKARIA GPS|cl14|-;CNN-250302|2015-02-28|CNN NEWSROOM|cl15|-;CNN-259784|2015-07-16|CONNECT THE WORLD|cl16|-;CNN-286772|2016-06-16|THE SITUATION ROOM|cl17|-;CNN-286892|2016-06-18|CNN NEWSROOM|cl18|-;CNN-304243|2017-01-30|THE SITUATION ROOM|cl19|-;CNN-304988|2017-02-09|CNN NEWSROOM|cl20|-;NPR-18308|2017-05-21|All Things Considered|cl22|-;NPR-14696|2017-06-27|Morning Edition|cl21|-
C01870,Paul Glastris,has-page,6,9,0,882,6,2011-01-12,2013-06-12,0.6667,4,3851,1,,,PAUL GLASTRIS,5,EDITOR IN CHIEF THE WASHINGTON MONTHLY / EDITOR IN CHIEF WASHINGTON MONTHLY / EDITOR THE WASHINGTON MONTHLY / FORMER CLINTON SPEECHWRITER,no,"clean: no staff evidence, full name, no duplicate inflation",CNN-43348|2001-11-07|GREENFIELD AT LARGE|cl2|-;CNN-65991|2003-01-26|CNN SUNDAY MORNING|cl3|-;NPR-3106|2011-01-12|Talk of the Nation|cl5|S;NPR-2954|2011-01-25|Talk of the Nation|cl4|S;NPR-6620|2012-09-05|Talk of the Nation|cl6|S;NPR-9782|2013-01-16|Talk of the Nation|cl9|S;NPR-9504|2013-02-13|Talk of the Nation|cl8|S;NPR-8353|2013-06-12|Talk of the Nation|cl7|S;CNN-303481|2017-01-19|CNN NEWSROOM|cl1|-
